id,title
b7a63d86-9afe-44b6-b672-123d11bb8ae8,205/50R15 85V
3f04e6a4-3908-4366-9075-32098c238b7c,235/40R18
0d90c560-01d1-42d8-b8f3-67a70dc04831,245/50 R21
1fd0a13d-6bd9-4c8c-8bc9-cd029034d4df,185/55R15 81V
9079cdc9-8870-4ef1-a612-ee5d109700f5,145/SR12
b25b8d03-d35a-46e9-8f85-1739c1ce03a8,185/80R14
67b0b253-4dcd-49be-9f9b-d623af27b180,11.00R20
1b786e3f-399f-455f-9133-3639a3e5a0dc,F60-15
7ca3872b-acc1-4541-a1cf-2e20a092a92b,185/70R13
c7c29ea8-3352-4ba3-8d41-3fcb52abd3a8,155/70 R19
b5fb3e4a-699b-4148-b032-c6f3ab16d861,295/45 R20
c554f236-9293-464a-8708-fe9c95a26d8a,6.45S-14-4PR
fb656f37-f075-4cc4-8a86-51f1328d3077,215/65R16 96S
fd37f6dd-13ef-41f9-8d04-8002234359a8,225/60 R16
0c020765-1c62-457f-86e8-a964b8075982,6.00-14-6P
399cc6a1-5518-4c97-a3c1-8b0f934cfbe2,245/65R17
440decda-442d-477b-a3af-73abd9c0c2f5,175/80R13
6c1b5f8d-80bd-4d9f-9e29-d10d1a1e39f5,165/70R12
fc0a1751-a705-4163-923e-c85e69a5d501,C70H-14-4PR
611b27bf-398b-462f-8ccd-b556613c42c1,145/65R13
b9fa427b-a41d-4fae-9075-87ed55768b2a,205/50R17 89V
076ba8f1-8f5c-495a-880e-7bcecdb77538,215/50R16 90V
3410f786-5fe3-480a-a5f1-9e1622fa92a6,205/50R17
a14a891c-5391-4223-be85-96f09b1a1c69,GR70-15
ba75b58f-89eb-49a3-a47b-111dd3a4578d,8.15-15
94622206-6795-42d4-9210-7d2df990665f,285/45 R20
769170e6-1791-4628-813e-73e960f04a4e,225/80 R17
ab95ecb3-8e94-483c-91fa-9c72322a27f6,185/60R16
338c0542-87dd-48f4-907c-05d16eb95894,7.00R16
bcd967fd-d47a-42c7-a845-550272acef6d,145SR13
c97133d4-b762-4aa6-aa26-4c43cb91879e,255/55 R19
b2c5801c-54cb-45d2-85c2-d1ec47fe2bf1,195R14
e0edccca-9206-4056-99c1-42fcd9d70c18,225/45R19
4bb6596b-416f-4ae3-92c1-6c2e010199d9,Y78-13-6PRLT
17b94042-df8f-4815-af73-923a326b3074,285/60R18
faf0d199-5271-4b75-b571-d0993de4951c,255/70R15-LT
0f014ae9-d649-4a9a-a45c-7aa122ccf6b2,225/50R18
6341f99f-b16f-4054-87bf-3146268bccfd,E78x14
a080d974-c283-4a67-908b-8cc139d1ed07,255/45R18
cf90843d-399a-4f7f-9607-c68e2d685ee0,185/65 R14
a676000e-a9e0-4508-a76f-a233084a5615,285/45 R22
82d0cc5e-3c24-408c-b1f0-737959adbe67,225/50 ZR16
562002c6-e7bc-4163-b8a6-854501cfa495,225 R15
23c85436-5760-43eb-8ae0-f919b6b3c347,165/60R15 77H
71cfacf5-5bdf-4c19-824d-8f2bd9e3a3ea,195/50 VR15
6f57c802-d205-42ae-87ce-5e7b000b9144,185/75 R14
abc24051-3543-4980-a338-2ad93ad21fc5,275/50 R21
0eb47314-af0f-4225-b775-f2665ef1b175,165 S14
ce7b4113-366c-4848-947c-17863312e0c6,F70-15
d66ffdae-3704-433e-9e9e-ad68a93788ec,5.60S-13 4P
a7393907-0edb-4475-901c-312b1a9f056c,6.45-13-4PR
52b5924c-462a-47a1-9a88-ab97a655d493,235/55R17
58c7e96c-04fa-4dfb-b72c-8424b2d27109,195/55 R15 84V
c56cd4ac-cae9-421b-9e84-de6feb9b585c,205/60R16
27477519-98d9-43db-9e88-0108d5a54c8d,285/45 R19
714d292b-0121-4990-a012-86c3ff1c7990,215/45R17
a4f2e01e-078f-444c-81a1-15f4ecfb7761,195/45R17
c8a663d7-559c-4e1d-b10e-8446dbd5e414,255/55 R20
c66959a8-9d8e-4bbd-b9b0-d7499c3245a7,195/50R16
691e3c2f-8bd8-491a-b118-c1019f40f228,315/70 R17
e768bc12-8a5f-462c-bca7-f5ce6438a9f3,345/30 ZR21
32d2177d-72f7-49cf-916b-2e25a3bdce25,215R16
264a84ae-4d71-4713-bd61-05d4b1f28cc1,215/65 R16
ccfe35fb-008a-4283-9221-b6942e2b2d87,145 SR15
486ddbdd-04b3-4bbd-a2ea-61c3e3d990a7,245/40R20
55a2acba-9095-4d71-b3fc-7fe14733e83b,155/65R14
31ed79e6-26ab-47d3-8bce-452ac3486097,285/35 ZR 18
9043a49a-3630-4b83-b713-0b9748b356e0,185/55 R20
b42568b1-1674-4464-b2ab-7629643bc9e9,195/65 R14
9fe6eb93-998c-4c39-843c-b496c305ea63,195/60R16
81af06cb-62f3-4188-8654-9de849c1e737,265/30ZR19
89eddd77-7bd6-4c71-b40d-700947dbfe3a,205/60R17
6dc257d7-28fb-419f-9796-f823c030d5e3,7.00-13-4
07b3e87a-4349-4b2b-a1c9-d86224766317,195/55R15 83V
19917237-8293-48ed-bcca-58e436663daa,145/70SR12
01677bae-145e-4fae-b505-0196e6cc55d7,245/35ZR20
8f64824e-9953-4ce3-86f6-28d8f919e8fc,135/80R12 68S
0dbb0e32-c032-488a-85bf-7b0fbfb24ce2,285/35R19
ae27815f-ffbd-4dfc-b2b4-28840399ab81,245/40ZR19
392d7c81-8d78-40b7-a1c6-e9294a96beba,215/40ZR18
7688f60c-76bd-4785-8d7c-6e077003da3e,R19
5e9bd5b7-9706-46cb-96bc-80fa3d9c8eba,7.75S-14-4PR
764eb29a-d002-4869-817f-78b3efb6006f,165/70HR13
19148303-f566-45cc-a21d-cbe0d0b82f0c,16x5.5
2eecad55-eca9-48d0-86d6-3825c40249ed,265/35R18
da582739-c036-4499-8616-c8dcaf7a47b7,195/65 R15H
8ed2ca04-c381-4f10-a2f8-2d598021584c,145/65R13 69S
30527b58-9224-41d1-bc82-385761e0a08c,255/65 R18
f191c70d-4173-4eaa-9c10-97768a82566f,185/70R13 85S
1edcfa8f-60b7-4769-8201-e21a9ff4715f,155SR-13
b8821e18-2d6a-4565-be13-6cfb2074da06,215/65 R16 С106/104 T
e6df92de-3d6d-4d2f-aa61-59d70b5c8048,275/60 R18
92a2e62b-e0f1-4713-a84a-ff1ae0109e7d,165/90 R13
40ed3eef-79ae-4f6b-8461-8732ecad5f5a,215/60 R14
07db8010-139c-4486-a15d-a7ab79660d74,175/70SR13
f5cc9873-090b-4997-9dac-e2df50d1b387,195/60 R15H
c845d744-c2fb-4f95-a311-a413d43e4d99,195 R14
23f563fd-056d-467e-b474-714a955fd0ba,5.60-13-4PR
f8cfed4f-f157-4ff4-9268-b510830187e8,165/50R15 73V
4684c30d-0e8c-4ff5-9d04-461a99da96f6,195/80R15
35073ef9-575a-4612-9b88-d7070f4833c5,255/70R16
78e7d1f6-fbc7-44bc-a633-07dd83564b0b,5.60-13-4P
e986ba6c-e843-419d-9344-a91633d19c42,195/70R14
9bd751fc-aac7-42fe-8c41-4202ef531d0a,275/50 R22SL
5240b052-1ca1-4550-b64f-69a89580159b,6.45-13-4
bd31604c-4cd2-492a-b276-c4efcac860b4,195/55R15 84V
a1421a5a-994e-4a8c-b239-afc85223e5b3,185/75 R13
c46dedc6-4c69-48ba-8759-353863de968c,205/60HR15
37bf0934-5bed-4435-96fb-d9c99046d5c5,175SR13
3de61e6e-3c4b-4ca4-b00a-0293eac73403,165/65R13 76H
df4c32fa-af13-4aab-be39-19896b63fcc6,5.65-12-4PR
3184e952-1ec9-42f7-a6ef-558e22cec4ef,195/55R16 86V
8f576eab-04dc-4447-a116-6b13b27e999f,5.00-12-8PR ULT
5468b546-5dbc-4783-9135-38dd18517ccc,7.75-15
d3ecb7cb-414d-4739-8f59-d2b539b257ea,165/65 R15
2f9a61f7-3b20-4f34-8934-1a0d8092550b,175/65R 14 82S
ffeaea34-418a-45b1-9fc8-a0c130f40e93,205/50VR15
c2bfebd3-427e-4122-8922-5e1e1b0c6cab,5.00-10-4PRULT
45bea8f6-d4ee-42ab-b5ee-77ee85de2c09,205/80 R14
bb92f2db-cffd-4ed6-a9aa-c353d034b0d0,165 HR14
af649a6c-8984-4a3b-8819-0b06afe054a5,11R22.5 16PR
507cebdf-6bf5-418d-9af7-665dfb714927,205/55R17
ffc8528a-f1b9-4b52-9e3d-eacd2236f432,215 /65 R16
ec208923-3631-4506-b9ca-0606e10df736,255/60 R18
b729030d-3dce-4a5e-86c9-20e30cfbf3b2,315/30 ZR22
94291eff-5411-4993-af08-b69cfce7a2ca,6.95-14-4P
292b83e6-cd6d-400e-9cd0-26e4c34979a2,265/60 R20
71fc82e2-4d75-4b86-9b76-a195868e0c4e,155 TR13
3b1dc9e5-17fe-4449-abf6-777bdce9d712,R10-15
fe536fd2-8cbd-46fd-a2cd-bc8fa98e1363,7.25 S13
411cfe0b-1cad-490c-9089-e75ad427d273,255/30 R20
47411e2c-74ef-47eb-892b-a6d74343358f,G78-15
082234eb-d063-4977-a5e0-50fd2481287f,255/45 R19
42583785-f150-43a5-85ac-0433061dc149,165/70R12 77H
5f4540cf-168f-48b8-8e01-739bb4b344cb,235/65 R17
dcfc17b0-5015-48ee-8076-e5820bda518f,245/30 R19
ba513680-b1d6-40c7-b459-75d045323bbc,GR78-15
e9f8aaad-1b18-4e34-ba15-0df3c9a60b13,215/45 R14
81b9df17-d8db-4fc9-a483-f03069d82efe,6.45H-14-4
953ae7a0-85b6-4ddc-988c-d6033e851f59,215R15-6PRLT
aed0aa6e-84ab-4a1a-8d96-a808609c7165,175/70SR12
af5e9767-eca2-46f5-8e50-a100036a2af7,195/75 R 16C
39ba1a55-1b38-48c0-b987-1a29ff8dc09d,285/70 R17
4c878ace-225e-49e4-bd11-c199635afc96,205R16
ac003b50-b080-45f7-be77-2e0ec3fbd6b6,235/45 ZR18
566e1e1b-9a6f-48ba-9266-2c8db9a85053,255/45R20
3d18085b-075a-42eb-bcfa-834953b28fcd,215/75 R17.5
13b092c3-175d-4245-83d0-f18789e7e860,255/60 R16
da676dd2-380f-4fd8-8410-0c0acc593ada,6.40-14-4P
9b39637e-21e6-45c1-b66c-9d8918685ce1,5.60-13-6PR
55578d73-9c39-4fbe-a0f9-f5ee78e9600e,225/75 R18
475264f5-27e6-4cb0-9fe8-af27472f18e8,6.15S13-4PR
03690692-247d-441b-bc23-332f00b270dc,255/65 R19
28310d34-b87a-4607-b449-5f60ca30eb15,145/80R13
b4304cba-73eb-4d99-8d4d-77cdaa6712c8,195/50R15 81V
e04c0fcf-f345-4c04-a9c5-5679719ef549,195/55R15
cc9306e2-1caf-492a-af1e-5a445498566d,205/50ZR15
cb1115da-8427-43ce-831f-89179c1bcc07,8.20-15
c64bb389-d713-4a71-a1de-277ff0885c82,P205/65TR15
41b7d442-9e73-44ae-aec6-4ba0dcf69495,155R13-6PRLT
74792d2c-aed0-4c79-8b29-aa12f6ef3342,6.50 - 16 LT
3391422d-d120-4aeb-837f-d72faba34e34,145R12-8PR LT
c1e78f3c-27ab-4d2b-9c77-79a3c88665f5,295/35ZR21
c109391c-88b3-4456-9d0d-fd57c8780b90,165/65R14 72V
30d1ee31-58ee-44c7-8921-2b52c3d317d6,7.00-13-4P(6P)
5a40d132-b9b1-44eb-ac6f-edd7b1ee0c61,225/55R18 97H
84216100-0dd3-4216-8129-2720f9b4f1ad,P205/60HR16
39ba25d0-8728-422e-9311-a2d6c06aedd4,295/35 ZR18
0db901dd-1c58-4a39-a59a-1a60563d1ab7,195/70R15LT
1436f825-fdd3-40e5-875e-029c65ca1dc9,7.00-13-4PR
06433c98-82b5-4ff7-853b-ef49f37bfb37,215/65R16 95H
70c16761-56e8-446f-a590-60448a3ccad9,245/60R18
a47cef5b-4bbe-499c-aa13-5ab57f40127a,175/60 R15
a48051e5-d215-4c34-93da-4ce05316dca8,245/45 VR20
ab99edd0-e718-422e-b709-0c08519e7719,7.00-15-6PRLT
9f3226db-fd0f-4990-beb9-5df647fd857b,265/35ZR20
78315dca-cd5d-417f-a73a-19c4f7c84a45,195//65 R15
435608b8-428c-403c-9a4b-e9b8a833f82f,165SR14
cd33bf87-16d8-4a9c-8883-1f1580146381,165/65 R13 70H
6c6c0a5a-a13e-415f-a1f3-e08364305a4b,275/30 R21
fb25f70e-1ef7-45bb-baa9-99283b212400,165/55R14
94be0f17-6812-4659-ae11-4844eb6c65a0,245/40R19 94W
a8d94d35-6346-4aad-86d9-064b0d234b96,5.00-12-4PLT
1b87c19d-864c-4c04-a457-b8d811c41364,215/60 R17 107/109T
30ef6708-7ff5-4321-a01a-ace05f6db849,335/30 ZR18
4efb8f23-7d2d-4092-b039-9959d090f53e,225/70 R15
9b605d67-9b86-4a39-9650-aee0fe7f76f0,275/30 ZR20
55717dfd-3672-4536-8342-187200571398,175/70 HR14
69ea8d7e-5c0d-4d58-8682-2ad9f19d2747,225/60 TR17
3947a3e5-97a2-448e-b2b2-0bb93636cf38,165/60R12 70H
444a1243-3924-4e89-bb55-b9814a848d02,255/45 R18
0be46825-37f5-4fc9-bc8e-1cf83f8564e3,255/60 R18 (опция 285/45 R20)
8ae5ba6f-b58c-4c9e-a3c5-b350363dfe59,255/45 R20
221f4cc1-9fc3-4ba7-bf44-f041bb388ff4,6.45S-13-4PR
d29f66a7-c376-4186-bc29-0f16f96c747f,265/65R18 114V
aee80576-682e-4cd9-b0e7-f65d1429e976,165/65R13 77S
5da5fa92-ed58-4baa-848e-756fc077be21,275/40 ZR19
1db3aa1e-b8dc-404e-9da0-861a45df36a6,A78-13-4PR
1968baf7-1b21-44b9-b1ce-da367494fe43,235/55 R19 105T
f61c1752-91e1-4f94-8c45-89dd32d227dd,155R12-6PRLT
b6c69d2c-90e4-4eac-94c8-32bfab3537fc,175/60 R19
ad89a02b-0005-4001-aeab-a9e6a38cc1c7,215/50R15 88V
e80d7d13-098b-4c9d-9a27-1069baa3a9a1,235/35 R19
106d9375-0f03-488d-bf44-0584d8dc36a5,205/75 R16
7928f858-1b60-4c4c-bcd4-fc2b0db76f6f,275/35 R19
c1ca9ca6-4a26-4233-a3ca-fd1608092461,255/50 ZR18
b7fe4e1d-f5ec-4a02-9a3b-8b042f5b3d4f,235/40R19
1634ca76-86ac-4e05-bce3-02fe42bf610a,LT7.50R16
1374e96b-0292-43d9-b12f-4080bcc24da0,145/65R15
cbef3e47-05ba-4763-99a7-fb122178c851,5.00-12-8PRLT
d529100c-a2c4-4b39-8bda-b319bf4e4bff,195/65R15 91H
2a5ccb50-0726-4aa3-bb07-511a9b892640,7.00-16
802137c6-7700-42e5-82fd-dc8726e94a1f,205/55R15 87V
070ff2c7-4597-40eb-9db2-26aff57e0b9d,155/60R13
d4799cce-7d2e-453e-a830-affff88fce70,12.00 R20
42a1ac41-6021-4390-8f5a-5cc7df77f775,6.50-14-8
f905caf5-8343-4d9c-beeb-24afaffbde68,215 /55 R17
872a421b-f720-4077-a464-547efb690818,215/65 R16 102H xl
8d6bc42e-0698-43e0-bcdc-5d8b378015d1,215/60R17 96H
f253b1ea-5d16-40dd-9cca-ccb2e6acc1ba,315/70 R22.5
3beed3b8-1786-4725-bfb3-5c94c01c4ce2,HR70-15
b3c5dc29-70c7-4fb7-a43b-2eead0e511de,285/45 TR22
3fd95374-5a57-4b02-aaf2-c67cbe8f6f30,205/70R15 95Q
eac27902-e043-4715-9d70-9100e603c4f3,235/65 R18
d073b47e-37e1-41d0-a570-09e5b8d2b45d,170SR14
197248be-194a-4ef9-b51f-d9402b09c34d,6.2-13-6PR
90153426-39e4-4589-bb31-bb13be708d76,6.00-12-14PR
e1b12c38-32df-467f-a303-a635aa566a34,295/30 ZR18
6b5fd771-1896-4673-9e03-a9dd34e24278,205 / 45 / R17
c40c7eb6-6f9c-469b-8441-25da406a32f3,265/35 R18
9c8e662f-6fd5-49ff-a44c-cffca5fa0ec3,6.50x16LT
7bec9fe8-f67a-48c7-934c-4b31fa266b92,6.00-13-8PLT
7eec30c2-383b-42bb-b659-3fb612ce5dc1,205/70 R15
6a67529a-4ca1-45bc-97f1-8eb4f6ade391,315/30 ZR18
55b0158e-b5a2-46cb-944c-4efb4165550b,255/35 R18
26e2f09b-3a48-4f68-aea7-0a0bc93300df,205/70R14
f0d7e9e8-50d4-4f06-802e-24203774256b,165/80R13
fcdd1288-f270-40d1-b44a-e8b64abc424c,225/60 VR16
b7c0e154-6ce5-4678-8868-53aa079d300c,275/70 R16
07d6202f-019e-496c-99ab-4ed7d1d8d254,225/50R18 95V
3daffad2-cb6d-472c-a140-f1b706310583,245/65 R17
3b7c006a-0b78-4088-8c26-106f47af1c68,185/60R15
82f37104-591d-4c60-858a-753e9dfc2dee,F78-15
518f534b-8c80-4040-8bd8-a44dbe0fa5d1,285/40R19
df08a1e2-9f80-4974-bf17-2b8744cb8b31,205/50 R16
535181f3-1a59-4c20-8b9e-717cff911ebe,245/45 R18
bb212896-f2d6-4c71-b17e-00165afdd6c7,245/35 ZR19
483e904a-6104-4a7f-bfd3-d741716db8bf,F78-14
1709bb96-b1db-4944-9e06-a9cde7716fe0,185/70SR14
a32e62e2-90e6-40d9-b975-aeb06338e2eb,195/45R16 80W
a6984ff8-e93f-4541-a306-5d59e473a679,165/50R16
b247a522-94ad-4205-9cb9-a84bf88a16bd,8.75x16.5E
3edff6a1-b1a8-4972-aef5-1a23bfee3318,175/65 R15
6fb7082d-9c94-4c61-8503-aa7906a52b24,245/50 R20
cc0917df-a0aa-4840-abd7-87c315aa98a1,6.00-15-6PLT
f1f3ea3f-ab5f-4259-83fa-254957f618c1,235/85 R16
51dd942e-f2bf-41df-914b-e08138029f24,155R13-8PRLT
981d4bfa-106a-4a79-aa00-dba0f04cc59e,7.00-15-8PRLT
e19325c5-b289-43a4-a9c4-5577e2817d79,195/50VR15
a8d7304d-3c7a-4d4c-8520-fe171f81c83d,145/75 R13
4d9591ba-1de4-4e40-959b-16491ec09b0b,295/35 ZR21
dfd3cc3d-1026-46bc-bd3f-766cf1fde34e,265/40 ZR17
41d80121-05ac-4af7-91e9-97a2c8d6359b,15x4.5
a5416970-bb7a-4a74-974d-0aeaf518ab7c,285/65 R17
03eb466f-73c6-4dbf-9bbc-9e0864b1e252,DR70-14
c2159bd6-cc0e-4c12-b7e8-740b5dbfd19f,185/50 R16
e90f7de1-3cf0-43fe-87ae-93b2d170ed37,275/45R20
85514808-899f-466e-ab47-7d44eeebc61c,185/55 HR15
178a9ad2-4f17-4edb-aa87-808f439522f9,225/50 VR17
31d7f3ce-c8b0-485a-bf5d-f191e38f6f13,195/65VR15
d710fce6-14a7-4e33-80e4-360098a5c915,315/60 R22.5
cf931a28-f5d3-4814-8aae-04902cda5d67,235/45 R15
0102f176-07c6-421f-b43d-6ecaf1832441,295/40R21
ab8e8f48-5b78-419d-a252-55d8380b076c,6.40-14-4PR
61c1b148-4b73-4fad-8e86-913ef0dd13ae,155 R12
3b87d9a7-6c01-48dd-92b2-f0178d8a4141,205/45 R18
6479e3ba-868a-45d5-8a60-1dadccfe8ba0,155/60R13 73H
74393401-b0e8-4afe-816e-dbcbdab1f51e,215/55/R17
70fffde1-ec31-44e2-9224-b22d53817998,5.00-12-8PR
db3cc9e3-75c1-4502-bbcf-c646687c26c2,205/70R14 94S
e5a7bd97-c88f-4001-8d1f-02e78d10d84e,275/35R21
72830969-c7c0-486b-ac2a-e74bbb9b8588,245/35 R20
e52ecc44-affa-446e-be50-766ef248158a,155R12
e2f598af-b2d3-45da-ac48-15bd29c146c6,H78-15-4
32b3d4fa-ff61-4128-ad4c-d1165e28a029,230 R15
854d9bb1-eb6e-46d2-ba7c-c8b103f1c93b,215/35 R16
86b89a35-634f-4da7-8968-0cb8f3885617,195/70R14 90H
1cc50646-d68d-43e4-812f-acada1729a6b,225/35R17
d983684a-3985-491a-9fd1-8f3b17afaedd,265/35 ZR18
c63f3602-053a-4387-8e91-e76961668e78,8.40-15
ba3f076c-9be7-441c-90e4-909f6c60f76a,225/50R15 91V
80423dec-beee-4a81-8ee8-7f5c4345dbc3,265/40 R21
2a0cb37b-0c13-4cdb-8fa3-27a2e36d9936,275/45 R18
ff21e7d5-49b5-44bd-a815-addd785c066d,205/40R17 80W
b613082a-ed48-4208-9ecb-64915ce638bd,175/75 R14
d6071dfc-f2a0-4e7f-b0d2-fa86c288ca4b,5.00-12-8PRULT
fd6d54b2-b631-4496-aaa8-9bc7c586d834,195/65R14 89S
f01b40f2-56a9-402e-b0c5-ceb2266ac495,215/50R17
e4b8a813-9afc-461a-937a-ac0d0f97ac90,6.50-13-6PR
b69b5f16-6624-43dc-ac1b-e0f5fbb4159e,275/40R20
86956099-cfb2-463e-bc3c-049e20f64faa,215/65R16
beee518f-65df-4b30-a1b2-7374415f2fbe,235/60 VR15
a7c98a1e-3dc8-4b26-bb66-e223627901aa,225/35 R17
262fb80e-e2d0-4841-8999-b1cb9830a6e5,175/70HR13
231fd81a-0115-4b9a-9853-94d3bd964acb,275/30 R19
3999a917-dffa-4e06-83aa-039fb3e4e76d,225/55R18
7ae2c31a-90f8-49ae-ac08-98bc10901998,175/65 R17
00344f4c-7284-471a-9c50-69bef4c03587,7.00-13-6P
c1fe1209-4120-442a-917f-b1e36e4d651d,245/40RF19
4cfae027-55e9-4881-898d-7bfd5e1839b5,235/70 R17
21fc1b42-ab04-4433-8d93-5dd810228d3f,6.15-14
aaa92e34-e6c4-4022-925d-04126c332c32,135 SR12
95f5ae57-d7a0-4326-bb01-106bea86c09b,185/55R14 79V
b6219099-5784-4965-a0c6-63d97179a575,145/80R12 74S
57725efc-74c3-4dd9-87f6-b28043887a7a,245/35R21
ac6f45fe-f051-4b3a-a68a-182e602cd5da,205/70 R16
cea43dde-cf81-487f-ae7d-be82cdad2dc0,195/60R17
4e1ee9ca-2606-481b-bf5d-689a4dbc1623,195/50R15
90114548-d9b1-404e-b178-5b008a839399,275/35 R20
9c5cf580-af03-47f2-b6f0-f4afc4211516,275/35 ZR20
710eea4e-163d-41b5-afdb-78b4ec49f798,165R14
42de53a1-cc98-479b-95cc-27ad9e8c1c67,6.15R13-4PR
1bd9ad4d-aca8-45c6-8b62-9b44b170610e,285/45 R18
b4de3085-e8de-4a01-bf92-1e78ec42c659,205/60 VR15
8b7ba944-0230-4a2a-afda-cfb43d031aa4,165R13-PRLT
5941e37f-bd62-4823-90b0-20afed681bcb,325/30 R23
6a743743-c3ba-4037-8405-800dcc1b6e0d,315/35 ZR17
ca64e42c-f126-4dd1-9a38-c87b878409b5,285/35ZR18
9480708f-3e8f-4805-965e-a4715ee88d85,325/35 ZR22
a8a32f7a-b959-4487-9fa3-7e81e6e25d0f,275/70 R15
ddc27665-6107-4850-899a-80187843fe44,265/35R20
799d8eab-59b6-47a4-a334-da7ff1a68139,305/40R20
05bb2add-70bc-4ddd-a3e8-f0aa4e067b43,195/60 R15
d572e250-6163-4095-b0c9-39f52264ba5b,225/65 R15
d4dc4906-0d73-46e5-9d04-7c46de41c7be,275/60 R20
d6049f08-e2b5-4b47-9116-b787cc8ebbef,225/50 R19
6b0c68df-3e75-457c-8645-3d45dfcfc436,190/65 HR390 TRX
f4da35b6-db9e-4357-91ab-edeb9dc5958a,245/45 RF20
212b640f-736b-40be-a448-7f167d09e88f,245/50 ZR16
33c1b71b-fe58-4be5-8aa6-93364720266b,255/65 VR15
1bb23d12-aa94-45a1-980a-4b53aff68530,145-SR10
66ded919-7f42-440a-8294-9c05e245e7da,7.00-14-6P
808c9ea2-0ad2-4e8f-8ced-5b028d512369,255/35 R19
f8e18d18-517d-42f4-a787-0a4a86df00e7,235/60R16
bfa3adee-c8e2-4d0a-ae5e-e7812d0a3118,295/40 R19
4ebd49c3-b738-44ec-b42e-2bbb54459e93,5.60 - 15
636ac898-cc38-4b21-8ebf-0b00b4bfcd76,275/40 R20
eccc9563-9bec-4542-81c9-dc3782c968ea,195/80R15 107/105LLT
d50e042a-7722-48d7-aff4-c439ae7676cf,245/70 R17
3f85ddc2-49a0-477b-80c7-56a2fd99b68f,255/55R19
b6bac741-d5d5-4f1a-b7ed-0edb47e27417,155/70 R13
92981802-56ec-4498-8e6f-f245b75ff592,175/55 R16
ad7b6e85-524d-488d-bd6e-3f7dc6b90170,255/70R15 112L
f1c8c329-2db5-478d-aeb3-edc26108db02,195/70 SR14
7258988e-a306-4f05-819e-f788f4d9b07b,305/35 ZR19
bc3036c8-17fc-4c73-9fd2-89f5b285a1d4,195/70 R14
2137005f-3152-413d-ac81-5880f54497f0,225/60R18 100H
63af4d70-ddd2-425c-a44e-20ef6f938781,145R13
6cfad632-a69b-42fb-8e53-d8de820dca78,LT245/75 R16
a829d207-78bc-4498-a2cd-23b12767acce,205/65 R14
3eff9aad-63f4-44f5-bd94-a3486795b452,285/65 R18
fe04646f-678e-4778-9a29-ae9bce0ec830,115/80 R15
c9a73256-56e5-4ec0-b2c0-e96d69ada688,FR78-14
514a1388-2ee5-4c91-bd53-24576799d1c0,195/45 R15
61763fbd-c7d8-484a-9ba5-1f88228226e0,P215/50VR17
b0f09898-9e8a-43de-b6d3-365055b93f23,275/35 RF21
79275e4f-1537-4e4e-a32f-29477a49ce7b,8.25 R20
cf264463-7059-48b6-82a4-6431770f81f1,225/40R19
7fc69d14-cc12-4a9d-b35b-eac44792731e,205/75 R14
f97fa0f5-fdc8-40b3-ad8d-08d9897e6040,295/40 R20
936220b0-d029-49d0-b222-83e69d086699,235/60 HR15
7e4a748b-25fd-4fe4-87a0-829870c8736c,235/60 VR16
079ffa3a-4fd0-45e3-86ac-0a26036bc927,245/40 YR19
d5761193-849d-438c-8bb1-0925509d156f,225/70 R14
b331d855-8fba-481c-a8f1-d7c6110b753c,145/55 R16
2e623516-a351-4dc0-a6f0-00a5c12222cc,195/55 R17
445bda53-ea96-4eb4-b71b-5c778eb2afe0,205R16-6PRLT
72250d49-2a4b-4e59-b5b2-8cbf820795e2,255/720 R 490 117 H (PAX)
bff65294-7397-4a8d-9692-4754fa0aafcf,235/55 E19
838ba2e1-50ac-4219-80a4-d0adfec383d4,175/80R13 86S
5d12658d-6d62-4329-aebb-8493f3a82ac6,315/30 R20
71d0e23b-331b-4611-93f5-d9cf7290f994,215/60 VR14
16ff0986-720e-4213-a4e4-642c29e6ed84,275/60R18
cbb21664-1b0a-405f-8732-45bf60f36b31,175/70 SR13
3f316e4b-79aa-40c8-b7da-4cff9d45d7f0,245/30 R20
dcd89d17-9c04-4564-8e0e-0f3ae583bd46,155 R13
2fbd5082-3d84-4b48-afad-53cf160987e6,195/45R15
419955b5-0dfb-4b83-b02f-e91694845e34,225/65 R18
a4e9d1d5-2e38-44dd-9ff3-f9cb0de9f52f,205/60 R15
08d85dcd-0c3e-417c-93c7-1ff21d53619f,195/65HR15
93867fc4-f347-44f3-903e-3c5caa77fb8c,7.50-15
566fa01d-f39b-4bee-b3cf-7cca848545d4,9.50-14
00758266-ab1f-4aab-98e8-07c339f2c9cc,215/40 R16
9e2aea80-9aac-4dcd-9b99-0c3c25cdb936,285/35ZRF20
8a389986-ab7a-4d5c-8c4f-e7d99ed9f0d6,215/70 R17
5ef91b80-ce5c-4176-917a-8e16937606d7,135/80R13
a961d81c-e4fc-455b-9de7-236e53071cc9,8.25-14
82cc2f1c-366f-4e1e-a23d-3ef23ec39e17,6.00-14-6PR
bdf6d71c-d802-4521-a6c5-bcba1161f737,215/45 R20
803d333e-8295-447f-84bf-33cce650cd60,165/65R15
ddbe86f9-d3f9-4b35-8eea-c21321229415,245/40 R17
8aa72332-0983-4696-a377-9c8102db8fe6,195/55 VR16
13d0b7b2-c406-45d7-9bff-e71e8edc31c3,225/55 Р17
ce1eb0e4-9946-4ba4-bff6-ca67eaf4c159,6.15-13
b2451afe-b78d-47d4-b013-cffd339433fb,295/60 R22.5
7b4b4570-b54e-455d-af13-b200c0c97cb1,175 SR14
4d1739ef-960f-4d55-8cd5-ac522914c7a5,265/30 R19
918b5e7d-ad1c-4336-8734-3532933f9b62,305/30 ZR21 104Y XL
180df59c-cd59-4ae9-b3b5-ad028daa3f88,265/40 VR21
1b678b13-4bcf-4f54-81ba-b0bc337f65ad,6.00-13-8
ac532e7b-4a1b-4a82-b0f6-afc175816b2f,295/30 R21
4420c3a2-d698-43a8-bac7-e4d60e057592,208/80R16
d8074756-aa22-41db-a286-d638a479b2e8,215/60 R13
3dc2ee94-c110-4361-84e8-a168e230bc7a,205/60R15
67edb405-5744-434f-8e07-c868a8074378,175/65R13
16c778c6-95b7-4ed2-adcc-35ddd5ff714e,275/40ZR18
09e087df-0e9a-4eee-8a4e-6dc8368354fa,295/35 ZR19
2eccd9de-3489-4127-8190-7b03ae0bac2d,180/70R13
1c4a93fe-348a-45fb-905f-125c125ebfc6,255/55 R16
3fcba45b-55c6-4510-b4c8-bd7ff41e35c6,265/35 ZR20
6b9e7934-4a1e-43c3-a61e-b64007aa9f0e,135 R13
cdb705e5-ac21-4381-8a40-ade98d7119c5,5.60-15-4PR
48d8d8eb-f4e7-48b6-8df6-2f5b7c565464,195/60 HR14
b107a777-d08b-47e1-bd4c-cdd554ad0e94,195/65R15
fa998fca-7591-490e-9bf7-ba3803de5aea,225/40 R19
a6026899-4beb-4297-b4ca-787367380c93,235/75 R15SL
1b39ed7e-39bd-4220-8347-43b3aa24b280,145SR12
9bd0e283-0f8c-4906-968d-27a44dc5eb12,185/55 R15
3b4cb319-8fc4-4a08-9acd-91f1ca0e1d24,195/55VR15
f600b40c-51a4-4a2a-b5f3-92481718db3b,31X10.5R15
a046e883-92a2-4621-b076-8e482c25355a,LT215/85 R16
be794b00-92ec-4112-9e54-23e9ae120d05,7.00-14-4PR
63f3a40c-92d8-4330-b62c-68e71bfdcfeb,6.50 R16
65b44a36-d825-4f88-8077-e73517ace9aa,215/85R18
baaa876b-ceb6-4c52-950f-cfb850cb983e,"16х6.5J/16"""
6fe9bfc1-73f0-4189-8b1d-6f9ed5a775c4,5.9-13
a6c2ba91-3cbb-4b4a-ab11-c90e8cbdea65,205/65R15
8b7ed82b-0afa-4c29-b783-b284b29a5404,245/50 R17
d0a9164f-35f3-4274-9253-4ad514af7092,285/55 R18
2467b862-cdf3-43ae-8d28-f9f5f173a247,B78-14-4PR
93e52726-3137-494d-a250-1e38395e58ae,6.00-16-6PR
9af67e51-951d-41ec-8432-418c6f3141e2,155 SR15
a644045e-4747-4e5d-85e6-4711c34d87c9,235/45 R18
1aa34b3a-0cc8-4cd8-a147-723a770fe64f,255/50 R19
07339cd6-b368-44d3-8e2f-b87a1a392761,295/35R21
cec1d31f-b0b9-46c8-a53f-c3926a10074c,225/40R19 89W
c16a3f6e-4496-4b48-88bc-69a1e3938098,245/40 ZR19
f2c5f7c6-8036-4555-a5a9-4e7e56268f04,215/40R17
e5357b14-0071-465c-88d6-5408ee41d0a5,155/60 R13
681c85d8-305a-4e0c-b38f-9a21ed46f7d1,205/70 R14
509eee10-8549-487e-9bc0-f7331e86e204,215/50 R15
240ab373-06dd-4486-80c1-2af6712be1f6,6.2H-13-4PR
56e18273-02b3-4d50-8197-3c3d39998975,5.50-12-4P
65ec8a6d-e689-4185-b12d-ed1bcafe2e07,LT315/70 R17C
84abc1b9-565b-4632-8605-a68221047185,205/70R16 97S
a2562f3c-eef9-428c-a8ca-f52c11b6429f,215/60R15 96S
59de0110-ae2a-40fb-afb5-0ec6407c6c2b,5.00-12-6PLT
c72ae1c7-6cae-4fe8-ac79-9f7b8568d5c7,275/35R20
9072effa-5bf6-41e0-8a23-4d103140919d,235/80R16
0fb17bb3-d29d-4c6e-b5ba-6a418715d279,215R15
8ac229cf-6df8-4a28-abdc-3c37402562b2,6.45-13-4P
821d4118-313e-4ad8-9ce8-fe02f01db4c8,265/55 R20
179fd9bb-7b41-4a8b-9c3d-06387be256b5,195/50 R19
29ed5ec7-77a1-47a4-8ca8-1562d9fbb5ca,176/60R13
56998d6a-9aa0-4ef9-8c0e-06a92027f51d,165/55/R15
67f3de08-df60-4242-8e3a-dd5c14604ab0,165R13LT
e1b45391-5646-4562-aa17-188a0dd2b0e9,Y78-13-4
02923915-8596-4b57-af57-f6a20ebc490e,175HR14
0c8e0f02-4007-4a35-89f5-5a05053402c4,255/70R15 108Q
a5ac157f-a980-49b2-a93b-33c50772ec08,6.45-14
5cb95a1d-c17a-4ee4-9d29-5887bfbeda71,185 V14
824d8080-4a9b-44a6-8085-0563be69ebbb,165 SR14
b5a90a8a-e390-442f-8236-b5895b374c26,195/75 R16
b007c49f-38fd-4da5-86ad-c11ce3f7e855,6.00-16-6PLT
ad6b8b63-dfb2-4120-b755-89e0a64d441d,215/70R16
c2127535-c671-4f67-9871-7c04c357a2f8,5.00-10-4 PRULT
e5db345f-101f-42ff-ae4b-20e0f0873720,195/60R14 85H
0d5c5d40-1a05-4521-b6bb-4a7b94ae8cac,205/45R17
ee543b3b-51f3-4060-a55c-14a54eada139,305/35 R19
fe1f3cc6-79b5-496e-80ee-96aa1c017287,195/60R16 89H
15493f60-135c-4dec-a8e9-7c978fd1c646,275/70 R17
a147c972-4a3b-45a3-8370-b8b26dc1dcb7,275/50 R19
1a844f78-c6c1-4e13-a9f3-aba5b477b525,155/70 R12 73S
9c384a1d-9731-40c2-be7b-7d1decac5d3c,P195/65R14 87H
a78501c5-e373-4452-9657-ec270e6a528f,170/70R14
0628d75f-8e62-429e-b979-d665a4454305,215/70 R16
09fb566b-f998-4c3c-926a-58af2a4a3959,205/60R14
b6c1e074-fac4-407d-8fcd-653b2df62581,255/65 R16
addfec2f-e5f4-4b9e-baeb-905b07b23f8a,255/40 R21
466ae94a-81b4-4ac8-8ceb-04dfc8ff67ce,215/40 ZR17
2772b9da-2780-4497-8f48-d5ce7411f509,G70-14
829cabf2-018f-48fc-812e-76f43b0066e0,265/40 R18
0c3e1ed0-1951-4dfa-b441-fd5a781852ac,145 SR12
8d67a7af-0c61-4c88-98bd-c352851104d1,245/45 ZR19
829eddcb-75cd-486e-afe2-ac97d7b42160,285/30R20
d85e825b-ebb0-4b8f-a452-4316bb486383,245/35R20
c053f07b-2021-443a-b42d-2c7de6ebc4d5,165-4.5x15
656f81fd-7509-421c-91c7-fc614361af80,175/60R14 78H
23e474d2-607c-408d-beba-ba2e085958ea,FR78-15
ecdae5c0-3359-4054-a1c8-e0ebe6e9af63,275/30R21
c8b67aca-dbf3-4713-94cc-d4a6a23891e6,245/45ZR19
64b123a2-82ef-4ab1-9262-957dcceed1c4,285/70 R19.5
15472154-bd77-40de-b145-27fd3b180e90,6.45S-14
0a51e849-53c3-499d-9f73-079b8d2d51a2,145SR-13
07979306-7d45-4352-8039-f520c65161e7,185R14
2af79210-d5cc-4ebb-8994-50d9f1d6585e,6.40-13
819b61be-8122-46bc-9524-f4012964a1d5,225/55/R17
0bb6146d-bc80-4232-a737-4da850bfb27c,235/60R17
530e1c68-8a0f-4f6c-8b56-5613fb15a3be,195/65R14
e765987c-5afb-48c3-8bc1-f990d57196fe,205/55 R15 87V
2af922c2-4b3b-4572-9689-0c4155e8bfef,195R15
04a3e67e-c083-4a33-afdd-92bc2ccb07e5,245/40R19
037e1005-86d9-48cf-a4c2-426b0bd68f84,6.15S-13-4PR
bf7f87cf-d751-4fc8-9403-c1135441f04e,195/70 R15C
b256db78-8c0b-4172-a6e7-e50797e547cd,235/40 R20
e667ddf0-5840-4014-94fa-2f692a1d5863,265/35 R22
396e7f79-61db-4450-a1af-eab7576599d8,5.50-13 6PLT
a871aaeb-95ea-4cea-ae5a-94547201636b,205/45 R16
13d3f350-fb3b-4df3-af4a-124db2910d63,FR78x15
992c0428-05c8-4948-be0b-4465cc888328,325/30 R19
8f78a8b7-c189-4e2f-9227-cc8b846d5bf5,185 R14
d80a57db-d4bf-4f82-a029-72ea3078c900,6.95H-14-4PR
c0029653-d0db-45f3-a401-64fb3c799ecd,175/80 R13
623bb037-e374-4b91-87f2-217c16b13dcd,205/55R17 95V
0e6f1820-f58f-4830-8924-eab3222cd590,165/60R14 74H
cdbc5b91-7dd9-4d13-bbe3-0a2260c1b4e3,235/65/R17
aa94d1a9-56bf-47a8-9d63-f1134b6c8e36,255/50 R18
6832db25-0244-4ee7-9474-0fc0c40f232c,185/90 R15
b7060b0b-c7d0-485c-8c0d-c9111caf56be,205 R16
43df9334-d3d6-438b-a119-d26b1dac55a1,225/60R15 91H
47f6f250-4842-4135-958f-334ede95c878,215 / 60 R16
b738a1ce-b633-4164-ac0b-5c97f788de1a,305/35 ZR20
83d64111-6df7-4bc5-a634-af5b6b015e0d,135SR12
dcc03be9-683f-41f3-a3b4-11b552b1c551,225/45 R17Z
c94ff059-adfd-4835-9a0f-3e4b72d54e46,205/50 R15
0e1ea6c9-b631-4cd9-85c6-493fa80a58f1,165/70R13
dd6c9c6e-0d98-4cf7-a5bf-1088ce6a553d,175/55R15
b17c13e2-37ab-467c-898d-51ee97429068,5.0x16
ea28e945-8cab-4a9f-ae20-b63269016c8a,255-15
fd0765c1-1e2b-4b68-9713-f44cb5d3c0eb,235/35 R20
85778968-92b0-4a5d-af57-9695741d0029,6.40-14-6PR
31ac2292-d021-4f36-bf25-d678ec8cd1c9,265/30 R20
88c63640-5a26-41cb-9e32-36aa6de6f019,165S13
b7669e1e-767b-4ebd-853f-b70b7d1c2439,155/70R13 75S
d85cae0e-8ac6-4ee7-8409-888307ecbc9b,245/35 ZR18
cb04a440-dcd0-4b66-be48-58863bb6fdea,155/80 SR13
b6e038de-8a59-4125-b6d3-0faaad2bd87c,215/60 R17 С109/107T 104H
c42cd864-e3cb-4af0-8528-5c1ceb377c6c,215/15 R17
b5289375-778e-4dad-827b-62aa282dee54,285/40 R22
d92e7742-6683-46ee-9179-50545d8c9983,265/60R18
6409e3b5-2904-44ed-92dc-a298c837f104,255/40ZRF20
2faa5148-3aa8-4383-a637-7374022b6ba9,305/30 ZR20
404e74c2-0a07-43cb-afe4-f33fb3666852,245/70R16
cf2c49d2-c745-4e34-b936-d5195703f396,255/75 R16
9e64cc02-d536-479e-8383-82103aabfc7c,235/60 R16
fdaba51f-9c4e-45d6-b693-83ccb25c1334,185 HR15
572ea3cf-92b3-457f-a743-e8722154559a,235 / 40 / R18
a3107f99-c519-49a6-960f-e68ca5bd8fbf,225/45 R19
d3d63768-f990-4764-912c-29198d3fdced,215/45 R16
56aebe39-d443-4115-9a23-1ccf4fed895c,8.55-14
5f5c0a5a-4364-4c8d-b179-a5ea2eb69027,225/70R15 100S
e502977d-6111-4969-bb8c-3db16991ce7b,265/50R19
8518f882-ed08-49b4-a103-8c83b6811efb,275/40RF20
29e8eeb2-cbe0-48a2-bbcf-0ad33d565aaa,225/55R17 95V
1db97944-7747-4c82-af84-90690a38e3a2,175R13 6PRLT
51f4e6d4-88c6-47d1-b2c9-5dfdeeb533a3,265/55 R17
5ab6b8b6-8697-4114-97b2-3138cad7468d,7.00-15
15b8fb50-6d87-4ca5-be4f-b60272b50e75,335/30 ZR20
5449f8e9-af95-4a48-87b1-ca2667a47edd,255/70 R16
3ad27b0c-14c5-4a6f-b7bf-fa7dadc6c416,235/70 R15
2b95195c-ba81-4b37-a78d-bd4c951467ad,225/60R16
54a7cccc-53e6-41e0-93c5-ec9e7ceeedb6,265/30 ZR20
a05e338b-b2b8-4f4f-8003-aa0ff375c4ce,LR78-15
01fc09b8-e438-4254-855d-4c02b1719237,275/40 R21
70491a21-9853-4372-83ac-3422ad0fe2d7,265/50 R22
d021861c-00ba-48e9-8174-7223fc0a1a03,185/50 R15
8ed897f2-2305-4f67-a9ad-71ea89eea5cf,215R/75 R16C
0bd5910e-fd5d-4f74-9746-f9bfc773adbd,155SR13
20aa1b63-a819-42b8-8d18-a8f4eab27d15,145SR10-6PRLT
73610d8e-30ae-439e-b702-cde950bc6a54,185/70 R14T
b12656a2-b3c0-47be-8d17-c63d5ccefe72,205/45 R17
e2fa4595-068c-4f5e-baa3-d2d94422feec,205/55R16
1e22828e-e2f7-4563-ad7e-7d9491b98de0,145/80 SR13
746d1f65-869a-4f63-b2ef-55f85a4d63b6,195/50R15 82V
fa489777-6eae-47cc-a39a-6213aa1389da,275/50R20
91034eb8-4808-44bd-849d-3ec1c39a9e6a,7.00-15-8
84b14e88-7b6f-4cbd-9427-bc9ab9f9becc,205/55 R16 94H
a8f41140-4bb4-4cbc-b52b-7be0593f36f5,225/55 R16
bc6f51ae-d4f6-4994-9896-f19dbd359e80,295/40 R21
682ae861-195b-4dc0-a632-04e1f68a9c74,6.50-13-6P
13ddf7e9-6383-41cb-b2cf-bdf97ffff489,265/45 R18
46641f25-7431-4fbc-9b89-0747be5eea4c,NR78-15
db6a68c9-aa54-4eb3-92b7-0bd1de952a39,315/40R21
8d3c797a-bfd9-40df-bdbf-2497a7290160,18x7.00
036952d6-a381-4cb1-a9a1-25c6086a4ea8,285/40 ZR22
886cce03-8256-44df-b85f-4fb693bffd05,235/40R20
61c8be13-51aa-4a2a-8ca5-6ee230fb67f9,165 SR 13
51e40114-bcda-4275-a43a-9e3de3132a0e,315/80 R22.5
5dbc1e5f-8c66-4934-9300-eddf1ae70a9d,245/45/R18
449f263f-1960-43cd-a139-28341063af7a,L78-15B
3a3fb177-0130-4855-99fb-af35ac7435a0,185/60 R15
844cab90-e895-42af-a6e1-79e98e9c631c,265/70R16LT
0e09c587-b5fb-4054-ba95-d0d24f4ec133,255/30R19
ddf22404-7f91-42fa-b56f-eb3ea5bc5b9e,225/35 ZR19
428779d6-8916-4160-8582-0289629dc3ff,315/80R22.5
24417a03-00f0-46d1-be2e-ea298b4ea81e,245/40 ZR17
572a2ad1-b5dd-4498-9cc3-c096526ca651,165/60R14
794de23b-0573-4094-be88-5d5c5338dd5c,195/60 R16
6d478554-87bc-4a67-a791-05ef481cebeb,185SR13
77076a5e-76f8-49a8-ace3-fbad840377bc,215/60R18
f592bb19-2856-4a84-94ac-7ba9da2d26f2,235/50R16
8dbf54ba-3cd9-406b-a943-e68c2279f139,235/60R16 100H
6b8fd381-b492-4ea7-86ec-98d9f520aeb8,195/80 R15
c40df6c2-b403-406b-a802-b2b814b78418,5.50-13-6PRLT
b0640d63-b617-496a-b0fc-59f30f833199,7.35-14 BSW
6e07b361-ab71-4f1e-963a-df4500bd224b,175 R14LT
664595f6-4f9c-4483-99a4-0110036dc48c,205/65 15R
ddfead68-53b2-46e7-aab2-2dab8f4be334,255/40ZR21
5fa1ba63-1ed7-44c0-b3c0-5a7f64292517,285/40 R21
e0d742f5-cec6-4456-a2b2-17b360dd6b0d,305/30 R19
6c2631dd-b629-485a-adde-cde808c401d7,165/60R14 82H
f385d1db-b626-457b-a7b2-42b218ad9d1b,6.00-12
7623d1ce-bcf1-47ef-9229-230167625749,LT265/65 R17
4f9fd7ba-d09d-467f-bc78-e0b340e7d59f,185/70 SR14
39426f89-b32c-4589-bfa1-5171b63f4b9a,245/45 R19
7c1fe916-448a-480c-b103-00133d295a30,215/65R16 95S
256cbb66-f488-40ad-b323-4fe62f2f1595,5.00-12-6PR
05948658-6cec-4d4a-850b-9a8630926ce0,12R22.5-16PR
285a6195-5181-4070-8359-b47ff8be996d,155/80R14 88/86N LT
f1e90b90-bdd7-4ec5-9427-9da45f543680,155/60 R15
30a5e95c-c28c-484f-9500-ba443548176f,185/65R14 86S
116c6309-865d-4fd2-a6de-8f56be47bd0d,225/35R19
673138f3-84be-4c26-b01f-93d925fff22c,215/ 65 R16 С106/104 T
afdc83ce-21a0-4219-baf4-da35424d3f09,195/80R15 103/101LLT
b5bfd13b-56cc-4d90-aefd-569760485a22,155 SR 12
0fb164a7-21b0-4ded-bcf4-b9588e777872,6.2S13-4PR
c19176d7-d0e6-4d04-b32d-d9074cb13a0e,155/70 R14
2d45d202-df7c-440d-a86b-eb95f249003c,155 SR13
d36987bd-55f4-4aa8-92ec-5527ad27c90a,145/95R-10
5be5ba88-a5b1-40d8-b090-da3d13451085,285/35 R21
a11360bc-f64c-4aa4-acc6-1128d6b81d5f,10-15 Tracker AT
30423bc9-2f61-4cbb-93a0-d9f7ed152e18,195/60R14H
71cdb238-5a15-4195-a5b5-56943d8e9ddd,5.00-16
c5c37956-77a6-4fe5-975a-4025efc88439,195/45R16
315b9b1a-137a-41c7-9ac3-31bfaa5f46a7,225/45 R17
fcb9edc7-8341-4b52-9dd1-8d3f7ebc1a12,265/70 R15
30558f46-d873-4815-96d8-56a21a5e7124,185/65R14 85S
25d25a0f-0a9f-4ed0-a256-7d0ea0258c99,275/35 R22
db657fcd-711e-462c-a4f9-a3551e02c21a,175/80R14 88S
11e78c98-d282-4e62-9918-2d8dac38d326,325/35R22
9ec69312-6727-4d89-9e20-f02a69226e20,195/65 R15 91T
266c7769-4e13-4c3b-86ff-1377340be1db,235/45 R19
717396a1-a73e-4e76-9ca8-7fba9f0016dd,275/55 TR20
b9727002-2ebe-48e6-b60b-bc3a94d54e81,195/70 R14S
884362c5-d37c-42a2-9763-f5eb5452af0b,245/85 R16
882a903c-c307-42e4-847c-203c58cab833,185/65R14 87S
a4ca3a8a-82dd-4bbd-aab9-a0701002bec2,205/65 R17
d6ff4b91-4dce-4cc2-8001-2ee4a36fbbea,B78-13-4PR
048a9ca9-999f-40be-849e-f19862749eda,195/60R14 89S
5034b00a-f174-4b5e-be14-82810550843e,155/70R12
59d4d219-8a18-444b-919f-5e12ad3ee6ec,235/40 ZR18
d95ff40d-a711-4e3f-8231-a29522fd63cc,235/55 VR18
b68c11b1-f471-4361-b5a8-c155ec35bc4e,225/60 R18
cacf50d4-531a-447a-a3ee-6498b41b8af9,7.75-14
c8515aff-28c6-4dc9-b236-468805c67642,195R15C
4d1bcee8-a5ef-4412-bea2-051b0903db3c,155/70R13
9a0c5b24-e0a1-411b-b496-43437fa7239d,275/45 R21
e5baa48f-1ba5-47fd-b566-f965318ef7dc,205/65R15 94S
e04ffa10-a5b7-43df-9af5-a31ab39c82ee,235/45ZR18
fed0b724-0f41-4cfc-ab89-80509b903443,E78-15
f11848a2-ad29-461d-8edc-a51fe10fbd08,275/40 ZR17
82c69d39-f699-4c14-9fd1-e511002ea9d6,6.95S14-4PR
6cf51fab-3764-450e-bdee-4b4dba96ac12,255/35 Z R20
3455dcca-a5da-406e-bc21-4d9fb24b9c7c,285/35 ZR19
00dc2c47-57c0-42bf-a1d1-7df9005ebd90,255/40R20
c2d7506d-b94b-449c-9a00-96c00fe4c3c0,185/70 HR14
dedd0388-136c-4d73-b7cb-e011f615f3a5,255/45 ZR19
73b8af54-c0be-426e-a787-24b4d1742e90,315/30 ZR21
4bee0e0e-d25c-4763-80ba-2c085927211c,215/55R18
23e81db6-5246-48c9-9596-37cc773e892f,165/80R13 83S
7408d5b7-9fba-4018-9782-8a3dd141073f,165/65R13 76S
d54f57bd-fa9f-4e78-b38d-26ad5d38a6ff,165/55R14 72V
7917fe11-482f-41b7-82e1-1400d7cf1968,175/65 R13
eda55232-a9d2-422c-8354-b2ac53a48e9e,245/45 ZR16
93f6f833-8111-47e3-ab1d-640db77a50b4,225/35R18
92d0b112-1bbc-4153-bbae-4eb4e4d98cc3,145/65R14
34112e0e-0818-4c86-a9fe-a3f5efb269e0,GR78-14
ab961304-ff3c-4415-933b-7b579d819183,5.50-13-8PR
933275d2-6858-4dc4-a738-26544c05f1c5,5.20 x 10
f5174e9b-dd27-45d8-94c6-30bca6ab8acc,E78-15B
692009e1-e753-44bd-ba61-9c1f4443e16a,195/65R15 90H
f40f3f0b-9c97-41f9-9dee-389d77af666b,205 R16 M+S
93861868-94ff-4c30-81bd-9796b5eb6938,245/40ZR17
f31424fe-09ee-4142-9540-97fac4b4ded1,195R14-6PRLT
84735c60-f21a-40bb-99a4-999b907424ac,195R15-8PRLT
112c9694-6568-4e4c-a179-04e8b34d3aa4,"5.90–13"""
e308a1c4-2522-497d-9c4b-bede604e47f1,165/50 R12
b62434c9-7afd-43dc-a8d6-64ff7df05bdf,185/60 HR14
875e9fc0-69a4-4ce9-989d-be756ee66bc8,145R13S
f1da467c-511d-4012-9d63-ed6a293d7f45,245/35 R18
94915c1f-fdd1-4313-8fe1-6b58ebec8d99,R21
04fa7181-21b3-4280-bec6-79d77d22a7d9,5.95-12-4PR
73321558-7ca9-4eb4-a0fe-7b440bd232c5,5.50-14-6PLT
d87daa55-c39a-4975-a9a2-0e65047c68eb,185 SR14
381d26ad-0034-47cc-a33c-45e352787417,255/55 ZR20
ebea674c-aaa4-4f7e-8bc3-5acdcc5dceef,11.00-20 16PR
00958e02-325f-4d93-b1f7-9c5f080d6f6d,225/60 VR15
31ea0c27-bfa2-4d9b-9584-53ca4d121452,255/40 ZR18
9dd6c272-daf1-4bd7-840e-229745badfc0,295/45 R19
a0972467-f2b9-4836-b143-ed3d058d8e6f,235/55R18
ec43f73c-1576-4f6d-8569-0230ae830bde,8.00-14
ea4d3393-10a1-4366-906c-fbd5d060f661,235/55 ZR16
6cd38209-d1b1-4bb5-adc9-aad2ca8938a1,LT275/65 R18C
2d1c20b2-59a1-4a99-87bc-5899c9cc0495,P235/75R15
2d514919-b8a8-44fe-b20e-4b18c8d490fa,5.50-15-8PLT
b14b634b-ba5f-4cba-8ffd-a8459ff37e79,5.50-17
842d8395-89e2-4082-87c4-44d0a73d11c6,195/80R15 96S
6ba04790-6d84-46b1-a8fb-52852f7b2ea9,285/60 R20
12b55f4d-6d67-4589-af41-57dde476304f,195/65 R16
a12f352c-07bf-41dc-b760-36c46c7cfa02,295/30R20
a568c9e0-e80f-4194-b271-ac156445514b,225/70R16
c9c2b4cb-8667-4e9a-9e65-2a84e4abeabc,315/80 R 22.5
dde07400-758f-42fb-b624-14d46a831717,195/55 R15
32002b01-c6d1-4d7f-b6bd-3eb84febb11e,265/65 R16
c43263d1-e02c-48e4-b33c-68ffbb859001,245/40 R20
bca53052-0175-4d48-9511-2e2f4b0b64e1,L78-15D PT
063dd5be-d47e-45fd-a9b0-996abb24ca3e,295/30 R20
0ca1b5c5-a003-4017-bcaa-16acbcfdfbc1,205/65R14 91H
5e5f8663-db0c-425c-ac57-f08a14b4281e,195/55 R16
bc233bc4-bd93-4763-9a9d-2481c8229e72,255/40 R17
ac17ab81-df2f-49b6-a2da-0e3737860b85,295/35 R20
99fb52e8-c5f6-4495-ba1b-3e5fb7dbba27,E78-14
1a375bba-b7df-41c9-8e38-a3a75d41c067,165/50R15
62249b79-9cc7-438a-af4d-ed25ebf38211,165/65 R14
1b9585a4-c844-49f4-b4f1-f3c2e0813a69,275/65 R18
29f97eca-6946-470a-bb90-52ac31f9184c,305/30ZR20
40007b0c-49dc-41ff-8fc4-2ca7c733e4ee,285/30 R20
9a1fde83-fa92-4108-9134-d975bc14f85c,245/45 R17
8f0b7d8c-d489-4988-92f3-70983e60524b,285/30 ZR19
abf772f4-0a74-4378-9d23-d0542e6072e1,155/65R15
36801469-cd93-4fad-b5ec-3fc0d7696834,275/30 ZR21
f582d7fa-2db1-4157-af3c-780fcd26997c,B70-13-4PR
9fdd94b9-4663-454c-a7c2-f14f4c99ff1e,215/60 ZR15
db6c34da-63bd-40c5-82a5-755a17896dcc,225/45/R17
cacad480-35a0-468f-831d-be903eaeafbd,6.50R16
fba8745c-acd4-4ca4-8226-4db5fb51a769,205/50 R17
85620e40-18b0-431b-b3c9-40175326e5bd,255/70 R17
b174029e-0dde-4976-8de9-c8885580d2d2,5.20-10-2PRLT
02c2583c-292f-4176-961a-4266413714a3,5.00-10-6PRULT
7f1216d1-edc3-4d18-9fef-75ec09e76cf7,195/65 VR15
09b3b606-d1a0-4338-a0c3-66beb6559bf5,335/35 ZR17
489f38af-bd6b-4128-b141-8ad0ba330355,245/40 RF21
9f057b2e-f576-4fcd-bae9-2b8831c46a0b,235/70R16 105S
0d24d509-52ea-4696-93d0-5c9d3304ddad,155/65R12 71H
c13a9672-1388-4081-a1c0-b091820e0ec5,235/55 R17 103W XL
3a590c37-0440-4971-aef5-a46fd5ef98ad,205/55 ZR16
485d56db-1afc-41ae-a5fd-ccf83f831a05,215/55 R18
c246aba3-b95e-4c0e-904d-a4b69b2ec296,335/30 R18
88d7589a-1d16-4d66-a0a0-d47506f7a027,175/70/R13
ce65b7ee-e179-4c7d-8297-ec44dc039571,155/65R13 73H
4fefcec0-a3b9-41e6-9b0c-89c7eb4c924d,5.00-12-8PURLT
b0fcd817-5afe-4f44-a155-1260e29e9706,6.15-13-4PR
890d0d00-e5e9-4b7e-a111-7a14ad4228db,5.50-13-6PR
d3b75dc1-1a12-4405-ab75-6e80b2515f64,255/50 R15
6e111cb2-0190-4d9d-a0ae-964854d02487,285/40 ZR17
624cd27a-a7a2-46fa-8bab-094e715e3a60,37*12.50R17.5-8PRLT
460f325a-863c-448f-9869-882b04fad26b,255/70 R16SL
cc4fe6f8-4325-44dc-a483-1c12915f6e0a,Z78-13-4PR
31a0e49a-45fe-4e63-90a6-1ba70f5a742e,175R14
26422aa8-945a-44ee-89d9-64f06f2b606c,215/55WR16
365f920c-76b4-4018-a221-3947d22502dc,205/45R16 83W
f82801d6-6013-4f92-adcf-e7844e806b5b,225/57 R17
833c02fb-8814-4426-b694-5fbb3ea72c41,8.00-15
b1e1990a-074f-45e8-a27f-70ce09be08ad,6.40-15-4P
edd4af62-39ad-4ea2-9463-bc60dd5687e5,6.2SH-13-4PR
668d4454-65f5-46a2-a5ac-ce263ec90151,H78-15
7708290e-a35e-4576-a2e0-e1b4c1a2144a,165/80 R14
9ac6a3b4-dc39-4e39-baaf-fc24b69ce65e,265/45 ZR20
36cfc9c8-5082-4584-9e56-6485f40991cd,215/60R15 94H
badc44a5-ca40-494a-a8f8-afa9ff162d0d,215/40 R17
467bfad1-d2e0-4fa1-a8f0-71e732624c05,165R14-6PRLT
858b4ab6-4194-4f1b-aa14-63051f441c7a,195/70R15
a23ec6da-b405-4d84-9d6b-9ee2b1c8cd2c,175/50R16
a944f0ca-0c31-4b21-83ff-1d28e9d248ce,305/30 R21
8b0d500c-2ddc-4ab0-8c4f-cea49221588c,145/70 R13
cb336c16-2ca3-4b7f-9f23-00d74f525cfe,195/80R15LT
741b0b21-74d9-4e4e-8da7-7d3f902a6d4b,215/60 R15
a25e3e5b-0af6-42ef-a60a-a0b19920f163,305/40 R22
2ac4420f-f9fc-41c3-906a-d5827548257c,175/65 R14 82H
70a8d82a-c5ce-4788-b17d-5b770a13b550,365/35YR21.5
5eae13e7-bf8c-441e-8995-d1fbbe7ac988,215/65 R16 106/104T
ce811825-2271-40a8-90b7-098b5443ca54,275/40ZR19
dbcfb453-aee4-418e-ac29-596370f7a394,195/60 R17
651bf0b0-44ba-4787-b578-eb50f04b7d06,175/55R15 77V
b33bcf06-53a1-4c61-9710-e9c692a8834e,315/30 R21
fec761c4-ee2f-4d57-aa9f-08f42b1b2164,165/70 R13 79S
9901b483-93b9-4cb1-9492-ab9e49a3d2a8,225/40 ZR19
a316e1a9-ab1d-4cec-b31e-d0cefd37daf8,155/60R15
16b3ac33-5f5c-4f33-a73a-945b86cca5a8,195SR15
ec222f0a-ae1d-45de-90ea-0b0864b3c9ff,205/60R15 91H
f3a7c761-9456-4af6-9506-762282a18f9a,285/60 R17
39222dd3-ac6e-434f-a292-fa23ffd7abb6,265/40ZR21
b9b8a32b-5058-4ecd-a687-b2361e3a04f6,255/40ZR17
757c26da-7c4f-48cc-99cb-3a2f1e0fad00,145/70 x 12
817cb92b-4360-4524-b49e-08a36436c7c8,305/30 R20
69087438-c759-4fc9-9eb8-7553d52ea113,265/40R20
67fc1920-9d49-40b5-ba8d-740b1f583489,235/40 ZR19
5a5bae13-c268-4785-ad6e-4086088eb15f,6.00 H16
3422f1e2-dbaf-4847-b45a-843867dc36a6,185/60/R14
84a9597b-feea-4a6e-a16e-52e6487313cb,5.60-13 4P
e42515e8-9393-426e-8065-51e98b5c3c28,235/55 R17
e483f67e-c5cf-4bed-8f35-bf9fbc614dd8,175R14-8PRLT
70ead48c-eab8-4f34-b3ce-10d34a0018bd,195/40 R16
0e8137c0-9c82-41d2-9784-61e3d62f1a69,185/75R15
3528d516-3f2d-461f-b232-8937e66aa9a2,185/60R15 84H
8ee6147b-57d4-4700-9594-c4203c56768b,F78x14
096338a5-e9fb-4312-ad34-da2d3859f570,225/45/R18
050bda64-c5ec-4c8c-b324-fd2f1c65c958,225/40ZR18
e365e3ae-61ec-4188-9f10-69dfa68215c5,5.20-10-4PR
28ae3113-a9ec-48e9-bbc3-75a9e74316f8,285/50R20
f9c4e6e6-28b9-4c9f-a1e4-2bcedb97a8f4,275/45R21
3c095997-0f0d-4089-b85d-a435921614be,225/70R16 102S
8811999c-f733-4e6e-a09d-3eb636bb9774,175/80SR14
a39b47ac-3746-4c1a-9733-e84b47868032,215/90 R15
bdc5440d-40cb-4f88-9be2-f22cda5389cf,165/70 R14
3589cc37-e5fc-4230-be4b-2d7c9a24b377,215/50 R18
bc363f64-74c0-42ed-98df-f84823d6f87d,265/70 R19.5
dd4e1dee-41b7-4f85-b000-6fae5d915ea2,195/65 ZR15
eee1d8f2-c0cd-401f-91a4-aa86bddc94b8,30*10.5R15-6PRLT
70257bc3-6d16-4ae3-bb10-59283e7f3692,265/75 R16
4967d2ef-e98f-469e-a421-41aa9ac4efc8,295/35 R21
729e255e-3018-4d2e-9acf-39d22692541d,6.50-15-6PRLT
502770c5-5420-481e-aa15-1a964ca2fd21,255/65R17
2b2170a9-d7e2-4998-9d75-e6ed782e7dae,285/35R20
ef7be427-c08b-435e-abf8-d486b00f6a0c,265/35 R19
7bf63693-12af-462d-8cf9-8460146ff6ba,265/70 R16
d92559d0-f9c2-4a13-8e50-3098db483063,195/55R14 82V
ab767356-76e0-4b3b-bd21-a3eecf5d8245,195/65R16
36d2e3dc-b967-410c-92cd-7e8ce044583b,6.50-13
fc7816c6-3f45-4a1b-9c32-a45e07e9eb5e,6.2H13-4PR
ee411921-2cf7-4d9d-b077-f6710e18c66b,185/70R14 88S
0ed83356-7f7c-4d53-b947-723d3aeffacb,225/40 ZR18
4b19c552-52b8-4e76-a558-7b7338821c2e,5.90 - 15
f9c87215-84aa-4f38-98ab-f6ec57050cbf,5.20-10-4PRULT
80d4c706-59da-4aba-a8c4-1a1f961b3af8,245/40R21
22db0164-450f-47d7-8540-f18fd26a6988,10.5R15-6
a14c25f4-82f7-4671-8fd8-d2bfb2836838,195/60R14 86H
ca7b179b-52ff-4fa0-b0f7-ff8b941b94c7,215/65R15 96S
26d333cb-f767-4003-8e95-6833636f0388,195/65 R 15
5e1fda0f-18a7-423a-9481-ccf4faff9357,235/35 ZR19
3288c512-097a-4147-a578-3ac8e9bb37f9,135 R12
bcc72a21-23c9-4cc6-833c-ced47b27b04a,275/70R17
2e872466-29fb-4c4d-a8d8-2c4c1292ff31,185/65R14 85H
90b910e1-3f50-4094-a72c-8614f225a099,215/45 ZR16
3b5a4f07-78e8-4f1f-b99a-d67afb37761f,225/50RF17
d6d569d1-fd83-4307-8be0-252adfef1064,205/65R15 94H
4de60270-7d2d-4c7c-b1bb-b29b69d10f2d,315/35R20
6fbbd613-2955-4309-a31f-d87f71c229a0,285/75 R16
a9aef9e5-4b69-421d-8890-ef04870f0b95,275/35R19
47a4098b-6c83-48ca-bb92-44d497140af0,215/45/R17
355be292-2a73-40de-8825-10a7400a7dcf,195/75 R16C
388c362b-2bc4-4814-a8ab-0dc317154ec0,325/30 ZR20
9740bfa3-fd54-48f5-91f9-77108020859c,235/50R18
6d7067a8-68ab-4eac-a71a-9435ed57aee1,245/55R17
cf363048-7daf-4285-9b82-d8098a62b82a,215/40R17 83Y
ae6b290a-03de-4f1d-ac32-bdabda06c30b,275/40 R17
772c8ade-0af8-42a0-8d6a-6de00bfb091d,275/40R21
6381dfc5-8779-47dc-ac02-840de41eb5c6,7.00-13-4P
09d3f3f7-1883-47a2-a89b-a298a0e49ab9,145/80R13 75S
72cfb3e9-5a00-43cb-b932-7eb738a1c9e3,185/80 R14
e3240f28-bc25-4ab6-ab83-d4fb3af35b32,255/55R20
d231f2d4-699f-4115-859d-611149ec3dd8,145/70R12 69S
a89aeefb-7791-4b75-be54-5c14a365f884,185/70 R14
8bb7ebf0-8dd7-4143-b2c3-26006782ea04,235/45 ZR19
eb7476a0-91d9-4904-9615-8e0597fec00d,205 /50 R15
75d17f30-44ed-4bc8-a326-2a87e92f3771,355/25 R21
76906652-2a89-4459-8367-b8115e81979b,JR78-15
8598735c-527e-46a0-adf4-aad281e0e26b,175/60R14 79H
663310ca-35c7-4a24-935e-da2e21e071d1,185/55R15 H80V
38821b93-7e82-49ce-a85b-a96112bd4279,255/75 R18
dc50e0f4-4475-4a04-845b-87b6ee4c3412,175/60 R16
64d4e747-503b-452a-8418-c6dbfdcf1cb3,205/80 R16
18e7045c-a36d-476b-88ee-3b88e989f04b,R15
ebb1dbd2-ac87-4831-8699-05d82722fdf5,305/70 R19.5
436074a0-0625-4f75-b670-9d3a186b139a,235/75R15
c71ed45d-c4ad-457a-a02d-ebef23468d62,215/50R18
f527d3e9-45f4-4b3f-b77b-e68afb801dab,205/65R14 91S
d69f0eb3-19c9-4130-9060-ee2af710366f,245/45ZR17
46ece4c4-178c-47f5-9b53-1b3185c742a0,295/30 ZR19
2e208e74-30af-42a1-97ac-f80e03b5b333,265/55R20
f410689b-ada1-4dbb-801c-6a20d321ff98,6.95-14-8PRLT
b756f0c6-6839-4f79-9000-51e747e47777,235/50R17 96V
93083a91-1169-422c-a1ca-65ce247d656e,195/40 R17
2fddecc1-1f2f-4d49-a19d-9b428fb72f0c,220/55 VR365
5d65364b-4691-4dff-9be6-da8372be6277,275/65 R20
973ec972-1656-460b-b66f-cb399ed56ef8,255/35 ZR 19
8434e037-8a0b-43f2-9742-c7702dabab1c,255/35R19
3d2be6c4-67eb-43af-8112-584ac398bc7a,215/65 R15
4c990d4c-ca4a-4dfe-bc04-bcd5ddbbd4b5,185/60HR14
93dbc800-3138-488f-b34f-f506b5157d2c,245/45R19
3a47bca9-d19e-4d8f-84e4-77fca4427297,165/70R15
b5a45b9d-a078-48aa-83af-4550828ae914,295/40 ZR20
23714e35-f6dd-4b4c-aaff-395883bd3fa7,205/60R15 89H
0ce133be-2ba9-4479-a309-2019172ec833,165HR14
fdefceea-0615-4473-93b6-5e53ee8bc944,275/40R22
68856c73-94eb-4e03-848d-b281c727ae00,215/50R17 91V
d4bb1acf-111a-446c-b833-2e2fed9ea513,31*10.5R15-6PRLT
c0deda89-ce12-4fb4-ba05-5a8564e710fd,255/60 R15
09238d76-fa80-4c70-8351-2af2d693c1b1,235/65R18
994cb4ee-f491-416e-8c19-d390d185be8c,7.00-14-4P
41464bd8-c2bd-44d8-ab51-4cf28a44f6cc,170 R14
f7374f0f-821f-4fe5-9fb6-291e68977cae,31x10.5 R15
fdd32274-ab83-49bc-92e8-41566534d287,255/70 R18
95e3504d-ca5b-4c7d-a355-124f07981d56,195SR14
9357e5f3-891e-413b-ab8c-a7bf4a80f1d7,6.95-14-6
a4af654b-58a1-47f0-a16b-7f4f361bedf8,265/65 R18
880afbe2-3485-4f42-8288-72bf64828250,235/35R19
b797b671-26af-4a0c-817a-832a80d71e28,175 HR14
6915ade6-2ddb-4865-a542-e1e152c41dff,7.10-15
c26cc00c-3f0f-4801-8fba-bba2a25e0e3b,185/65R15 88S
eae8b0f6-86bb-4966-a392-cc22394ef920,215/70 R15
82cba774-f096-4606-b58d-977e8b563523,165/65 R20
e0af3475-22ae-4101-af63-b3b3b0e1c0ae,235/50 R16
4e06b48b-717c-4e46-9fe4-26f471cfe09c,185/60R14 82H
774cab4a-cf04-49ad-aa1d-729026dcef87,265/60 R17
4ab20c02-61a6-4f73-ab26-14656249b02c,245/45 ZR18
ab193f1a-0978-485c-9ad9-9deaa0ce4358,285/50 R18
48990a73-55e6-41e7-a8d4-46f480d60814,195/70 VR14
579097b3-2ff8-4568-9533-b8a8fad1f28d,255/50 VR16
507afc17-1e63-432b-80ed-2a5adf3014bd,215/70 R14
f3713fe7-6f3f-421c-b6f5-df42769ffaa4,165/55R15
683a76b2-907b-4179-a661-107678354186,355/30 ZR19
ef7d8dde-406c-4f50-a506-8749a4873da3,215/60 R16
8c003cf3-08f4-4169-a347-a451ea6bcd04,265/40 R19
46f55b41-67de-4cfe-b89d-53a935ba5990,325/30 ZR19
6975c6e1-4987-43fa-b139-4c61163b061f,225/60R16 98H
5623df79-f8fc-46b3-b40a-7be694aacc10,125/80 R13
2522055c-4c55-4f91-bd1e-d6a180c482ad,235/40 R18
5867e301-2a1d-4a61-98b6-84f47b00d0b8,245/35 R21
2afd080b-676b-4c14-afff-239c9ed6400d,165R14-8PRLT
d5c0f18e-2fbc-4cbb-b6b1-5343a4522dd4,6.00-13-6PRLT
40b7b940-a320-41f3-8afa-469bdefee907,235/40ZR18
e9a84cb3-b056-42dd-993e-6b41be251e54,275/55 SR20
1e12a5a3-685c-4506-ac23-de20d5dfef95,195/60 R15V
3d03c1b4-a4f8-476b-8693-54a17f66a0a6,205/40R18
ccf79f06-1140-46ad-8818-274aeedd1b93,195/80R15 107/105L LT
4ead1fbc-b32f-4080-94e8-4e533bd5d9e9,Y-78-13-8PRLT
4410884f-6e4b-46ac-9ab0-bd41e176ca9a,235/50R21
92fe6bcb-c1c7-4d8b-9a84-77233fd6bae5,135/70 R15
a7433515-901c-485b-9c8c-5ca85aeb0a55,325/30 R20
81a4b41f-d067-4a91-ae57-547fe79ef4e3,31*10.50R15-6PRT
aff6218d-bd26-4e93-bcef-470785d5db47,315/35 ZR21
ca8db379-38ab-44af-819e-803151d24746,285/35 R22
4ccf9aff-120a-471b-bcda-a7afcc683513,5.60-15
407517b5-1fad-4db0-86fc-48eb5ec325b2,265/30 ZR 20
654c90c5-a4f2-4b6e-b544-99bf9c79a5ab,205/40 R17
3cb30076-b0da-4261-a3cb-8500cf59cba6,225/505 R17
03126c19-a4d3-4c0a-9399-ca1c2079df88,145/80R13 82/80N LT
0e79233b-b4bb-406b-a5b7-b029333d3ff2,30x9.5 R15
4878a5b9-9b93-47fb-bd56-3ceeca21f291,175/70/R14
b4e8f23f-3929-4569-ac1c-2dd99e4ebb7f,325/30R21
c4af7d11-9ae4-4086-bb16-1451e777f201,165HR13
c77f9169-bac6-444f-a33b-a2e72f6309ba,235/65R17
5ae3d6e6-432a-46b5-83d3-5669c925e29d,275/35RF21
a0960ec9-5f4b-499d-aabe-4b24fa38ff9e,235/45R18 94W
716b5691-139a-4346-a910-c8acac2bbaf7,235/50 R20
661d0bd7-fd15-4dbe-a6f2-5ac9d38006de,265/50R22
8ea037ad-12ec-4a6d-ab5d-8ed83b5e2fd5,195/60 R15 86H
6148a7b0-ae98-4e7a-9c05-b2a6596f6c55,255/55 WR17
2d782114-3016-4c84-958a-2ea4a8e62a7c,315/40 ZR19
7d74c2e6-d96d-4418-9733-13846955e555,D78-14
3637c09e-e134-4346-9069-911b2da738a7,245/35R18
9c5beb78-882e-44a6-a9a0-4c48e62cf0e1,6.45H-13-4
07456a06-ca58-4a23-8c74-235fd3046478,225/45 VR18
b7bef2fb-c0f6-4ed3-9b78-fa01f00e4dc1,245/50R14.5 106L LT
15d1dd30-adf1-4b0c-8ab7-ef1c63d8b951,215/ 60 R17 С109/107 T 104 H
ab9dcd3f-e056-421a-9bc6-33f3fc82ae49,6.45S-13-4P
7d07ca66-a75c-4ebe-b995-7634b022e0e2,245/65 R18
bf77512a-15d4-4b85-a6ab-51a1d3897e62,165R13
6969966a-6dc7-4197-977a-d47e52266c0a,345/30 R19
ba677051-e0fb-4dd4-b555-fdffaba623ca,205/50 R17 93H
ca96257f-81a8-4518-964c-958e97407570,245/35 ZR20
f01d0d01-efe1-4d68-8f1e-31a0770d608c,275/50 R22
1d0e55ea-d384-4cb0-8f00-2f0b185cfec9,255/70 R15
afa2e81b-de8f-42d1-99e0-e04e5dfd6555,R18
fff4ba11-bf28-4247-8bdb-d67e84ed77e6,145 R13
73666b4f-9586-4a64-85b8-944ffed675c4,205/50 ZR16
57ec3446-0bfd-4752-b4bd-aae656be7ce9,6.00 S14
3ba0e54a-e09b-4a8e-94ba-fd79d32900ae,195 R14 8PR
558e2b51-d2be-41fa-8b4c-e4de5c4836ae,175/60 R14
8a167398-0e7e-4f02-bea1-5a50d7c0bef9,235/65R17 104S
5f065905-db83-4823-a32d-a06924e17d79,255/40 Z17
5771e86d-e5f2-432c-b405-572a30c0f49c,145 SR 12
f4b49c3f-f9af-401a-9a7a-0c3d4047959f,Y78-13-8PR
a638610d-fdfe-407a-a1b0-6b74c76225d6,7.35-15
2cbc3546-2a0d-4277-830e-2e11f05ea18d,205/80R16
16729115-5478-4b20-aaa4-a7bc44ba1fb9,155 HR15
1466d43b-8907-4b77-8e60-196e487dc828,255/40 VR17
37f2b829-2864-425c-80b2-34ef1f08ca46,215/60 VR15
587476de-72da-49d3-8241-b9bfdb814587,285/45 YR21
e3390481-9150-4d15-b5e4-ef0e47da80c3,235/85R16
727c8b69-0415-499a-89bd-9afdf6dec421,225/65R17 102Т
383cfeb8-d3ab-4acd-9825-78144c77562c,245/55 R18
c74c0bb6-e083-41f0-817f-d98595a56439,165/R13-8PRLT
b7b3019f-3523-4c59-b770-6e4a27a48afd,215/50R15
550400f2-72f7-4ca0-8093-22cb47ddf1fb,185/70R13 86S
639f87db-33d2-45f9-9d7a-a495fead961a,215/60R15 90H
f90672ac-705f-4876-bda3-e6d93801047f,E70-14
02a62e6d-55ad-44b6-897a-572c262ae538,P255/70SR16
40a38238-aacb-431a-a13f-701ae2d9066f,G60-15
71c1c01d-3966-4507-9e21-e0a110a1d2e5,215/45R18 89W
10ef452e-b926-469a-bdff-260eb00e2470,165 R13-C
81181da4-df54-4ba7-b2e4-d54923e9a116,215/55R17 94V
6b49d006-5c4a-4cd6-80f2-085559004286,205/R16
4f18c26e-7419-4657-834d-f9ccc117763f,5.50X15
046a4ce3-dc94-4053-88a1-d99194fa8da2,165/SR13
a71032de-47b6-488c-bae4-0df3c8856c08,31*10.50R15-6PRLT
bfd724a8-9b96-4982-bdff-18de6623163b,205/65R16 92H
840a8a9a-ddb4-4a1a-bc4b-6800ba2b3b7a,8.55-15
f3acbd65-a45e-4ee4-9551-77b5755f96ef,215/70R16 99S
7014eab7-8d47-4d92-8a6b-4b3cfb7185f9,205/50 ZR15
defe8cff-6d5b-45af-861f-ee631d3a2fb3,185/70HR13
97f9ebcc-ca1e-4396-a63e-3bfb19ecf930,255/45 R22
3ee0d6e3-d830-4615-8b3f-5fbc1c54bd45,165R13-6PRLT
37acdf11-5f46-4654-99ce-7320a5ab44d1,225/55 R17
3a4304cf-7350-4678-87b1-d34f9cedc37d,175/60R19
bc03af08-e808-4079-a7c7-5d732c5d875c,225/50R17
f561351a-9ddd-44fa-b6a8-2ee161444aab,195/55R15 84H
4db21102-0d2a-45a8-8c91-1652b51b9a39,255/40R18
b83adac9-393d-4157-9823-10b87b6b8c2e,285/40R20
773d4bf9-2bf0-45ec-b2a8-a27d3d7fe2f0,175/50 R16
0aa1a981-a9a7-4052-a058-2504c0459d89,275/40 ZR18
e2c5f0c7-529d-488d-bc49-a823d9f90a89,6.40R14-6
0a5eae9b-0cb2-46a7-ae57-93bbc3427630,275/70 R22.5
bb84c805-d937-48f0-a122-125a2a0855a1,225/55 R19
77aada62-61b3-4072-ae2e-9bd5b5dd97ec,255/40 R18
32c741b4-6914-4eda-b6a2-5a10d102419e,160/65 R13
3dec007e-71a9-439f-afe1-c0f8cdba1ef9,P265/35YR19.7
ed21dd4a-ad1a-4271-ba81-c81d53d6d813,265/50 R20
ee7c16ca-b250-4fb8-809e-e3d721526703,195/80R15 103/101L LT
a00247e9-7f40-41d9-ad1f-d1ee9b118a07,6.00-12-4PR
78be8a5c-11e2-4509-bbb6-f90ebf3b735d,135/SR12
5d678400-7d36-4444-acc2-753363f12a5c,215/605 R16
872a6596-c233-446f-a800-580b0e6afdd8,155/70SR12
e15a15fc-ddaa-4879-80eb-d8c718cbf192,295/35 R19
593fd91f-e3c9-4038-9aab-f52cc17d3d2b,P195/70R14 90S
f7898f85-1eb9-43f6-8fc1-55fe5662097d,7.0-14
8a4af160-1c8b-4abe-96dc-4f035f02f05f,5.60-14-4P
4d04f382-6e59-45b9-a74c-37f4c595724e,11 R22.5 148/145 M
23eb1e3e-e0f0-4b27-a300-6205abc3dc47,225/50R17 94V
5a760a67-0091-4f74-b510-21f749bcb1cc,8.75x16.5F
efc278f3-3899-4898-9d38-b36499eeadf8,275/35R22
6193354d-c9aa-4be2-a343-fd01e9f098d9,165/70 R13LT
4f5e7453-8b6e-4092-9733-79d02d4b725d,235/60 R15
224ba56d-58eb-4cdb-8b05-2f7c954dfe69,155 SR12
0537ce36-6b19-4229-8d91-192e05b96707,8.45-15
9b382570-da67-4bd0-ab83-cc0bfc450320,215/65R16 98S
da1ca761-fb14-47f4-b03a-f5c81c43cc9e,235/55R20
3e7240c2-230c-413b-9384-514f81fcffb0,245/70R16 107S
8699d48f-73a7-406d-b564-d2c9b990a4a5,235/40 R19
af201f86-eba9-4561-99de-be98d3d059cb,215 QR15
37a3a8b9-f9a0-47a0-b6c0-708389ab5cbb,6.50-16-8PRLT
27fb00ce-2a42-427b-a546-027662cb4fec,145/80R12 86/84N LT
5c5653ca-bfea-410c-9791-9a1db587f4b6,165/70R13 79S
ce56896c-a742-44d8-8853-45a2e0512efe,145R12-6PRLTLT
56f7675d-7126-43c1-9c89-9350b6a95d06,195/75 R15
5f5ad5d9-c2bc-4e36-914d-e80d733472a8,275/45 ZR20
f7292e0f-8b90-441b-ba33-b25093b35857,315/35 ZR20
3bdfdd5b-4658-499f-ae5f-a4299fe99e11,165 R16LT
17648416-ae55-48c2-9b51-8784417c761c,R12
5614665a-1d25-4454-b9a5-d3d64c4c624f,P195/65SR15 89S
c7bee941-7fa5-43c4-b2a6-db7de3b8a364,6.00-16-6PR LT
4da7244d-a3cb-41cd-b303-a008c6864dbb,G78-14
a70a7859-7831-42b2-a1ad-d69ce8ec8576,215/50R16
38e0721f-9e99-4b98-82ba-c991c84fed41,6.95S14
bc78e36f-3a9f-4017-a167-c236339725fd,185/60R14
1f1ae8a8-6125-465d-be72-f43100f04774,265/45 R19
bea3bdcc-2000-424c-a26b-e7925925d8f8,175/55 R15
b69ef733-a987-4227-903a-131f7b97c81d,5.50-14
fc139e88-b1b6-4c14-aa7f-ad02e760e5f0,205/55 HR16
1dc7fd06-8517-4f4d-b68b-0ef4612cc87b,265/45 R21
6a3d89bb-288b-4644-99dc-2e50c46d2f49,205/60R16 92V
7b6841cd-a630-4c7e-857a-a855174acbba,235/55 R18
284069b3-2391-4eb5-9a02-4a2915a8e6b3,5.50-15
4b3488e5-b461-49e6-9b1e-9112e28401ed,225/45 R18
937b9cc7-5729-47aa-9c10-2388d56a1dbc,195/75 R14
04bfc0eb-749b-41df-8435-c5104f7944bc,145/80R12 80/78N LT
0e610dea-58f6-4854-8205-ef747e4d99bb,205/75 R15
123f3d36-f8bb-43d4-bac3-8999dfcd163e,255/30 ZR20
aeed0d07-5989-4e52-98c9-ab5a42836e4e,275/55 R19
f2d80acf-8147-4480-a1f1-2c2f08644369,195/55 R14
150842ba-d6e1-4255-9234-825bc4586cdf,6.95-13
7511407d-5db7-403a-b0e1-ab8c0446cad1,255/50 R20
12a66a61-08f0-4a30-a2e1-89988cc6f808,275/35 ZR19
3761e816-1298-4807-bdf0-45af8ecd7687,6.00-14-8PRLT
dac3b439-c5cc-4c53-87fa-040580cd5219,345/35 R18
b244b2ec-79d7-46d4-8841-797bc204cc83,165R13-8PRLT
93a134da-f13b-4100-8f06-e8eb4cab1e86,165/70R14
7d178a46-335d-466e-aa1a-d03d040f5017,195/70SR13
f51bb9ab-fca8-47d0-8a97-6752920724e0,185/90 R14
4fdfe1e1-6d65-469f-9523-4a2c964f9edc,215R15-8PRLT
73f1432a-a2f5-45a1-8ea3-86a9b574975a,215/40 R18
8a6b5eeb-0dfb-4607-bab8-5735281cc75d,215/60R15
1367d061-f8a2-48e2-a461-373c9f5c3af3,225/55RF17
66c53753-895b-4c8b-8bc4-f17812567341,175/75 R13
756db147-3989-4f67-aa24-0c17d7d20a94,235/45R20
505424bd-823b-4bb0-979e-c4bca5d246a5,215 /60 R16
9dbda5a2-dce2-4c15-a2a7-41b2c66f7265,285/40 R20 108Y XL
60ea599e-f2dc-44c4-a560-ba72c38f8974,Z70-13-4PR
410aff47-ac0c-4dda-b570-360d74ce98a1,190/50 HR14
803f2c50-61cf-4463-b44c-bd8641e47393,HR78-15
efbd7258-45c7-482f-ab5b-f09931fdd7d6,175/70 HR13
f11995f9-a69f-4f35-a99d-e2e65696eea1,7.00-15-6
f532b5ce-032d-4e0f-8116-7f081b6b9d50,6.00-12-2PR
57cd2a0d-44dd-4d64-8fc9-2297d3687d82,5.90-15
592b38f7-8ff7-412a-aea0-6b178d812c38,225/65R17 101S
dd709130-8d48-4b6b-80bc-6d82b5ba3bed,145/80 R13
82f1558f-afc3-4faf-be0a-95705439410a,215SR15
7cde4d59-ce5b-431b-bf51-8b3675f19ecf,235/70R16
ee4902e1-9878-400a-9c81-9e41b262b553,5.50-15-6PLT
754bb09b-52bd-4873-aae9-ae9b73bd9ce6,245/40R17
dc923540-a5c4-4425-a858-93d7005d7641,185/65 R16
d066487a-8021-4f3b-9c99-e8fcf3c06f2f,195/60R15
c55c5432-d343-4805-b732-78331538417d,215/45ZR16
40b34c2d-77a5-46e1-bb44-4181a43ea0e2,6.2S-13-4PR
0e1b1323-08ba-49bb-aac1-cf17a8d9e0b8,165/65R14 79H
4c48ecd2-4683-4c9e-a61a-ec82cd84e594,6.00-14-8PR
65467e9e-0b4b-45ac-86e8-500716d029ba,205//55 R16
7676e76f-c740-4090-a7d6-93e0e6587998,5.00-10-6PR
44293aa8-2263-4dcf-8eb2-27fbdb29a261,285/35 R18
a7f5d569-33f2-493a-b9b1-d02652dc6bcb,135/80 R12
894fe4b7-cc90-4e32-8a73-02ba4eecd7e8,225/50 R17
7f1a2ac0-16f1-4217-b45e-7cd878191a20,205/50ZR17
6b47f02a-c235-4fcd-bfc6-3808ecfdc675,285/35 R20
ef392a20-f88d-4366-afb8-532c324c6963,285/30 R21
33c72c21-6223-4524-9b7f-8b6a46e01d1f,215/55R18 95H
3a6b53eb-eca9-4415-90d1-6f05fb7ee2b3,175/70R13 82H
dda4631e-48e0-4f94-a0ee-6fdf181cd07c,275/55 R18
c62747fd-fd2d-41d1-ade2-a70825d0e4a6,275/40 R18
9c1b611a-2d7a-4027-b0d6-6bb5ce498cce,285/40 R20
8911f951-ce6d-4e25-93e7-290281f96fb8,255/45 ZR20
344ee0ff-ed1c-48d9-bce8-7817c1c24031,315/40 R18
cec770d2-580d-4453-b9d6-ab1571daa5d8,185R14-6
dff6a93b-3ea0-4907-b47c-6dbcc8e60687,320/80 R17
40479a70-0dff-44a3-b02a-ccd3bb10ad1a,205/50 ZR17
2d5c4b9e-b74a-494f-a04f-51d464ae8456,195/45 VR15
93edc525-1c1a-48a4-9dcc-42600f92a5af,195/60 VR15
7f0b8553-38a5-4c19-8e7e-afda2a03e39a,305/65 ZR18
a6a607f2-7c7f-440b-be55-4ed2bf0af040,215/60 R17 С109/107 T104H
1a448dcc-f269-4540-96b5-3164f0960398,165 R14LT
b9f735b8-ddde-4d3b-8458-f52871ca148c,6.95-14-6PR
9bb1922b-27ad-4e5b-a92d-bd18c8814b5d,255/50R21
8669e8ff-b427-4dd1-b4f3-bb2b7c91d44a,HR78-14
a49c1f46-1f57-4a65-9e43-6c21ad0a8310,6.95-14-8
bd277828-8edd-4fe0-83d7-b37d8afc5c39,205/50R15 87V
eacee5aa-bc34-4521-ad25-b83c0d434037,205 R16 110/108
057ce87a-ab09-4266-a77a-37734327b5f6,185/45R17
1b9205fc-d85c-4c91-9089-431b9ca86ebf,LT255/75 R17C
dfacaedd-6d55-4231-abef-ea439ed1843c,E60-15
9b06b557-57fb-4b38-90e2-c42315d42022,5.00-12-4PR ULT
2cf2945f-95e3-431c-b124-daf7ca3c9c9c,225/50/R17
cfd4f837-cf1d-433e-a940-7b1394ad9779,165/70HR12
1b4ba1bb-906d-4848-b417-a74641408789,R20
81cc5e9a-25d8-4570-8ad8-efc86d0c0fdd,8.45 H15
0d1c93ba-d099-442e-ba94-c1321f8bee70,145-10
85d21813-9736-40b1-bf80-e9b8400f35e3,165/65R14 78H
594580d2-16df-4bed-8b4f-e7915a8c3c02,W225/70 R17
ab3168a4-9f6a-4aa5-bcdf-a362e435a41a,285/30 R19
ef15ad3b-d533-4224-a4eb-17d368a845c4,195/70 R13
8dbd38af-7137-4c04-8ac7-8521a7fa9fab,175/60 R13
abc5df40-9bed-4bde-83d6-43f9428f85e2,225/40 R18
73ec8939-e4b7-4ed9-8682-c50e392ee33d,255/35 WR22
5c44cd5f-a05d-4dfd-8783-18cb1bfd6b50,VR16
bd947628-a2b5-460d-939b-0767524cd891,325/35 R22
bf4d64a0-59b5-4bbf-8114-7c4ffd32b2b4,7.35-14
cd743e2e-99a8-43e2-8995-54089f35e077,225/45R21
91bfa97d-79c0-4351-952a-dcbf417d4409,175/80 R14
b5ad25bc-15de-4166-9fd7-2b1ac416346c,8.90-15
fbc1f49e-5610-4ea0-b532-8bcb566ad8b1,265/45R21
c3faaadc-652f-4950-a398-f523463129e9,225/75 R16
89aaef26-f898-4f79-8765-86471f26dc05,275/35 ZR21
0cbf0e1b-9c21-44c6-a928-edeb4be00dc4,145 R 12-6PR LT
e6d3d8ff-5e2f-430e-bcb7-e52f4563ce4c,235/50R20
3ab08197-7616-470d-9b6f-c4a9e4333b93,255/70R15LT
7153786e-5a7e-4d79-a66a-f899c912912c,255/40 R19
312d3ee6-3060-4b42-b934-f4942941727f,175/70 R14
c3a85c9f-ab45-43e5-b20f-933de0f8d96f,215/60R16 95V
048f620f-fc35-40f5-abe5-9516a15a4d89,215/80 R16
e589299a-cc3f-4909-a1fd-7f604382918b,185 R14 6PR
4ae9d017-977c-4fba-8729-64d2139cb38b,205/70 R13
14339a86-2124-416e-90ec-645f2ee5155f,P205/65R15
7656898d-2d54-4454-80f1-065bc719bb39,145R13-6PRLT
54cb1941-70c1-4748-af59-69ab2f6c4509,215/35R18
bb862658-7db9-4500-b199-09464d9d86ec,195/70 R15LT
2e712398-ac1c-4c7d-a196-5605d99d9312,185/70R14 88H
1e03bdbf-c89f-4114-8f9b-45024f3bb177,GR78x15
b0635a67-9fc2-4a3e-a0c5-464667334ff0,165/70 R13
9f55670a-14cc-4f98-a74b-497d71e4c0b7,185/45 R17
4aed69b0-77e4-4a88-81de-0d320ec85f26,6.00-14-6PRLT
1c7595c6-5fdf-4b4c-9753-0a31aa4ffc5e,195/70R15 92S
05450120-667d-46e2-b597-004aaa887320,145SR10
4ad0ac6a-375e-4d3a-a7ad-687b764a5bf2,195/40R17
da431208-d93c-48cb-947b-b816642d6a6d,285/30R19
429d3253-87fc-4a8b-aa53-5ed49910447f,265/40 R22
d628c558-9264-4a3c-9f31-ac8cd3ab64ec,7.60-15
7b92065e-49b0-497a-9b2c-90085735d689,195/50R19
973fa373-465f-4ef9-a433-ab77b5cee36c,245/40 R19
da8428f7-f636-4b16-a39b-4ec792742711,295/40 ZR21
55cc90c9-aba3-4718-b93d-fbd8b658fadd,245/70 R19.5
a27343a3-2e93-4647-bf10-9334de347b3d,295/35R19
e417a5c4-608d-464f-896e-39c8a002ec7a,175R14-6PRLT
4bc682cc-9a68-4476-b39f-5df5bf356286,R16
77168cb4-a216-4bba-9bc4-6b12650e6ce5,B78-13
ae6a0164-c203-46bf-acdc-926e7fe3e877,195/70R14 90S
9a15f595-b1fa-485d-afb9-cdfc5e00fe43,6.45-S-14
fb574b1f-cc6a-4cd8-ab4b-7ea5f7698e60,255/45R21
14a9fa80-1185-40b3-8e33-93749676ed8f,175/80R15
0fdd572a-78de-4f37-8151-991b9ab58a1b,155/60R13 69H
e3cd7a51-2c99-4ef8-9729-917b7240b099,245/75 SR17
416c9e60-da92-47e6-b336-fe1c37a192f6,255/40ZR18
629e82c6-02ce-4789-8720-33bbf2e58314,5.60-13-4
ffb6af56-5ab7-4c09-a31b-1d075851fff0,B78-14
cd6e248c-2340-4990-8fce-b8f70d565b92,195/65R15 89H
e3955c96-2bad-4795-a564-3eb16b1ee27c,215/80 R15
8701bb9a-0645-4520-a8f2-7dd5a0e0bd40,235/45 VR17
a05e4aa5-4ce4-4fde-ae53-76637e790bc6,6.50-15-8PRLT
70f69454-2967-4e9d-9696-8e186db0f37c,6.15-14-4PR
caef414f-900b-49de-88ad-1084a02f458e,175/65R15
d454409d-11ac-4a8c-b327-e6f5506038e7,235/45 R21
182b08f4-6e4f-4c6a-8e4d-bb48bbe42866,255/45 VR19
e8501fb7-f249-4b6c-800f-7b97226e0d31,205/50R16
e09354ec-7460-40d9-bbad-4c67c51af313,5.00-10-4PR
7dea9fec-1211-4a74-b3a7-b6fd17c35a01,4.50-12-6PRULT
d066892b-7d7f-4286-b34a-1d1b76f8aa19,185/75R15 106/104LLT
1c27ce31-7af4-4eda-927a-04b9b9e4eba0,195/55 R20
1a3ffb8d-7683-4671-b1a2-c268d2a35b2c,205 / 60 R16
0dc90823-2806-41ee-8986-6d05b0cb79a4,255/55 R17
b9b0306a-7ce8-4cc7-91df-e252a72be0f1,245/50 R16
7d64c063-8c13-4872-9ddf-561d0e866427,245/45R17
b21bef52-5c20-4ddd-b480-fc77ecf8ef40,6.45-13
67ba0820-4d4f-41f3-b91f-ec46cc17ef62,225/40 R 18
1e49bc9e-2626-40d5-a1e1-4349d733d44f,7.50-16
5505537e-a796-4484-8edd-d6f144a4e494,215/55 R16
70e1ea7f-5081-47d3-bec0-b3d779c90b54,G78-15B
2510c2ca-3f26-41e0-a12f-e6a5fb8c9551,155/70R19
1475b2a3-509e-4b9d-9ff2-ed74728ea783,225/55R19
4f9bba3e-6b26-4174-bbb0-4493b244e6b3,255/35ZR19
94b153b5-4760-462e-922b-4777ea715e60,215/70R15 98S
8c43ce38-fb42-4018-b97f-ad7ddd51c017,195/50 R15
2c586fb1-eb77-4478-be1e-2c42d7e49c1f,215/80R16
135fab38-ae09-40d1-81c7-8cfc7bdff562,6.95-14
13564a9d-02fc-4c01-b46e-0f453ba27c5f,235/45R21
ef713568-ff5a-4091-8dfb-da0ccc59200a,7.00-16-6PRLT
69fe131d-0c26-41eb-a517-d90c16921dd7,255/45R17
c9f80bb0-19a7-4d6b-a765-2470a06ac1f3,215/65R17
e2d3ef20-a704-4477-91af-e04a6cb11a4a,225/60 R15
870fd380-b1c7-4b1a-9681-7bff04ebdf25,225/55 R17 (245/45 R18 - опция)
0bb3b725-543d-4284-abb6-88fcd0fc66b3,205/40 R18
29ecc5ed-80ef-4e6f-abbe-df23a62d7c25,235/55 R19
16f70b56-97ca-43a0-893c-cdddb931a637,155HR15
0fe54533-9fd3-4297-86c3-4eb6c7f5ef21,235/50 R18 101H xl
7e3c0848-ff9c-47c0-8a87-93b249528b51,185/55 R14
23881e47-b974-463c-a978-b71a9b955f70,195/60 VR14
dc64eb3f-73e7-463e-b198-5deb7393358c,235/40 ZR17
29d7538d-89fc-4ab1-8ace-4c2d9bf665fa,185/70 R13
101b7a9b-3fe6-4989-91ad-f2d83be77035,255/30 R19
a85e5da0-53c0-46c0-a015-c74d7af50653,225/50RF18 95V
df98ed83-e8c3-4b7d-a5f1-61382f77106b,305/30R20
630a7ff0-cf94-4e87-aba1-44f504f7e257,265/70R18
ff94f95e-43bd-462b-9771-6e4f7e1426de,D70x14
97a96ed1-3d00-4087-b30d-b06387079795,185R14 6LT
8edb67fb-399c-451d-9211-76825e6d368b,8.25-16LT
682c838c-386b-43ad-9260-7b3b28a31dee,245/45ZR18
2a6b186e-ebcd-41db-8016-fb4a8ded898b,265/70R16
c1a7692c-8c84-4ca8-9177-213214424fd9,5.00-12-8
d153c7d2-34fb-4da9-a178-b8c0faf40da4,6.50-16
0da69f9f-8915-4348-9411-8cde9264653e,185/65 R15
97b8ae41-3fd6-42f8-9fab-f81c745b2968,205/65 R15 94H
451fd05b-9d7c-4ca9-8c4a-d83c89457e00,255/35 R22
02bc1b73-3f50-42b6-bb7e-4f0931d0e86e,225/65 R16
f5705ccf-ffc8-4ef9-9769-48e4d41dc3f6,245/50 R18
8eb60a31-69ca-4b1f-8be6-b2d48d673c89,185/60 SR13
403e33c0-a1c0-4549-be95-7f9c693a1431,205/55R16 88V
58cbf9fa-c14d-4bcd-bad6-bbe68672de62,215/60R17
2ba6cbdd-d22d-4a7e-946d-f3b913274b59,225/95 R16
d2198324-107d-48aa-a265-87838dcdeb56,185/65 R14 86H
453d4bf8-49b9-4151-9499-ba2fe6583811,315/35R22
ada43b22-b906-4f94-8b47-9f3bc1b7b41e,205/55 R 16 91V
671f3904-2a49-4bb9-9c90-dc72557c17b0,245/35R19
f4463bb2-c61c-499e-9561-1f93cd565f8a,7.00-14
50373f11-1d48-45cb-b230-4f6d8d0e08fc,345/35 R19
c639a140-ec3b-4288-8d36-c498da998b2d,165/65R15 81S
0235c15c-1fb3-4000-87e3-b598ff5b3def,205/45R16
708ab78c-2023-4342-aae8-09ae7d83c9f2,185/55R16
aee79a49-12c2-44f1-b5b0-581467b4e83c,255/65R16 109S
32535af3-0bc4-4eec-b191-07432a958367,225/40R18
b2ea5a51-3168-4e40-860b-ca0a1970e2ff,245/45 VR16
e1fc5709-5a89-4aec-a102-360b2221aedd,225/60ZR15
c2d5b450-694f-4838-8aed-f62fd71bffc1,215/45 R17
82a91af3-58f6-45c0-8f25-479a92903687,195/70 HR14
1df48013-3d23-4da8-9aa2-5228ad8d9721,265/60 R18
afe5fc6c-d4e0-40af-b0da-e1735bdf543f,E70x14
bf657686-61ce-4cf8-9ee0-5ad104a68e78,215/60R16 95H
f5acc862-cdf6-42f0-9218-f4405e21abe1,245/45R18 96W
6f4a9ba2-6f38-4f11-a03d-461b85dd4ea3,185/70R14 87S
336c5304-0069-413a-b936-6afb9b72cbb3,225/80R15
3d4eae31-e803-4edd-9487-b47b332ca154,285/30 ZR 19
be387243-8f83-466b-bb03-34f223862773,225/60 TR16
12eb311d-dbac-409a-a67c-a0736b2af17b,215/70 HR16
656a4095-b049-4578-918b-fded9f0cdde5,235/70R17
56df70a8-d2a8-4a65-8dd9-a00104579e28,7.35 H14
23443e2d-396c-40ee-83ab-ac5fca51c169,190/55 HR340
7a149499-4ad7-4ef5-a568-bcab2fedbf5d,245/70 R16
663cc7da-b033-4ec8-a58e-b5dcfd69bda3,205/65R15 93H
6fd15bdb-1c5f-44eb-b884-b63a6883b73e,215/75 R16
76fe9270-e93c-4057-8897-617a82e0e864,235/70 R16SL
9d71d098-5e36-4290-9d65-fddf8af33698,11R R22.5
fb73fa44-480b-4da5-a2cb-a6da4d1d410b,185/65R14
8b28cc7e-abd9-4386-b75e-129e10e71048,P195/65R15 89S
6e313642-9eeb-4aeb-a0a9-d2a877d13a6c,205/70R15 95H
3a40b211-bad5-4783-acc2-bdf45a12e3e6,215/75 R15
6a0d44f6-0c75-4d09-8acb-d3d0397509c7,165 HR15
bdc6d602-36d8-4f8a-9b34-4825d9184862,205/60R14 87H
b1ffa505-273e-4cfc-8eda-5e4910c3626e,P205/75R14
ff45397a-4c60-430e-8503-760a80ce682d,205/60R16 96H
965880f8-610b-42fa-b12b-54178e09e491,215/55R16 91V
c8c970ed-7d1d-4773-a148-a88312321228,165/SR14
6310066f-46dd-4f8e-8bdd-218e55cb9af7,225/50 R16
3bb773f5-06ab-46fc-8a74-94dd4b902476,195/65 R15V
53eb9e10-683d-498d-be66-7202ab245605,175/70R13
c5c3088b-a8d5-4efa-84ab-1b4c85333eb6,225/70 R17
324a0568-795a-49a1-a630-89d2391a496f,225/50RF18
201a1240-a790-4ee4-ac2f-6ac7a767241b,155/65 R13 73S
273cacb3-c4c9-4d25-893c-392449bdb0f6,155/70R13 73H
62423049-3478-4aa1-b832-3f5bb6f8ec7d,155R13S
e30762b3-2503-46e9-bd34-25bfcf104821,225/60R17 99H
a9187a5d-03d4-460c-9a07-174732e14b61,315/30ZR22
0a32a8c8-f572-41a4-8483-73b6e76867f5,R17
ba72c9a9-873d-4eef-a37f-91e3b4f68b5d,145R12-6PR LT
afade842-0023-4fb0-8847-be9045145d28,255/35R18
55bfdec0-0214-4711-908e-488b4d6ccd38,235/70 R16
a22d3403-e5cb-473b-bb1b-4258da91e402,205/70 HR14
f869843e-4eb1-4aac-b52e-4cbabcae9fdf,225/45ZR17
9c41dc64-4ab6-4a5f-acf5-65dd4b260cbc,305/35 R20
74b5b43c-110f-4d23-9c4b-a2f03a2f20bf,155/55R14
d8f37bc8-0532-430d-a7d6-9b42b0570114,155 HR14
2a6bb198-9476-45ac-8aac-1740b50a1e11,5.00-12-4
501632d3-3b91-4860-8972-913f804aa562,215/80R16LT
376ca3a0-2fb4-4db6-9b57-e14b70629b3e,225/45R18 91W
e13c13e0-4e58-404c-bb18-04a9f38b89a9,205/70R16
05eeb4f8-c190-4a8e-b853-1d0e673ef4dd,285/65 R20
7991e03a-2460-429e-aff8-5503f425c531,165/80 R13
6c72ad52-85a2-4023-831c-7091b8ec1b8f,195/65 R15
7330fd5c-4c24-4528-91fa-bc1f7c2c889e,255/30ZR19
92814951-be08-4155-a8fe-6efb3605477b,345/30 ZR 21
1982e598-40d1-4da3-93c2-93027e055ead,165/80R14
5fe11cee-6865-496d-ad1e-888f2bc3e9d4,185/65R15
af141e0b-56cc-470e-ad9a-e5f2a3122381,195/60 R14 85H
4ea554c3-11d8-43a8-99bd-195fa83cd766,165/65 R13
6f8a1662-540d-4407-9ce0-62317ad1dd93,235/50R19
98ca9330-6851-43f1-b70f-7720a439107c,175/80 R15
e12f04e5-0c27-4a1e-9ef3-3f4b69e8e1aa,265/50 R19
0d651ee2-aa9c-4718-89d8-8b41e3562f0f,225/40 ZR17
2c416f56-4522-4471-b434-a2f5cf8352f6,285/40 R19
34bbd720-176b-4095-b680-0334ccf8e897,165/70SR12
00d85156-6623-4886-972b-b36b95fb0d2f,235/30 ZR18
41850c00-e4e0-4c3c-b95d-b9b8ca888c3e,285/30 ZR20
6e51044c-67a1-4b2e-a707-5b2997135d44,5.95-12
325e6808-a4e4-4d37-a680-f4d237565bba,205/55HR16
33ac31bc-c7c1-4a62-9c8f-86463c95daf3,185/50R16
db22e0fe-90c6-496b-a6d7-b63693dd0836,275/70R16
fcd59710-7a30-42ba-a3bb-aae7831b9668,195/45 R17
fba37267-c17d-4ca0-be47-a58163ca1980,145/70 R12
15d7b58f-8455-4659-b787-bb398533fca0,195/65/R15
96255608-68a8-4954-be14-6ad0b8e3176b,285/35 R23
390dcc3a-fb18-4348-9acb-fbbf7f9ec4d3,215/80R16 103S
681f0bf3-4472-469c-846d-563874fb6597,245/50 VR16
290eaad8-b23c-4824-b80d-b6827ef78354,CT 265/40 R500 114H
66ee4b00-4f3e-4483-91a7-65b3ffd1dbd9,265/75R16
8e485db3-0304-4409-a64a-f564c1ac297b,215/45R16
ccabe0a0-b542-42f7-a99d-24733d9f7afe,205/60 R13
929fb1b5-ceca-475f-bfc9-a594e05fe36a,11 R22.5
9393bbc8-cc20-49ee-b60c-a2bbd5487eaa,305/30 ZR19
2baccd65-3d4d-463d-a8d9-0f902c9e678c,285/50 R20
486f466f-44d0-4894-bf8c-3fba89c54150,185/60R16 86H
9dc3dd3f-2433-4e64-a6b1-5acf314ed10c,215 / 65R15 96S
503a2464-201d-4fa2-9198-b795e7ccd6ff,4.50-10.8PR
918c1024-abe8-4301-b7f3-fb6410a36247,215/55R17 93V
399c845d-0d12-4545-b300-38ea30db49b6,275/45 R22
4a00c9f0-5304-4283-9e73-16a40714d3bb,185/55 R16
e694a700-6999-4c10-8760-9afc239f1205,245/45R18
ac03bcbd-ee93-4f61-97ce-6fc3944ad11d,205/65 R15
56c38704-56b6-4862-9855-67487dd1a420,6.4R14
1eb1783e-f408-4d9f-9e1d-cedb351f0f2d,225/65 R17
858d19e2-e8fa-4d71-8a0c-b683e0b56a6c,Y78-13-8PRLT
f568f2e8-6f9b-4f96-989e-ac4a1e1b3b4f,205/60 R17
a35b8f72-16e6-4e97-9f68-78315578999a,195/70SR14
e79bb269-e929-42a8-87e1-3b16397d7731,255/40 ZR19
ab1bcb69-23e0-4a1e-ba57-46bff64eae04,215/65 R16 С106/104T
29e3182a-272d-4732-b319-7285d07c32f8,275/55 R20
83e940ce-721f-4634-9a90-1a9293db9701,205/55WR16
ee9f09da-eebd-4d2d-9eb3-9447ba7938fa,235/55 R17 103H rf
b06e6d06-1df0-43a5-955e-6f780227c734,235/65 R16
2615c8f2-02bd-4412-b8a6-dbc235036fe8,C70 H 14
648f9b66-718a-4b40-8983-7395931cd07d,235/45 R17
99b7310c-1231-4b32-bb2d-e2cc8aaa471c,325/35R20
1a21e1bb-0c0c-4583-a1f9-90bf3a35a88a,275/65R17
9b9b7815-953f-4b2e-bb54-0e5a506fd433,265/45 ZR19
98a8a03b-fa9a-4e93-8da0-69a4eb988f15,185/80 R13
f8d3cbe6-cfdb-4083-926a-232762ed8af8,4.50-12-4PR
d4a8727b-ff26-4baf-96e4-ad9a3321e029,165/90 R15
d96419d0-3f3f-464f-b46a-2b722218bfd2,7.60-15-6PR
75a18ab7-a40b-455b-b9ed-86dd67cd0b58,6.50-14-8PRLT
2ee16e21-0d42-4687-b89e-28c0456d3e65,175/65R14
6a757958-c6b7-4b25-8f16-94f058e76168,195/60R15 88V
e34ac259-d497-4148-a202-7a9f3890caf8,245/75 R17
c6d649d6-0cbc-4f1f-a65a-126753e575d2,215/65R14 94S
1dbdbd94-b3fe-4296-b699-ac0549e1c2c4,265/50R20
4b02594c-da76-41f3-896a-8c25d4e47dfe,295/35 R18
610671e0-81a4-46b2-a6f8-21ebc2f9bafa,5.25-17
cd21659f-aa3e-443b-a363-809ef63584bf,230/55 R15
623281f0-a8bf-482a-9c40-829f03014527,6.00-14
1cb01d92-8b8f-4915-86a8-d118a9b2b2a2,175/70R14 85S
0eeba11c-8ea7-4d58-9689-910bab89e437,F70-14
64711345-6ec7-425e-ad1f-20d57f9cc50f,G70x14
7cd539ed-73e1-4730-934e-6bd858d2d593,7.00-13
350163ce-3324-4163-9dfa-fda787154a9e,155/65R13
5ab39509-69f4-4b33-872a-855fd1f887c3,295/35 R22
62e1a5e9-adc7-4eb9-87c1-867dd014f122,165/60R14 75H
d9e054f7-c4f7-41c9-9e8c-8e81643e957d,285/35 ZR22
56e43fba-8634-40cf-b1ad-0dfd27284dba,255/100 R16
ad179330-43cc-41a6-a7fb-22d1ecc17086,9.00-14
6a157ddb-8497-4618-a763-f5f2bfd3f66f,185/65R14 86H
67f6bb65-c964-4d65-a092-545e3375b858,285/40 ZR21
69b94889-b422-4cde-907e-927f92ec984f,265/40R21
a6ebf9fa-2137-4b02-9fdb-057fdbd39e5b,235/65 R19
3de602f5-8cbd-4f3e-8d3e-a9f30dd97bb7,6.45H-13-4PR
65619900-ddfc-4d5d-9410-e668f1e8eaa2,265/40 R20
71b6820b-6312-4bcf-a121-b3b248e9cd8d,245/60 VR18
64fd1301-5cdf-42b9-aabc-abcd60a3bc18,21x7.00
7258cf00-ccb2-4eff-bef2-0eadbe766a09,245/70 R17.5
9befa3bc-c6de-4b47-a804-12a974d7405c,155/70 R12
71295534-c466-4469-aa4e-93fcc997f5fa,195/70 R 15C
14781365-44d2-4074-9c95-0f83759d9fcc,245/40R18
0dad2ca8-fb39-4d73-9179-d64584e51a18,5.00-12-4PR
83753bfa-afae-423c-9700-6799dca71925,245/85 R17
2d79db4e-5487-4a18-85ce-b0214412daac,205/70R14 93S
a729b8d6-9461-4329-95b6-e0955d4f5cf5,195/60 R14
e010732d-fd25-40b1-9227-93ef7d1c21ec,245/30 ZR20
caed0270-4d98-42f1-a552-5ebfd1f3a177,145/80R12
2de83c9a-d63b-4083-8f9c-f7c8dd6c0439,275/65 SR18
1b819b65-0335-4450-af89-f845d3bc79b8,275/65R18
4ccfb913-3a7b-4d86-86ed-d58648d11127,175 S14
3aa4c30f-ab71-4e87-a52c-7cc89d91ac66,155/65 R14
a30b1018-c116-4cb8-b95b-191a63a1a97b,205/70 VR15
df7a5811-99c2-4411-85db-e9a7a50f173a,225/55R16
e905642a-6c93-427b-b498-2b82cb643ddd,215/45R18
4669af33-be63-41b3-a880-28018c5b6809,225/75R15
38fe1dfb-70e6-469e-baed-d038e9003871,185/60 R14
fed33739-b2f4-48ea-99ba-0126eb04a19b,165SR13
f0c4aed9-28a3-4c35-b393-9872808e00fb,165R13LT-6PR
98a7fb13-22e6-4586-93d3-9de02ce904a8,155/80R13 78S
0ef459b6-87b9-466c-9991-987237df720b,225/60R15
a8919259-614b-48cc-9cf0-d3070dd03dcf,195/70R14 91S
5409c7e3-0eda-46d8-9ebe-5e700361fee2,285/45R21
7bd9157d-aabf-4a29-b44e-2117f7a7b182,145R12-6PRLT
31ca698d-6c90-461d-8221-b2149c7850ed,255/45R19
146a0c40-78b7-4b6a-bfb7-d784b12b8066,6.45-14-4
99cd15b1-8085-4f5e-b3b8-46867aa59195,225/50 VR16
6a8f2bc3-ceb6-4189-810e-5e81f3c8ddb2,6.50-15
a3a6c4fb-daf5-4dc6-b89e-27fdf96d583f,205/70R15
2eea4035-0bf4-449e-83b5-7a3480017ab3,205/60R16 92H
c712294f-37cb-467d-a325-6e0b950bb782,170/65 R14
731a6929-c0a0-42b7-86ce-d073a25c6f68,165/70 R12
4761635f-4928-45b4-b245-3ce7090e9201,7.50-14
883f2cad-caa9-44c1-ab4a-66e96d9e3c8d,E70-15
9203e86c-ad26-4703-90ea-9e69cda2616d,175/70 R13 82S
d9a6e7f7-133f-42c3-a591-8fa7f59bed51,245/75 R16
f9d6ca6b-c267-4531-a42a-22c79c072928,245/45 VR18
9b5bafb1-c267-4cf6-b889-3127c010b661,215R15-6
f0b84f14-d4c3-4af4-ae6f-cb682c136af8,205/55R19
543ab54f-f033-4826-97a7-2a936645ffa9,185/65R15 87H
073d5c42-91d3-4774-8e77-1350af995706,5.20-13
56005695-28b7-4127-9e77-f517da5da3e6,P205/60TR16
f3ff9c88-857a-48f8-9bab-456b80440f08,145/65 R15
6e06b588-a912-4d6b-8efe-15ee5e4cce80,135/80 R13
f81e2bd9-ba4c-49aa-9fb2-56f93647ea32,8.00x16.5E
083820d4-ac3e-4d0d-9355-c77bbe188ee0,335/25 ZR20
833fbc91-096d-4cd0-9b76-66b71c9e19a5,205/65R15 91H
a0b38fa6-cf82-45fb-a277-9d5b6b77a4cd,315/45 R21
651c811b-77ae-44b9-9f7e-375fc6598625,7.00-13-6PR
dd6ae9ac-adde-4977-bd05-8b788fe9d9f8,315/35 R21
b23e8979-083f-4520-a611-5bf9e3f6af0c,175/60R13 77H
a4c13280-f65a-427d-a27b-1f6449e4a17c,145R12-6PR
fc1fc71e-80f8-431f-acbf-31fa618854a4,145 SR13
f551652f-7de6-4b6d-8bed-dbc0b2f9490b,275/40 ZR20
d3f5306b-7528-4368-b94c-f0fd425647db,275/30R20
2c811cb0-1a5f-440e-b727-57041573f0de,175/75R14
5b7c3236-0932-4cc6-a170-29af7f901615,225/50R16
36420a98-b905-460b-abde-02a53b5dc616,195/60R15 86H
13939513-1261-4cb5-9b63-de68f84da33d,235/55 R16
73238cbb-cd94-41f0-ab14-5c15cc551341,205/40R17
89c76fa1-f020-4a73-9a19-a6e3505b402e,185R14 (опция)
1cd92f97-d8d6-4a63-8088-e7a50d526f54,225/65R17
a10ee643-f947-4f78-bf89-4be5cbef4895,205/55R16 89V
5d165e82-36dc-4143-8ad3-67824f62ec90,325/55 R22
db6f0dcf-8150-489b-96ab-6ae48c3a3956,6.95-14-4
560554f2-f6c7-460e-b3f9-1fe6f69bd7f8,195/65R15 88H
3fd64c48-0644-4ca7-b457-fbde74525a4c,235/30 ZR19
96b8591f-09ea-447d-854d-ca0a0e49682d,265/70 R17
70a8f0e7-fc06-4a4f-add0-ea3ab33df1c1,165/85 R13
63547e18-8f79-4da7-b735-78160dbca586,6.00-13-6
cb7308dd-b687-45c5-bf0f-759e5cfe5e14,255/55R18
4874d6eb-a9f5-415c-bd1b-85a47b7ba1ef,215 SR15
c37a906f-c1dd-499c-ac45-b9fa8495c89d,5.90X15
677b54bb-6f38-4da2-8096-89f18cb998e7,CR70-13
03751365-0668-4bd6-bc2e-c77df24cc037,185R14-6PRLT
b93324cb-e4ed-44e4-80aa-0b07c3b1fdcd,195/50R16 84V
95284044-f8d7-4b07-9980-3b9955c2ec34,385/65 R22.5
d850199d-9c58-4227-8f29-5f5a3caec907,225/75 R17.5
b8e40c32-0291-4f38-a31a-a30b74f37cbb,235/50 R21
fa406c97-f74a-44a9-8411-09356196bbbf,225/45 ZR18
de1f5abf-7270-4204-8b1f-2e01abd8ac88,265/70R16 112S
288d6145-f69f-4939-8ed3-ab9d9cd091ec,165/70R14 81S
d3dd7b55-a232-453b-8e07-b1b56b2d6ff7,6.70-13
eee0013a-c00b-43ae-84f6-c94fbcceb199,215/50 R17
e471c942-6595-4cf7-b36b-a68a379c143e,245/35 R19
658fdab3-975a-4b84-a8ba-c7711d6ef400,295/40 R22
132330cf-8d7d-4f1c-b0c8-e84ca37f0943,185/60 HR13
d077c1d5-9ef0-41b9-a681-6cdb0485c1a5,185/70 SR13
d4f684a6-a2cb-4205-bbae-beff4d46dcda,185/70R14A/S
274459bc-0b24-4ab2-a583-ea3fc4f147ae,255/40 R20
b91fd88e-8f81-4513-9a7a-dd216d093ef7,345/30 ZR19
5a668bc2-e547-45c0-a228-1f3b11eb775b,215/45R17 87W
17015beb-ee69-4332-9f6c-ba83e8b4e8be,145SR10-6PR
c242b850-652d-481c-a0df-4fe6d7659632,195/60/R15
366bd3a7-6aeb-4b3b-bf51-3b262e857059,145/95R10
8053d5ea-43fa-49c5-b1ec-6a0bc863822b,235/45ZR17
d00399bf-a1c3-46ad-8a30-734e76657c87,175/80R15 90Q
f2d1baad-22f7-46ac-9c80-c394254b9731,5.20-10-2PR
93fe2fe5-33aa-49c7-92a8-c107c1f9a044,175/65 HR14
fdb3cc01-69e4-4d9b-beae-c5f539e3cf93,275/35ZR19
33cf74ba-92a3-4b41-8d9c-6c7c69f39b38,5.00-10-4PR ULT
db969778-20e8-455d-8a9b-bec9ef9b291e,175/70R13 82S
5cad9fa2-dd86-4361-8189-bf6a2b4e5797,265/75 R15
994e6f90-50b0-42a5-a526-21d1cd71d9f3,185/70SR13
120a44b5-0c9c-40c4-a84c-82f2cdc4a4d0,255/40R21
93465485-65be-47bd-a768-475c5edbb2e8,185/55R14
f9953f5e-cbb5-467c-9dfb-ba71a2419a79,6.14-13-4PR
f2cb1515-9258-485b-8881-88965e16fdb0,135/80R12
d7f9ce29-c9a7-4c53-8acb-c48fa6390d39,315/30 ZR19
86d1ca60-4328-4525-954c-84cf9d8ebebc,165R13-6PTLT
b2b40dfa-623b-4c86-a0ff-db45cea340a7,195/60R14
c2a9734e-dc5b-4e3a-b6bf-58491f0edc25,175 R14
0eb8a8e5-63e9-42d0-9e36-45269fb394e2,195/70R14 91H
bff537db-58e9-4c4a-a2e0-a0ee1e4229d6,235/65 R16C
eb9108cf-f6ae-4ee6-a9e6-b40497caf265,215/45 R18
05acc07a-2d1c-432a-8a8b-ae2305a41c1a,225/70R15
5a2cd797-954a-4b58-b055-63d9b73ed886,15x8.20
10ad023f-6aa0-4c28-a35e-2686d56aae2c,215/55R16
ff58263e-ae0d-4999-8c55-06f70edfe9d1,275/35R18
4eef6e35-9d15-4cf4-90c7-5ba2f1e3d348,A78-13
9a37fc06-9378-4be0-927e-f294e26f08fb,235/60 R17
375df47e-fd9a-467a-9085-7427be40d766,12.00R20
f273ca71-1720-4d85-8f8c-f34cba3c4f14,5.00-12-6PR ULT
0080fe64-1e7e-450a-936a-a933afaa4329,31*10.50R15
cd237bb5-c647-45b3-b1fd-8a322b70db56,325/30 R21
0100a65c-e409-4fa8-9891-e1c7b3454ebf,295/80 R22.5
a42e9988-be79-43a8-baba-8c49c6417bdb,165/65R13
eb3113a5-2731-4ee1-9283-89202d11f168,175/50 R13
fa4f8de6-db09-463c-84ce-515f74fbf430,255/65 R17
131b3d0d-1145-4cd4-b885-139d7e8e15ce,P195/70SR14 90S
6b63889c-4be2-4372-b81a-9cc4362b17fb,205/55R15 91H
dc623976-475d-4cd8-8f95-4f98b6924e97,215/60R16
aa67a83f-aafe-40ce-a469-e9733bf4aeaa,195/65 R15 91H
97c66769-5f1a-4d1d-8512-b07d6bf4d8ad,155/80R14
915c400a-801e-4c8c-802b-24be98e6972c,265/40 ZR20
4ddc04f9-f6de-40ff-b620-d0f71f075f1c,355/25 ZR21
7f640198-01b1-45a3-8132-387d99f9933f,285/40 ZR20
625a3ee7-301a-453c-a65f-bab5ea29767f,215/75R15
4f5bb632-4a78-4abe-8b41-b825d4515269,145R12-8PR
cd751078-f7e3-43ce-a4b9-040f9d27e108,255/35R20
8e1e96ea-c494-4d83-9064-a9b9179f7114,255/50 R16
cdb2a007-a9ce-4ea1-8e99-1accd050767c,285/70 R15
2242371e-a9aa-4799-97cc-caa901a50436,285/35 ZR20
dee05312-08fe-4ba7-a51d-d50c495f77ac,155/80 R14
560d3ca6-e2a1-42cc-8000-4b552b225bd0,155SR12
5f688502-00e0-4f80-a707-a67ea2bae436,H78-14
0386e18f-7d37-4eff-a76f-5fbf61512476,145SR12-6PRLT
98aa9f1c-a65c-45a8-8d97-92db92c5c344,255/50R20
c4ef2631-33db-407b-9c0f-bf00195a1238,H78-15B
04d44bfd-ada4-4810-99f9-5882ad9b6edf,285/30 R22
e0fbe69b-6952-4a73-bfb1-1514f7b3f858,205/45ZR16
be216130-5a92-47ee-a339-8d386a8f1247,225/60R18
8b59a55e-62c8-4b4e-9f2e-e34e887fa976,235/70 HR15
a48e3685-9784-4624-b1b2-e75d7e90eaf1,175/80R14
bea4b3f2-6128-4ee7-b3d7-1e53414e9fd8,295/35 ZR20
00a2c7a7-035b-4797-abd0-b65229ccf615,175/50R15
789ba378-5719-49b6-a461-3103a0b2dce6,150/80 R12
375834e1-b8c7-408f-beb2-ed7deaec1706,275/40 R19
fea11997-c7a2-40df-a5b5-b7250e6b5072,205/55 VR16
717274c0-1c99-4e6b-bcb4-f37c7401ac68,245/45 R20
71c4051d-17c3-48b5-abcd-50dc00f53843,215/65R15 96H
42d8bb3d-65cb-4bf7-8bea-61d14dce3be2,215 / 70R15 98S
100f6937-3352-455e-9abd-982f84f3b615,255/40R17
4ab02c4f-8a94-4ce7-91a2-8b1e43156c9e,265/60R20
4f510dc2-55a8-41be-af8a-3b087a2aebe7,205/55 R17
13a1cd7c-b294-44fe-b2c1-99a8850b44f5,6.00-13-6PLT
926d1a96-327c-4ef3-8732-144d5bf2e170,155/80 R13
20ab3401-803f-4ab1-975d-16f95240325b,195/50 R20
93e27266-9cc9-4b3a-b5b8-a9bf346c183f,165/70SR13
31fd7e68-5e6e-4708-a818-05417d8ab185,205 R16C
c62e7a89-d34f-49cd-bce5-6fc2a768594f,255/60 R20
9c952fe5-b4dc-4e3d-bb10-e361a7bce57f,225/55 VR16
7c7d7668-f680-469c-b029-7fd22591f998,285/30ZR19
cb4a8a81-65ff-441b-be01-addc6ce0fc0b,245/55 R17
c6556e05-2a89-4453-a0c6-d8c8c13c9f83,235//40 R18
7227704a-b03b-49f7-a3a9-d622c93115ea,155/70R12 73S
6d675c1e-b742-483a-aea9-39fa84df694a,275/60 R17
dcebe9d8-1a22-4bd1-b9f2-48599a9af9eb,265/35R19
237a24c8-5878-40af-87dd-29d22758a8d4,345/35 ZR18
10db26b2-d0c1-4120-bd9c-de505d5236c7,245/35ZR19
2f73c127-94db-46b0-82c8-522c9a2e5034,245/60 R18
41b5a9c1-3ef3-45a0-b0f6-ffe6b99ffa15,235/75 R16
4a718cfc-7467-45fe-be4c-cea0c5b69cf1,215/65R15
43affa55-fbcc-4e78-98e6-54bba9c43281,165x15
4952f63c-243a-41a1-8d5a-64b1854e6137,195/70 SR13
edb8ec1b-4a6a-442e-9a73-87370bc7c8ab,31X10.50R15-6PRLT
72b4b703-af6b-4baf-9671-d1317dfb3001,235/45 R20
b838eb50-4bb8-4b0e-9ed5-42fb665c845d,265/35 ZR19
6c1a87e3-61a1-4860-8c7e-d9fb1a7af908,155/60R13 70H
1cc6b488-1cdd-4993-bd1a-e7e57490015d,265/65 R17
8532dd0e-0b44-4bd3-915a-f68f7e7038ee,245/45 R20 103Y XL
f95243f1-4924-46a3-a694-d45f9fcf5c2d,145 SR14
415e26d4-3f3d-44fb-bde2-53d9c98e6dcc,285/45 SR22
7d04c6e7-b9b9-4094-a8ac-16e6b1711825,165/65R14 79S
9c5001ea-1286-4a07-8aa8-de2140f91b6e,205/65R16
7677599d-45e0-4703-8ad2-ed91d09aa9b6,235/50 R19
f69f20c3-2c33-4c40-b03f-0368e9c0ea63,5.00-12-6PRULT
5754e282-e22b-443b-bea5-4b513d733b3f,175/60 R18
b88346c0-b5e0-4b91-823f-2a0b5e1ae7b6,265/70R15 110S
fc8c6884-cfea-4f3f-b149-59449df31008,165-x15
46f837f3-8f16-470c-9ce8-123e9d8dd91a,205SR14
a2975623-668e-475e-844f-11717e323c1b,175/60R15
b7c7712b-b27b-43e4-b3e8-cf66325fcad8,6.50-16-8PLT
28f72376-f98e-41f5-aafb-42c4339e6a54,315/35R21
834a9353-defe-41d0-8a14-4f8d91b41e8e,195 /65 R15
c3bdffbd-8d39-4eee-a043-922feee4200d,225/75 R17
c54ecd96-694e-490e-93a4-cc7431a69885,155/70R12 73H
c93c2b23-d604-4b74-9932-64be88fa4af3,235/60 R18
e4d5f928-a176-4894-9e35-f0059157b0d5,5.00-10-6 PRULT
31b65313-0f2a-4d07-87ea-e8944235642a,295/30 ZR21
4468e0f4-a26a-4468-916a-1c6b131e2958,185SR-14
392aceae-5ffb-46df-84da-1ace93e8caf1,285/40 ZR18
ddd972e5-452d-4f36-8f58-21f6a04f2c4d,7.35S14-4PR
2c9454e0-181f-4aa7-9698-1c2745d319c3,6.00-13
f6cc0697-cc7b-4bb9-9ada-677c7b1009b3,195 R15C
b3c5571b-3be6-4460-85f3-5e596d514d23,275/35 R21
d27fd0fb-d5cd-45c7-b132-e37a3972f139,275/30 R20
3b4b7ccb-7d12-4f56-812a-5a62f8eefe0f,285/45R20
98600156-e64a-42b5-b03a-ca48d4aabfda,4.80-10-4PR
46ac264b-565f-4b44-903d-7db040076f9b,295/40 ZR19
ac93dda6-cf3c-4229-84ef-2438dd344223,175R13-8PR
8e10f1cb-8b40-4547-a6c6-5082f8dfb557,265/40 ZR21
7338204e-ea65-4f06-94cc-bf578cdbd3a6,295/30 R19
59a0ccf8-8f57-4c84-abfd-f232d295d962,205/65 R16
b4e9de73-0e61-42f8-a637-ea4932d63c8c,6.00-13-6PR
3dcdc613-e8cd-4f06-be34-5b8bca38567d,225/60 R17
60b3ac3a-99d1-41d4-818d-cb1dbcea1324,255/60 HR16
205b6808-de9c-4053-a22e-a617ec7ea4e3,5.50-14-6PR
4f6a728e-491a-48b1-87c3-78ef6bc8811f,145/70R12
76279aaf-ef92-4ee9-b617-acb6b297cc41,225/55R18 98H
f6d33581-7990-4a45-bd93-7079529ad12b,6.45-13 -4PR
a0efccd5-b11b-46be-a19d-f7521b55bde4,285/40 R23
acfa6360-4d2b-47ef-96b4-2549bf86f7f4,195R15-6PRLT
e58bd8f5-a5b9-4bb3-96b6-3a4eaf1dc88b,275/35-18
761d32a1-e0a2-4a22-94ae-7b8c49540ebb,215/90-15С
24796087-e8b7-4053-a3bf-0de5aa32db09,265/35 R21
514d35fe-fd26-48d7-b94f-c226801e4cb7,195/70 R15
5c91b9c2-65af-429d-a14c-32a6696800c0,175/60R13 76H
a5d161f9-0d6c-4f20-bbd6-1dc2249243a8,5.25-16
7a18b2d6-7dcc-4e81-9d4b-030143d9e5e8,275/40 RF20
49d3bb4b-17a9-4253-940c-6bcb7d31aa75,225/55R16 94V
fd093691-1cc8-45c9-aeff-a69aaf75bc42,205/55R16 91V
29722f1d-d611-4864-9fd6-39fe37667f42,295/30 ZR20
42e30720-2863-4cdb-afd3-dce9e8efb911,235/55 ZR17
ad9ac13b-729d-4e2e-91c8-de7b359e6d3e,155R13
a8e382a1-4b51-4374-b124-ef848c854e31,6.40-14-4
bbd7978e-9af0-442b-81ca-fa40a0d0833d,325/35 R20
64a5f710-79c2-418d-a8a2-c07d6617db9a,195/60R15 90H
0c98d2e3-cb7e-400e-938d-f0405b579e13,245/50R19
4138917b-a70d-4af2-883f-c68e5044f180,195/70HR14
1db94d08-1a45-4553-9bf9-47288ccbcb03,155R13-6PTLT
0748462b-a4b8-44d4-a330-9d2c188d9c00,265/35 ZR21 101Y XL
3f923939-0778-4530-9be7-d0d6a7657058,225 / 70 R17
8bf94e13-62dc-4c0c-8d28-752d33a36560,235/45 ZR17
110e11dc-455e-47d5-981c-97a9470afffe,255/40 ZR21
0c057788-37b2-4158-a08b-f465542859a6,185/70R14
b8aa2665-550b-4370-9fdb-18cef15b31a2,315/40 R21
254dacad-884d-4982-af57-d6421fb20b43,135 SR13
0f36bf36-05bb-4e3b-9db6-842b515383cd,7.50-14-4PR
c5bfc10c-33c6-4a62-bff9-40893ceb5839,275/50 R20
cd39056d-0576-460f-8107-504a2e09e491,175/60R14
f413017e-011f-4569-91e8-f496c9842be2,195/65TR15
1404564d-9fff-41db-9b0d-99fb1126b974,215/65 R17
91247f1e-1d16-4f2e-ba53-e7d6c8f02381,245/50R18
17ed5634-1b28-412b-9b69-d24015ded944,FR70-14
c43e716d-cb51-40d3-b984-c08b34f2367a,155/65R13 73S
3b525396-7a21-41de-8939-2e0da3af11ca,255/45 ZR18
df0b6f47-d7fc-4164-958c-59266b02866f,245/60R20
5befa315-bcef-40bb-bfb0-f28732524732,265/55 R19
57f3ce84-3d19-4837-8466-5c0956226089,225/35 R19
22d1e98a-690e-441b-b620-de4c81cef747,P235/75SR15
b32597bd-2dcc-4a2d-82e0-b35eec90f57e,6.15H-14-4PR
6cbac544-37fb-421a-ac07-f12faa8034bb,205/70R15 95S
6842f6c0-95b7-4e2d-b753-c92d0490e397,255/40 ZR 18
cbdd6e2f-4a0f-4c16-a9fb-5e63ea50f2f1,255/40R17 94Y
295223db-fedd-4cd4-8baf-0025603ff03d,245/45RF20
c323a969-ac59-44b9-bfa8-f8cefc44ff04,305/40 R20
5349dc5e-1a43-4d84-bda9-a51e3772bee2,165HR15
b5d2bb66-1aa0-403f-901d-2fc27144ea21,193/70 R14
8d773f5f-ed61-4651-bce8-e4ae8f7e7649,215/65R 15 96S
4d733083-14fe-4178-8274-7feeb45d28ad,175/50 R15
25d007dc-eaf8-4f05-8ad3-07016af0c14f,225 / 50 R17
568e5181-03cd-41bd-a7cd-dcb1dec2cb40,195/70R15 92H
48e93967-6a9d-47b1-a143-11339539798c,6.50-16-6PRLT
84047e80-81ff-46a1-85a2-7f1c234b4990,175/80R16
486eda67-99a8-454f-ba09-5a447dfbe24e,6.95-14-4PR
4752892b-2813-413b-8ba1-4582c230081a,215/80R15
2293c607-9ea5-4d92-b497-795072a539ae,215/40R18
8c4ca30b-b669-4208-8c2a-1be299414392,265/65R18
274b8da3-ba20-428a-973f-a3eeed73161a,5.50-13-6PLT
b49f5800-44d6-437a-a337-c22324fdbe0b,225/45ZR18
ae123a6b-fe94-47c8-8476-46beab028eb4,265/35ZR18
d7c4c524-d348-496f-bd92-4e67a4688100,255/45 R17
3b0ca52e-5f47-4ce2-97dd-f6ed551a7e10,255/75R15
e084d4e7-c440-4e26-bc6f-1b3755336f77,165 R14
7d41f18a-4f41-4faf-a3cc-acd1ad67d1ee,235/50 VR17
64f41336-a9ec-496e-836f-17e33d0210a3,255/40 ZR20 101Y XL
c314ff0a-5026-48c3-ae42-800c20621268,5.90-15-4PR
a195f087-0667-4747-9555-47824481bd50,335/30 ZR21
532e2068-5709-4366-a6d6-e0e0d3132bd6,185/70R14 87H
b01c17d5-1dd7-4ca8-8c87-b4e446677a24,B78-13-4
6fd51cd3-e488-4784-b7f4-f7e7221bfa23,195/70R15 92Q
ad7ac75d-6634-4a85-afec-1d19624ef38a,235/55R19
289f41b3-2350-4042-a6c5-c576a8f0f616,205/55 R15
f499e17d-6fa6-4b17-a937-3bd2b4bbcce2,225/35 R18
73cb875a-8d85-4bd6-bf54-fccb51019b57,315/35 R20
992593bb-095f-42a1-a966-25f9224f3a78,185/70 HR13
20e102b2-a9e9-40a1-a2af-53a4a7cfc93e,255/40ZR19
18c1bdb4-9c24-4b2c-ab4d-f94678a1b1c8,275/35 ZR18
840ef2f6-0a0a-439e-9d82-6c9694f4bb2b,265/30 ZR19
4153851a-c4ff-4750-a1e4-c0643bf89c48,175SR14
75b9171a-68cd-4dff-a057-889cc14f3987,195/65R14 89H
7f77ce66-fb44-4d2c-8b3c-126ce9e0908c,R13
84e2f43f-5857-4b16-b9df-d3ac571775a2,205/55R15 89V
64609177-db0e-4b0a-915d-59a52d3be21d,295/45 ZR20
089b4467-d0a4-4afa-81eb-215a312d226d,295/35 ZR20 105Y XL
6bababd8-002e-42bc-ba91-5a1ef2897e66,275/40 R22
c14c6777-ad66-42e1-9ded-3f4ed14d9e92,135/80R13 68S
d91659b8-e5ee-4733-bd33-9f7dd62c4bb1,245/45 ZR20
cdba55cd-091f-4cb2-a90e-3b95bc535f18,205/65R14
05024977-9bd3-4232-964c-f20c69f216fc,19x6.00
34ba0baf-5351-49df-ac65-d7d29798e1a4,245/75 R18
fe282359-4ef9-471c-8e5a-084db56c681c,225/70 R16
bcd5c474-f419-4205-89cb-a10e415a0ba2,DR78-14
2ba59b6e-465b-49ea-b4bf-74bfcd2a86b5,215/65 R17 / 235/55 R18 (опция)
88c58a4a-0f32-49dc-8afe-4318d56e97c0,225/55R17
6617c13c-92c3-4491-a54b-46150b486ee3,215/50 R19
459b9749-b8ae-4f79-9947-cb7db1d660a4,195/45 R16
7b0067c3-727b-4747-af8b-375cb15fa30a,215/45WR18
4cf63490-a13d-49ea-b012-c9967a506a4b,175 H14
e897284b-3ead-4562-90a6-08b514e7461f,225/50 RF18
5fb4a7d7-20bb-44da-b7dd-4f842f875afc,155/65R14 75S
45113bdc-c1f1-421a-a541-93c1eb231b54,255/35 ZR19
fd085cfa-0dfe-4a6a-be87-0a1b048e932b,165/70 SR13
48b1cf02-2cf8-40ce-9437-058741962ddd,225/45 ZR17
eafd1201-269b-4ca9-8d81-a75dac538559,205/70R14 94H
4347a81b-bf77-4df4-a178-d1bcbe65209c,185/70HR14
38c727e5-853e-4045-964d-d622ef1dd0c5,5.00-12-4PRULT
f789192f-58db-4b4d-8e1b-40224f70a755,215/65 R16C
341e6ef8-8474-41e5-89ba-7d21ca5bb668,325/30 ZR21
4cc0387c-bf39-468c-9a3f-4c4c21993cca,215/65R15 90H
17b0073a-9e25-42fb-b667-3d6673a3ec73,205/550 R16 91V
7a82eddb-d4f7-4464-b8dd-bf57bd1e722d,220/55 R16
65b39f77-e0a2-4e83-9f3c-ad5ce7efd49b,245/75R17
e4b8ccdc-05dd-4374-8bbe-c0af6a3c82a5,215/45 R19
732aa7d4-a06b-4428-98e6-26eb5826a189,W265/65 R17
faba310d-9f74-461e-b792-9de394f3028f,12.0 R22.5
25e2cdae-10a3-42c6-b88a-2286c20554a5,245/40 ZR20
be867681-a27b-4436-92ff-a5b413da7129,195/45/R16
006a5589-d85f-40c4-96d6-3e1e914174bc,255/70R15
27c24fd9-816e-4a11-b867-4d0652e5e058,245/45 ZR17
eab542fd-01bf-48db-a12a-32e591df757d,205/55/R16
55e93c71-c80f-4fc7-a109-2ac0cb811e32,205/60 R16
ec78615b-4a03-43f5-8fb5-6972dee8102c,F70x14
e71903bc-8031-4b36-ac91-d900254cd334,245/40ZR18
ce1c48e3-331e-4111-813f-a9b697c99e9b,6.15-14-4
67de67af-f6bf-4382-9bb6-81ba70b5021b,8.85-15
4b4d8eec-212e-4842-9512-e25479034315,185R14-8PRLT
90ff8fe6-f140-45c4-9fc3-3e25a9c54b2f,175/60R16
4d3f77d8-f8ec-4869-9dc4-4e6d9629b451,235/45R17
1974993e-b76d-4896-a970-486395bd986d,235/70R15 103S
b2ef108c-73f1-427d-852d-0cf9f9341247,275/55 R17
d7bd8493-825a-4c18-aff6-56fe242a876e,315/70 R 22.5
a256e4f4-df5f-43d1-b81d-f99c7f41b44e,285/30 ZR18
fc9a0dfa-3273-496b-80ae-0d37ddb7cb73,235/75 R15
1db99220-462d-405b-ab1c-9eb29ccba2b6,235/50 ZR18
18f924d7-dc08-4df5-ab35-d00e04c1c6d0,215 / 65R15
e04837d4-fc74-450d-b64a-79137d63e110,6.45H13-4PR
bf7318cd-a0e3-411e-bb0d-8564d585d6a8,215/55 R17
b07832f1-1605-4770-9baf-9c23f19958c5,175/70 R13
a7ff83a1-c065-41ca-ad92-9c28e13482e8,185/70R13 85H
b7756051-5520-4f57-b112-22f62b2fcfd2,165/70 SR 12
f150f4f9-6852-4ed8-9ec2-2e20624f800a,235/55 R17 103H xl
2bf08dd6-00b9-42da-ac65-2c4530a338e2,225/55 R18
ecb5eab9-d74a-45b3-9643-5a4a607e8eb3,255/50R19
c2176111-eb46-4c9e-9cd6-5082e61da934,Y78-13-8
4580d50f-2661-462f-b34a-4b8f0a2ef416,195/60R14 85V
f202140b-895b-4417-a272-456c6693c5b8,325/40 R21
acbdb464-7ff8-4895-9643-a4d08839504e,145 SR10
2235f60f-7e5e-4028-92f3-d0fe00c32386,175/70R14
642af9c6-7bba-47fe-9af5-344fb93be5e3,175SR14-6PRLT
cf5ada0c-988c-4bc0-ad35-977af07b8a9c,215/75 R15SL
4ac60d96-56f5-483f-9971-757ec847efd2,265/50 R 20
b1352470-d105-4bd4-84a4-0e29faf029fd,315/30 R23
386a02f8-e622-406e-b215-c8e508ed24fa,235/45 R16
327b4fbc-6a5d-4fe1-966c-e5ca824ac1f1,185/55R15 82S
f4a15085-88a3-4a3a-95db-5e9082b7821d,185/55R15
4e301d34-72d1-47d1-9196-9092d892cfee,205/55 R19
28e385ff-7eab-4884-97da-d84cb326f8c3,225/65R18
e0964aaf-6190-4e45-a2db-751d8eb7e766,315/30 R22
2df2e7b6-7fab-4fda-88ee-fc875aa9048c,235/60R17 109/107T LT
55907265-3f0b-465e-b1fe-1db37b1bd063,265/55R19
0e0bc6b8-4f0f-4487-a377-172d5d6d6b9b,245/55 R19
31f259f5-7964-4f6e-89ee-e5ab001dd89f,135R12
ceccf170-ae9c-4bce-a03b-ee7f70ac714d,335/80 R20
5472034b-2061-42a8-af64-9a4e35c65b02,165/60 R14
2f6bff3a-33e7-40b2-a810-956cc5821137,245/50 R19
25615a85-055a-4a4c-9a3a-b6a532a2da84,5.00-13-6PRLT
a9448f8d-5072-4c00-bb3b-9e727e1438aa,205/65 R16LT
a1492a2b-87c3-469c-b8c3-73803228a090,205/55R15
c0d1b18b-e580-407c-8d6d-c6adcf5468bb,285/40R22
6beaa21d-03ca-4de9-bf58-eebd7e3cf372,195 / 70R15 92S
af1c12fe-ba12-4f6e-b827-e608d9ae7629,31*10.5R15
2dc4b893-9353-4870-8ad0-a33559d566ec,225/50R16 92V
c3f76335-b325-4eef-90db-18e67c55c7c5,165 SR13
0c211838-4af4-4e3f-8c6d-e5eb08cd8bfc,J78-15
455e9193-af1d-44f9-a4ef-4087945e03a1,R35
15de675f-5c88-4dc6-8359-eaf60fb72873,255/55 R18
505870dd-e29c-4305-b563-f6e7f541f794,235 R16
b3c14ecb-27b9-4597-8209-ca2ba49a2e2f,225/45 R16
59df824b-3c1f-47c7-8ece-b0bfb9bc8381,335/25 R20
8a87cd43-0dd2-45cc-8307-89da2e92409e,225/55R16 93V
935c1227-040c-40eb-8d4e-40ca74d81015,6.40-14-4P(6P)
f1e8dddc-1b80-47b7-a1ba-3e3ea244e45c,12R22.5
e686d925-62c6-407f-b82d-56bb9dbede32,6.00-16-6P
4cb4c8dc-fda5-43dc-8316-8f8cf845f2f7,7.60 S15
16a9219a-0062-4b19-b40a-f987648446ab,275/45 R20
22c07122-37f3-4994-8247-1cbf89e90fee,195/65R15 91S
f502c541-0c3a-4ee9-b7b3-0bc5cbc9587b,225/65 ZR15
9881f784-a449-4b71-823b-1a9ba851abb3,6.5Х16
59823f05-8450-4baa-b547-ee02cd4a4286,215/50 R16
cde110a1-76be-4cc8-afbb-4988ab3884fb,235/50 R18
998dc3cb-9f2d-4266-af5a-3d889fded24a,285/35R18
78eb66e0-0543-4173-ba40-387bfbefc875,265/70 R18
264e911d-18eb-4985-928c-7a9bb83b8a16,11.00-R20 16PR
0b4e592f-f9be-4484-bf24-6ffd63a9352e,185SR14
0f4026a6-00ff-4762-8f03-e8382d96a55b,5.50-13-8PRLT
c5f7982a-e1a9-49a2-8dee-29945ba176a8,185/70 VR15
5f44ce8e-9bb3-4ec7-b15d-9a4dc0104e27,215/70R15
ef586b02-2bf6-4f20-9ff1-d7896e362702,215/45R16 86W
62e46b7b-91e6-4f13-9a53-19e72743a0e0,175/60R15 81H
29a3f975-4d2c-42a3-ae93-f9af52e396e3,225/40 YR19
7b0616c9-e806-4a43-a6b9-ac722cc4e70d,255/35 R21
bed83a29-2c6b-46ba-a943-a5c95c41c48d,325/60 R17
10a8c19e-a4ea-4c8e-b215-898ab9afda9e,275/45R19
f68fd450-5629-4b65-8749-7e5dfe570877,255/60 R17
e3802c98-50ee-4eb8-9d25-cdd20d62e988,285/60 R18
c4466d7e-497b-4f59-8321-89f46a0a9046,255/45 R21
d61b7e43-3939-4a41-88ac-d6eb80cb39c0,275/35 ZR22
870c3116-b74a-474a-8f09-d0016920a838,6.00-16-4PR
aea3e570-dcb3-4060-a21a-1f1407ddc62e,255/50 R19 107T
fdae2331-0812-4d18-844c-982f909ac4c3,275/40R18
1dcd09c2-3a28-4ccf-aedb-a52e50b65251,205 SR16
4aa65530-bc32-4e26-ad53-85b82d564db6,8.50-14
0e89a97e-5d40-457a-ac16-4250dd1ca055,285/45R19
5d88f091-e0ee-413f-a12f-8d3e0951602b,165/65R14
8eca3b18-4d9e-42df-9dd0-182e87e654a5,275/70 R18
2da1831d-85f0-4b36-8ebe-be1e42322ccf,235/50 R17
0f52e45f-9b93-4903-bd46-23784cefa3be,F78x15
55b57252-af48-46f6-a6a2-4ddc74cf6571,7.00R16LT
51dd1a36-d555-46a4-ba5a-72b8a02256d4,265/65R17
f7bac71e-80d9-422a-8eaf-a5d95da1f05a,295/35R20
5b9a15fb-6115-418a-89e7-27fabfeb3890,5.50-13-6
be8f41d5-9308-4bbb-aea2-7f3c588ad526,245/45 R21
f7c7aa65-fa04-4430-b48a-b830d9253046,185/75 R16
23f1c1ff-f92c-4374-959f-9253f784d1c7,6.00-S12-4PR
33f4f72c-d088-4408-acb2-89f668825269,145/80 R12
c55fab56-7c91-4b0d-a3d2-58aac8989b27,480/95R29
0c5b402c-7a3d-4123-90e0-8e71d88e49a4,220/55 R 390 TR
8d46e608-42a9-44c3-b450-0c9ac33ca29f,175/65 R14
6118ad33-f2fe-4db9-8160-6ba428b85df2,185/60 VR14
409ef1c4-b0cd-4d78-80b5-be016bcde44d,225/55 R19 103Y XL
3f229899-d72e-4c46-a700-3e1eb82e7db4,275/50 R24
394e69ae-42cd-4938-8654-90c31826ad02,225/55 VR19
72de954f-f6d8-4949-a087-08286bee30dd,6.45-13-4RR
26300993-625f-40ef-8f44-194b72c91610,155 SR14
dd7fdba4-06c0-4dfe-bf89-770ef663c508,195 R15
6f08749f-3cba-4d44-9929-a1b129a486b4,6.15-14-4P
e9a4d819-f39a-4dac-86e6-4938ef6e2141,175/80R15 90S
ef19c0a3-122c-4131-93ce-7f3d17f26382,235/75 R15XL
362211aa-df04-4ced-9a18-3099f56202a4,6.50-16-6PLT
387c94ec-20ad-401c-b7bf-fea6191a3577,5.50-13-6P
3c42eff7-9ddd-4c26-86a9-dd39af3242c7,285/40R21
fb19caac-5c27-4117-b809-36bd560b6e39,9.15-15
84ccf614-f562-42ca-b723-5f935eb3eb1e,315/30 ZR20
52fb9bcd-412c-4299-909f-35466c7a9976,155/55R14 69V
680d60b0-73a7-4557-beab-f5100b443153,6.00-14-8P
4b4cefe1-2333-4d1f-8112-b7ac80bb4faf,F70x15
c0a1d99a-fcf6-4574-8eec-fab26c1bb91a,6.40-15
2439f985-c870-4066-8949-3d6c906ba398,275/45 R19
ac2ec602-5473-4fcf-b44f-578d36e45bba,175/80 R16
23787a41-8dc9-44eb-a6ad-f4c5da22ce40,315/35 R22
219bcc50-9e51-4f57-9a8f-47cb158d3d23,235/55 R17 103Н rf
c4c0bc24-a78b-4a70-90e5-3c3f72f1d51c,6.45S14-4PR
753544f3-a4d7-44dd-b687-537ce26db27b,G78x14
99e9915e-0e84-4fac-b2ec-c70961a8c7cc,165/60R15
a4186fbb-2b77-4703-bd9d-e564baf6d10e,285/40 ZR19
14f9d86b-e914-489d-8aea-132ae1e3a527,225/45ZR17 94Y
50e3c318-2dcc-4c13-bfaf-417202677273,275/35 R18
a7e96334-2eca-4dc7-b3f1-be988236c7ec,175/75 R14C
72d99927-3c8b-4fff-b676-ac18a13a7022,315/55 R20
87198124-db48-4e72-bb60-cb4bed69e02b,195/60HR15
f0906e68-54bd-4c7e-a93b-7498cfb78884,ER78-14
c1e3ebf0-ff30-412a-941e-68852f9aef80,265/70R15
1b885b99-9998-4484-bc12-e6263b4d2cd7,235/55 RF18
403afe99-8879-4a4a-a997-2c7e6785cfb9,255/40 ZR20
626498ff-73aa-4744-9383-deefb764a74b,235/45R19
ce4bec8e-8774-4db9-9c79-4d9c1279b0d4,155 R13LT
5b04ffb1-1c88-4eb1-8f81-8a6a5ea09642,195/75 R16LT
909fd08b-c4c8-42bb-b8e2-65afa4e5b4d4,6.00-16-6
57321aee-c210-4bf5-ba36-c22d6fd36c0a,245/70R18
26243da4-e5b2-4d65-bfbf-391901dfe707,255/50 R21
a98ecdfe-db05-4e96-b670-bf0ab8338ca8,215/55R17
7114635e-d69a-49f9-b738-710295ba70a3,8.25-15
a48feed6-542d-4381-bb7b-81050ad4a134,285/35 WR22
8984192b-dbde-4202-9ce6-ce110d3ab151,245/40 R18
e4a04031-7cd5-428a-9795-e3125c615f65,205/45 R15
86fe58ec-8f0b-4363-b203-f36e58477579,205/50R16 87V
5822e2b8-78a3-4c9c-8af0-f2a7436bcde0,185/60 R16
b24f699d-5512-4ee0-ba6d-5df32f76304d,255/60R18
4121263b-805f-489c-956f-d1b04be63769,235/80 R16
07d24778-2643-49f9-b8da-f2bab6094cb2,175/70R14 84S
056ee8ed-66d6-4e0a-a5ca-47b87510a14e,245/50ZR16
345064a6-9e76-4fbb-a78a-34ea08c83fb9,195 / 70R15
546dafa3-9c2e-4157-a1e7-bec48af8fbac,195/50 R16
5fff0b98-b2d4-464a-aba3-81861a269414,275/45 R19 108Y XL
91f2861e-8932-4043-84a6-01832cb2017b,235/60 R19
1cc836bf-f737-47ff-8281-6eec3b3a5b82,155/65 R13
07215c53-05dc-4b00-bb29-12d85ffabc5f,215/65 R 16 C 106/104 T
e0d63d2c-97c0-4413-9fcd-9fe20e310be4,265/40 ZR19
a4b519bc-db61-45f1-82db-52ab7d203daf,8.25-20
0a7caeca-ef22-450d-bfd8-48c1aea00827,9.00-15
4579e058-f112-4e37-ba5d-d7b2454327c8,205/55 R16
c4a0fbf1-ec94-4efb-8c68-f92a2617aa7d,205/55 R18
cb816643-6c68-404b-955e-6c50c0ced121,205/70R14 96S
bff2106f-585e-4558-b5b0-882cfd258452,165/60 R15
7736656b-a35e-46c1-823f-d82d2a8b0a44,6.00-14-6
fa6a00fc-b129-4f8d-8927-d6c1a3752d34,165/70TR13
f087a9be-c422-4bba-8e4d-fdb0b9cbf823,225/45 R20
a5001d3b-75d0-4e0c-adb1-9c1041a52a87,245/45R20
69743a65-259e-4e66-a2dc-999615b2b2d1,335/30 R20
701f2300-9ce4-436e-9a45-8b33012ea21a,225/55 R17XL
1a07b8b1-6e15-4683-bdc2-4bea4bba60d1,2055/55 R16
6cf9357b-ee83-4dee-9d5c-76dd0003a911,6.70-15
050c588b-b001-45cd-9e59-8603695060a3,265/40 ZR18
6b1b4bb9-bb39-4ce8-840c-87e62f59ea46,235/35ZR19
77caff06-7299-4611-b831-96a9bfc7c057,215/60R15 96H
dbe1ac91-bfd5-48fa-9ee4-ce805019033a,225/40 R17
7024dbab-bcd1-4115-b9c1-f5a65db66e36,215/45 ZR17
b18d9a00-f665-4a57-af16-74341efcad7a,225/55R17 95W
bc55d3a3-87fd-4c6b-bbba-a70aea70e794,LT285/70 R17C
92ab33c5-c40c-41de-b2e7-bf96ee5fd6ca,305/30 ZR21
659935ee-0907-41f2-b3fe-6eb65c4b0cbf,205/65R16 95H
05124953-b639-476a-ba5c-4bfbdfb0d30f,215R15 6PRLT
5ef62669-ec64-4b4a-9ce3-9ee36e0167bb,175/70HR12
a73d7f63-bce5-4fc5-b330-a1de4825abc1,175/65R14 82S
e5de6dc5-898b-47c6-9b88-97da3c63fda8,215/45ZR17
53d743a9-331d-41ec-92c1-cf0d79802b79,245/70R17
8e0ff30c-5bbd-4a69-8234-c34ddb50ff58,225/50 R18
073ccd46-2bf6-4c75-a348-9d442e4652a2,205/50 R14
e1f8d616-000c-4a87-b282-75551bbf396d,195R14-8PRLT
4be877a5-9339-4ecb-bed6-37b7392ba7a9,225/60 ZR16
840156a9-efc5-4268-a2e3-c5d8dd3b1cda,6.50-14
9d038bf8-2c2c-4649-a4f1-75dba0267060,9.00 R22.5
ec485c53-3c18-407f-a94e-7a64b20a495c,225/75 R15
dd8aeb67-dde3-4cd5-9f54-215bdf37702d,285/35 R19
41aaea6d-374f-43fc-9832-2848f089b5fd,E78-14-6PRLT
5374937f-6160-49ce-9cff-4ab21e7daa5f,215/60 R18
f4b66ca8-cf12-4b42-90f0-dbb46dd1743b,175/65R14 82H
ceceee94-82db-45b6-9ffa-f49bf53c9e2b,255/55 R18 105T
9924ba83-e0e8-4a16-9225-62c87903fa3c,130/80R13
8bfccd96-deab-4f70-aa0c-721b08c1ff7d,285/40 YR22
7a62170c-53ab-4d69-8d49-4acf2e642039,275/65 R17
b91a95cf-0177-41e6-a67c-0c250c36b0b2,155/80R13 79S
8ef48b5b-3824-4cbb-a357-bc8b292afe0f,6.50-13-4PR
c1462325-1eee-4675-83d0-234a98152fd4,205R16C
cfda9d58-5986-4d61-9eeb-b20bbaa25d71,11R22.5
79c9ae81-6e87-4381-b9c3-d91eede3bca5,195/60R15 88H
7025025f-59d1-4c78-bb6d-2c35ecc0f2a2,185 R15LT 8PR
510da390-3eec-4389-b2eb-074faaba778d,305/35 ZR21
5a1ceaf7-0539-44aa-b58f-d448699f8ae2,155/80R13
0b5c3ee9-0992-47a1-893c-376612d20de0,265/65 R20
5bf18e3a-4dbf-4737-a1b5-081bc3a33a41,185R13
486c6c62-4a8d-4c4f-9879-122ccdff621a,285/35 ZR18
ae810d7f-7cce-412e-a9c3-2005605e22d7,185/55 VR15
fa314411-97bc-4d19-88da-8cba6db581a4,250/55 R20
f3bf5027-6943-4c9f-9ab5-3e8e7e0f4719,235/60 R18 103T
6d7392d2-2fdf-4615-bab1-057fb89a74f1,295/30ZR20
c9cb0d84-7cfe-4321-bf75-a09a299175f9,175/80R16 91Q
27ec9726-1bae-4067-bcd4-e14d0576a488,265/35 R20
c6deab62-9a1d-4476-b590-089227a1d824,145R12
ff5dc66a-5cdd-4e5d-a8a3-a3a86fdf1372,255/35R21
dd645a3f-f64f-48e6-b646-c633f4b7aa60,225/60R17
8d5a7fe1-00ea-4650-b72f-70f9e621bded,325/40 R22
218c0f66-2e28-483b-82fc-e467393a8f69,235/60 VR18
64369a05-3666-4711-b6a5-74f0e7f1cedb,255/60 R19
a3858b17-65f2-4097-b264-ce3dfca5d5c4,225/50ZR16
2e3d6476-d17e-4468-a516-d4db6e4fa162,265/70R17
c39d30fa-7dd2-4d42-8a83-39f8722972a6,195/65R14 85S
0b72384b-a751-4c32-ae3a-c835f87981bb,225/55 R18т
5331d021-a908-492f-b589-7081a5cf1f80,295/40R20
fee9bc23-588c-428c-908c-813bb80de52f,195 /60 R16
4db68dda-d43e-47eb-84b5-86dcc170503f,255/35 R20
70e1872d-70da-4571-a50e-f7945d98dcf4,265/35R21
18416fa6-c469-41a6-8a90-74df105abb3f,225/45 R21
421c0a7b-8dfb-4fff-b22a-408484d71f83,9.00R20
b32704b6-83bb-4bd8-bf96-9e25d11ec67b,205/65VR15
7264ffe0-527a-419f-8450-cfd513612e0f,275/55R19
9cbff0e2-ebb0-48da-b907-50406feffe11,230/55 R18
42206d1e-c72d-46e5-8192-ea01dd124b43,165/55R15 75V
77e7b135-882e-4c4b-bfef-4fc46edd08d5,255/35 ZR20
ef8b26a1-594f-4913-99b2-5b91cb6aeba1,255/40R19
68046a30-5c5d-46cb-912b-b2c4b042f2f2,255/65R16
94abe4d3-fc78-402f-89fb-107f6c727211,205/65R16 95S
5b555c8a-c478-4c4f-ad39-d12c944615d7,245/30ZR20
81cb8bd3-ead6-4229-b4a9-b3f5e3ea6d9b,6.95 S14
5398e753-1bdc-42ee-a817-f890266710e4,265/40R18
386c83ea-b372-4bd0-b55d-993557718972,235/80 R17
e59747bb-0c00-4891-9c2b-7ffaf740cc37,16.00R25
565e30a9-3a53-443d-8917-c3a2a4bd8846,5.50-14-6PRLT
a813c069-6e1d-4ea7-bdf9-74403b6977e1,205/65R15 89H
7d37d18a-ea32-4e9a-b384-7b8a0d250470,205/50 VR15
72c28aea-7c18-4163-832f-7a15e8c19644,235/60R18
32b93d5c-b80f-4dde-ba6b-7a56113368de,245/40 ZR18
54367c52-8559-4c90-aaf9-939f947eeb26,265/45 R20
ed8c54d3-a38f-45e5-a9c8-b885de80ffaf,BR78-13
ed81f5b1-8e26-44e4-80f8-645077334c4c,E78-14-8PRLT
270deb99-21a5-4fc6-94b5-0bb5ebfd674e,215/70R16C
9fdf2b94-6b1e-4e7b-ad86-f8b6e7b08053,205/55 R16 91V
3c2cf9fc-ad25-481f-8e6e-374f779f21b7,205/50R15
583a8457-034d-4ac9-b881-f195fa043d1e,6.50-16-6P
6a46bfaa-bc5f-4e33-ba14-ba2d6b3a3074,165/70 R14 81Т
eaf372c4-7bdf-49c0-8a2e-eb0710e2ac6d,225/65/R17
4afb536d-8505-498f-b078-2a677ae6ee85,255/40 ZR17
2db9fbe8-5586-4c9a-b3a2-446437494d7f,275/40R19
0e71945d-2791-459f-9f9b-1332aa5b1b0e,D78-14-4
0234eaa9-4f28-4be1-a0f9-14963f552b15,295/45R20
8308c91d-ee29-4124-aaed-c82f542f8d9d,L78-15
e422476a-7c57-4787-b153-ba8f4ba62310,205/45ZR17 88Y
17fea00a-210f-4e88-86cd-50cc8c6aaf26,265/45R20
41c48f0c-9ca2-426f-8f7e-71f2ca0ffd09,190/65 R15
e88c1aac-1fe3-47c7-8994-4bc2050e424c,195/55R15 91H
b450c195-c685-476e-a87f-733425573f71,285/35R21
0daec97e-bc47-48dd-bdea-f3a7052038ee,215/65R15 95S
41c0f8d2-8cf3-4482-b65b-2f8acc04cc3c,285/45 R21
0f428f9f-57d2-4320-beb1-6eb8da38e529,225/55 ZR16
64744c4b-66b0-454c-b242-4135c9ab4f12,225/45R18
1654ff35-28cc-49f4-8f3d-8e96f644ba18,235/45R18
bc416de1-3f48-4b13-976f-68f8e2542545,255/70R15 112LLT
80df491c-581a-408c-ab0d-76dce451da23,135SR10
e2b9b31d-581f-4fe4-a9da-930ea6489e8f,215/35 R18
d41258a7-0f0d-4b67-8fe9-65815cbc0657,P235/50R18
88a597ea-039d-4d52-babb-a18ccc8fdf78,255/50R18
b4380c49-1869-4c0d-b057-efbac645d352,205/55R17 91V
4c598651-bdb4-443c-93b5-60163299d9f8,195/55R16
3be76cc5-6f65-44d6-a182-b5af1ce5955d,245/40RF21
4e7918f0-cb5b-4ad3-9b96-6e3fc5e84a9e,6.45-14-4PR
c9616fb1-f497-4633-bf74-fcccc2597cc8,235/75 R17
aca44790-03a2-4eda-8fa5-f055de9084fa,185/65 R13
2fb7d5be-11e0-4935-ae15-0ccb64f58300,165/65R13 73S
a848f819-12d9-4496-a825-e54465392bf3,255/75 R17
1d726558-2e95-4e01-8a16-6960e086aa8d,255/35ZR20
7e3da999-803b-4c6b-9839-2f43068a0b84,235/55 R20
da9a5dc5-23b2-45b7-a07b-157616bc068a,205/45R17 84W
85b4466d-3ced-4fd7-833f-9b1d155e587e,L84-15
baf914a3-0024-42f5-a395-4e0b544e9b4e,215/60 R17
f0db061c-7b81-4fc6-8912-84bf898564ab,225/45R17
979a5de5-61e9-48c3-b877-0638c06d0222,255/35 ZR18
8766cfaa-7ec2-4d8e-8341-774308955d51,6.45H-14-4PR
