id,title,brand_id
24b89228-d5a1-4770-886d-8a8cf5bfb442,CL,6d152266-9b4e-4d5c-9594-a28df3f17981
6509cd96-d26a-422b-9186-aa2409a9d538,EL,6d152266-9b4e-4d5c-9594-a28df3f17981
b38e77ab-e2cb-4b06-95c6-95d2780a9bac,ILX,6d152266-9b4e-4d5c-9594-a28df3f17981
1e302edf-fc7b-4cf0-9c56-85dcee2bfaa1,Integra,6d152266-9b4e-4d5c-9594-a28df3f17981
2ca96b64-7c8f-4d3e-a08a-c25fe548f494,Legend,6d152266-9b4e-4d5c-9594-a28df3f17981
88255e21-7a83-4c2d-980a-59e8d99cc718,MDX,6d152266-9b4e-4d5c-9594-a28df3f17981
7205e06d-89b0-4f51-8272-4749c6690515,NSX,6d152266-9b4e-4d5c-9594-a28df3f17981
fbc76afe-45e5-4d47-a4f3-6b07a5cc55a6,RDX,6d152266-9b4e-4d5c-9594-a28df3f17981
1cdaca54-9afe-45c1-8872-45f55ef3145e,RL,6d152266-9b4e-4d5c-9594-a28df3f17981
92a85f2f-82c6-41a0-bb0e-d3277205e88a,RLX,6d152266-9b4e-4d5c-9594-a28df3f17981
20e6b1a8-fca8-43f1-936f-c5451fd3ae46,TL,6d152266-9b4e-4d5c-9594-a28df3f17981
d15be6a5-5836-4ca8-81cb-5ab3501cd87e,TLX,6d152266-9b4e-4d5c-9594-a28df3f17981
063986e3-c003-4f8a-87a2-829400bbf146,TSX,6d152266-9b4e-4d5c-9594-a28df3f17981
2ffe630d-5a81-4d9c-b42f-44f3b21b584c,ZDX,6d152266-9b4e-4d5c-9594-a28df3f17981
db582dde-5d7e-4338-b254-62d07a3695c0,M5,8f4ab3be-c101-4f71-86cd-790851e34eae
9c847184-da38-4d78-adc7-ecb2349cf08f,M7,8f4ab3be-c101-4f71-86cd-790851e34eae
68602bb2-b3f8-492b-9cbc-1f176b02f3a9,M9,8f4ab3be-c101-4f71-86cd-790851e34eae
6c7d8bdf-e592-4921-b93d-fd6bee9f6c07,U5,ca91ab9b-cfb1-4c48-8f4e-1d792df04075
e67808d0-c9a0-4279-947e-da92904d3ff0,U6,ca91ab9b-cfb1-4c48-8f4e-1d792df04075
bbacdb23-b03e-4bd0-8eef-197e81840c51,145,501f3b87-2347-4850-898b-e3872f2a6412
20ce72f8-e537-40d4-9324-62cc19431dbb,146,501f3b87-2347-4850-898b-e3872f2a6412
fe0946e6-ed2f-40e1-8754-4d274ebcb996,147,501f3b87-2347-4850-898b-e3872f2a6412
b6a3cc5e-41dc-4af2-a6be-b82822d47451,155,501f3b87-2347-4850-898b-e3872f2a6412
d2eefdc5-f2a6-44dc-b106-645bbb27ed0a,156,501f3b87-2347-4850-898b-e3872f2a6412
4662a02c-a7b9-4b86-b0bd-aedd61284f02,159,501f3b87-2347-4850-898b-e3872f2a6412
a05254d5-55b6-4020-9b0c-9d63db7068cf,164,501f3b87-2347-4850-898b-e3872f2a6412
cf7ea874-acae-4ede-95a9-b0c9e3caa38c,166,501f3b87-2347-4850-898b-e3872f2a6412
af6c9fda-7c72-472b-8132-a9bce190e080,33,501f3b87-2347-4850-898b-e3872f2a6412
76d8642c-347b-41ef-9efd-684bc06e994d,33 Stradale,501f3b87-2347-4850-898b-e3872f2a6412
53c8fc59-92a9-467d-ab6b-83df12d5d8de,4C,501f3b87-2347-4850-898b-e3872f2a6412
7c22178a-ae52-47de-944c-0a1ee7f2a51b,75,501f3b87-2347-4850-898b-e3872f2a6412
a15a7de6-a778-4d00-924e-10a86558298e,8C,501f3b87-2347-4850-898b-e3872f2a6412
2dd69584-6b8f-4a8b-bea7-ec17bb8e461f,Brera,501f3b87-2347-4850-898b-e3872f2a6412
6205707a-3003-47f8-b8a2-689830c166c6,Giulia,501f3b87-2347-4850-898b-e3872f2a6412
8b434659-9198-4e9f-bb52-c08538a5992f,Giulietta,501f3b87-2347-4850-898b-e3872f2a6412
1d44acb0-4813-4ea7-ab21-12994263fda1,GT,501f3b87-2347-4850-898b-e3872f2a6412
0c0182bf-5351-4447-a671-e41c5333d880,GTV,501f3b87-2347-4850-898b-e3872f2a6412
91129de7-b98b-4935-9bbb-eee64fa52d2b,MiTo,501f3b87-2347-4850-898b-e3872f2a6412
7193df84-b8c8-408b-a734-621b092ecfc4,Spider,501f3b87-2347-4850-898b-e3872f2a6412
98ce85a3-0b89-4efd-90cc-c5df953da28e,Stelvio,501f3b87-2347-4850-898b-e3872f2a6412
fea46aa2-2500-4336-9eff-db8ae0c28421,B10,9a0f3c0d-680b-47bd-b1a0-95afc5823feb
d0ae8e60-b6dd-4213-966a-3dd318328a62,B12,9a0f3c0d-680b-47bd-b1a0-95afc5823feb
4ba0687a-7487-40a5-8c0f-56310dc497f0,B3,9a0f3c0d-680b-47bd-b1a0-95afc5823feb
a2eedaa2-f3ae-450d-aaba-98406cb1631a,B4,9a0f3c0d-680b-47bd-b1a0-95afc5823feb
ac1537d6-b2ee-42fc-bdbd-060102541cf8,B5,9a0f3c0d-680b-47bd-b1a0-95afc5823feb
cd0873c2-c5f0-458b-ad17-7a06d401f8ce,B6,9a0f3c0d-680b-47bd-b1a0-95afc5823feb
55df6af6-dd93-4053-bfa3-539da1764260,B7,9a0f3c0d-680b-47bd-b1a0-95afc5823feb
b82b8063-855c-4d89-a9ac-a46847962a99,B8,9a0f3c0d-680b-47bd-b1a0-95afc5823feb
4fc4803b-550f-4249-8a60-6b76c442773e,B9,9a0f3c0d-680b-47bd-b1a0-95afc5823feb
0df91449-b371-4f6e-bf35-e4438d5162e5,C1,9a0f3c0d-680b-47bd-b1a0-95afc5823feb
c1be7a61-f66a-4145-a10e-72b020d75275,C2,9a0f3c0d-680b-47bd-b1a0-95afc5823feb
5a681cde-bef3-4768-ba68-ca33f28e14b0,D10,9a0f3c0d-680b-47bd-b1a0-95afc5823feb
ede40606-fa60-47ed-9066-57f82a3c0e23,D3,9a0f3c0d-680b-47bd-b1a0-95afc5823feb
979a8f81-f5dd-45ec-902f-51b1fc186ff9,D4,9a0f3c0d-680b-47bd-b1a0-95afc5823feb
2be484b9-7bcd-4a6e-9750-3d1f65d4fd0d,D5,9a0f3c0d-680b-47bd-b1a0-95afc5823feb
70629114-16dc-40a0-886d-2c0daa92160a,Roadster,9a0f3c0d-680b-47bd-b1a0-95afc5823feb
19b3a28a-9acf-44d8-8b0f-cfce8fc970a8,XB7,9a0f3c0d-680b-47bd-b1a0-95afc5823feb
9f0aeae4-a456-4edd-b51d-ecac551cbc82,XD3,9a0f3c0d-680b-47bd-b1a0-95afc5823feb
db9d4515-217c-4655-850d-7b29f9d8f944,XD4,9a0f3c0d-680b-47bd-b1a0-95afc5823feb
4c9f9f4b-50fa-470a-867f-422a49bbc529,Alpha S,12f2635e-e4ac-4e2c-b82b-28daa3567415
70ddb150-9f4e-424c-80f6-f5f019f681c7,Alpha T,12f2635e-e4ac-4e2c-b82b-28daa3567415
0c570214-0556-475f-bb41-466674b15415,Alpha T5,12f2635e-e4ac-4e2c-b82b-28daa3567415
33433e4c-9ed0-41c4-a90e-72ef23c69412,Kаola,12f2635e-e4ac-4e2c-b82b-28daa3567415
ff55e49a-aa50-49d9-9462-8044c2fd7ec3,Lite,12f2635e-e4ac-4e2c-b82b-28daa3567415
35bd04e9-24fb-420c-b602-c2977957a91e,AR1,b2783457-98f0-4572-97c7-f122b61767f1
4a5be2ac-ac8d-4bac-a4ce-8e05a6b8f1bc,Cygnet,b2783457-98f0-4572-97c7-f122b61767f1
527c3c8e-c114-41b2-a507-e325d559846e,DB11,b2783457-98f0-4572-97c7-f122b61767f1
f324fa53-c631-403c-aba5-ff29682a3d94,DB5,b2783457-98f0-4572-97c7-f122b61767f1
46a6f971-304b-4fd0-a807-302f2895337f,DB7,b2783457-98f0-4572-97c7-f122b61767f1
802b98bc-c46c-447e-92e7-7bf09d653dd2,DB9,b2783457-98f0-4572-97c7-f122b61767f1
c8442d07-e61c-4c75-ac64-db5bddba6723,DBS,b2783457-98f0-4572-97c7-f122b61767f1
1ed77086-8a36-489a-94bb-fdc8ab28addf,DBX,b2783457-98f0-4572-97c7-f122b61767f1
f4650d0b-2938-419d-9029-af47da571686,Lagonda,b2783457-98f0-4572-97c7-f122b61767f1
0b95c5db-24dc-4e97-be60-e50e9d3f9a11,One-77,b2783457-98f0-4572-97c7-f122b61767f1
bc118288-28f1-4612-8fa2-666d0e44190f,Rapide,b2783457-98f0-4572-97c7-f122b61767f1
1de4af30-d4e8-4bfb-9527-4f827f60a241,Tickford Capri,b2783457-98f0-4572-97c7-f122b61767f1
9fe6e215-1482-44f2-a8e1-939013103520,Vanquish,b2783457-98f0-4572-97c7-f122b61767f1
a85171ff-1917-4cc2-95c2-e42109d597e9,Vantage,b2783457-98f0-4572-97c7-f122b61767f1
09948389-14fc-4089-b9b7-8c70ca974f4a,Virage,b2783457-98f0-4572-97c7-f122b61767f1
629da91b-5775-4789-9a8e-4a0aecb85e39,Zagato,b2783457-98f0-4572-97c7-f122b61767f1
b80683c2-5191-424b-8951-abf750fbcada,100,94b339d6-8ebf-4e04-b877-ae4185304337
e994d8dc-8521-429f-bb0c-75d36162f5e5,200,94b339d6-8ebf-4e04-b877-ae4185304337
1b946e22-28c4-4a7b-b8f7-02cc364cfa8e,50,94b339d6-8ebf-4e04-b877-ae4185304337
857cc0e4-8301-4edb-a287-a18983004c88,80,94b339d6-8ebf-4e04-b877-ae4185304337
711adffb-6630-414a-9077-eb3b1fa65b91,90,94b339d6-8ebf-4e04-b877-ae4185304337
2a75d535-ef97-4b09-bdcf-63f4dd6b19bc,A1,94b339d6-8ebf-4e04-b877-ae4185304337
d33ddb45-6c1b-4c6b-b106-6120d7cec7f4,A3,94b339d6-8ebf-4e04-b877-ae4185304337
9b9bf787-457c-4129-8afa-0f434cbc8093,A4,94b339d6-8ebf-4e04-b877-ae4185304337
9038cc37-bc4d-40e0-90ec-d298a3f3fb48,A4 allroad quattro,94b339d6-8ebf-4e04-b877-ae4185304337
96e8cd6a-373a-43a7-8d49-83749327e515,A5,94b339d6-8ebf-4e04-b877-ae4185304337
3bc99a41-3f6b-4a87-8d17-0c30b9aa6de5,A6,94b339d6-8ebf-4e04-b877-ae4185304337
19006189-d5c6-4151-8aa7-7ca1b1af46d6,A6 allroad quattro,94b339d6-8ebf-4e04-b877-ae4185304337
35065227-73b5-4e1c-8d18-45c71d6ddd8c,A7,94b339d6-8ebf-4e04-b877-ae4185304337
b606b2ad-ee71-4bf0-9279-1cdc7eb6b0ad,A8,94b339d6-8ebf-4e04-b877-ae4185304337
e0591271-7024-4b19-b44f-e1e64cc1ad63,Coupe,94b339d6-8ebf-4e04-b877-ae4185304337
b5e936e0-3e71-4ab7-8602-4fd0a72f9476,e-tron,94b339d6-8ebf-4e04-b877-ae4185304337
d043e548-6676-4727-866b-2c9d0640fd60,e-tron GT,94b339d6-8ebf-4e04-b877-ae4185304337
586ea5e7-e34e-447f-a364-2786986afaad,e-tron S,94b339d6-8ebf-4e04-b877-ae4185304337
1099bf35-b00a-4890-a5f8-a24e64aee51c,e-tron Sportback,94b339d6-8ebf-4e04-b877-ae4185304337
094ea93b-40b4-4d4a-9bcf-b32d2f4ae3d2,e-tron Sportback S,94b339d6-8ebf-4e04-b877-ae4185304337
08390b61-cf4f-410b-b6d1-0098ff506140,Q2,94b339d6-8ebf-4e04-b877-ae4185304337
a7ca2b58-416c-40ee-89e8-262179705786,Q2 e-tron,94b339d6-8ebf-4e04-b877-ae4185304337
0b2640a9-1197-44ba-b2d5-7c54a69dc3ba,Q3,94b339d6-8ebf-4e04-b877-ae4185304337
26c2f785-94ae-457b-a6d6-bc3296fe7c3d,Q3 Sportback,94b339d6-8ebf-4e04-b877-ae4185304337
cdc40fdb-23f5-4c99-b553-11efdeb075af,Q4 e-tron,94b339d6-8ebf-4e04-b877-ae4185304337
41ad90f1-9cbe-4968-b9e4-6d9307bdb28a,Q4 Sportback e-tron,94b339d6-8ebf-4e04-b877-ae4185304337
03f54456-c16b-4b69-bcfb-8902ba8f15e2,Q5,94b339d6-8ebf-4e04-b877-ae4185304337
c438bf45-daa0-4497-9f8a-86e0371c45d6,Q5 e-tron,94b339d6-8ebf-4e04-b877-ae4185304337
62dd8412-8ec6-4b0e-97ff-6931d4b8b2c1,Q5 Sportback,94b339d6-8ebf-4e04-b877-ae4185304337
f96cafb1-cf86-49c4-8abb-7f663ee6e947,Q6,94b339d6-8ebf-4e04-b877-ae4185304337
97a80073-9944-417c-8a6f-02d4cff2063c,Q7,94b339d6-8ebf-4e04-b877-ae4185304337
a35cfb12-a927-425a-8aa8-46450e07c003,Q8,94b339d6-8ebf-4e04-b877-ae4185304337
3a443170-db08-458c-b9cd-beae0e078bbf,Quattro,94b339d6-8ebf-4e04-b877-ae4185304337
e1547e3f-a30f-4df6-b287-b9c0981871af,Quattro Sport,94b339d6-8ebf-4e04-b877-ae4185304337
e03d6a1d-40ec-4909-b961-d6b866049a17,R8,94b339d6-8ebf-4e04-b877-ae4185304337
61fc198b-7d65-4145-a1f7-4eb4333f226f,RS2,94b339d6-8ebf-4e04-b877-ae4185304337
f4b48881-e3b8-4d6b-9b81-29b0d7d7169e,RS3,94b339d6-8ebf-4e04-b877-ae4185304337
fd7a3719-4fec-4a7d-8c68-17611062f561,RS4,94b339d6-8ebf-4e04-b877-ae4185304337
78e34672-1a41-4d33-b341-ff08e3dacf42,RS5,94b339d6-8ebf-4e04-b877-ae4185304337
29d6a5b1-30cd-4551-bbf4-72633a36a4c8,RS6,94b339d6-8ebf-4e04-b877-ae4185304337
1d2d2e40-07ed-449c-b7f6-8cee4b128441,RS7,94b339d6-8ebf-4e04-b877-ae4185304337
458cd109-5d08-439d-ab3c-ce9c8978b9a8,RS e-tron GT,94b339d6-8ebf-4e04-b877-ae4185304337
00c25578-e1db-471a-acaa-f67d6743a178,RS Q3,94b339d6-8ebf-4e04-b877-ae4185304337
c969a04f-4216-413c-ad99-0df47a2268e8,RS Q3 Sportback,94b339d6-8ebf-4e04-b877-ae4185304337
7bf85ed1-55d4-4977-9177-e6c848c39784,RS Q8,94b339d6-8ebf-4e04-b877-ae4185304337
d06ed62d-2a20-4a5a-b8f9-159f4d844a78,S1,94b339d6-8ebf-4e04-b877-ae4185304337
36baf571-d22b-4266-a2cb-ad8419992e7f,S2,94b339d6-8ebf-4e04-b877-ae4185304337
fa3f7096-da40-4a66-a598-a014b3a11577,S3,94b339d6-8ebf-4e04-b877-ae4185304337
65514f3e-0e6d-496d-bb3d-2311fb3a97a6,S4,94b339d6-8ebf-4e04-b877-ae4185304337
ced7d370-19c3-4db4-b5b7-c5945c0b2d82,S5,94b339d6-8ebf-4e04-b877-ae4185304337
6a9d2b5f-f5d8-4c2b-9db9-389cbb6e1ff0,S6,94b339d6-8ebf-4e04-b877-ae4185304337
b4472399-ba53-4f38-8269-23925294ce52,S7,94b339d6-8ebf-4e04-b877-ae4185304337
cd4ca55f-c798-43e6-83fc-47c797bdc61a,S8,94b339d6-8ebf-4e04-b877-ae4185304337
1d29d429-bfda-42e6-9547-5290c027a2f2,SQ5,94b339d6-8ebf-4e04-b877-ae4185304337
f5edb343-b1e8-4059-9730-68a769f8f1b1,SQ5 Sportback,94b339d6-8ebf-4e04-b877-ae4185304337
2f305883-86e7-4e42-9e7a-9e3f0daf4a28,SQ7,94b339d6-8ebf-4e04-b877-ae4185304337
7f46bdbe-83b4-4e58-ae53-b0463d1d7919,SQ8,94b339d6-8ebf-4e04-b877-ae4185304337
793f754f-afd6-4f64-8179-58474d16c2d7,TT,94b339d6-8ebf-4e04-b877-ae4185304337
24511ab1-7360-475c-af59-391792a4d711,TT RS,94b339d6-8ebf-4e04-b877-ae4185304337
8c7c9993-e749-4116-af11-d038ec30fa9d,TTS,94b339d6-8ebf-4e04-b877-ae4185304337
166cce0c-8319-474d-aa01-6975d832aa17,V8,94b339d6-8ebf-4e04-b877-ae4185304337
d91b80ca-d56c-4076-9f4e-11438b9450c3,11,fe56af6d-ce9d-49bb-b334-4e4e9fc282eb
46a20e4f-a741-4851-9b7e-001d1c0e6e24,12,fe56af6d-ce9d-49bb-b334-4e4e9fc282eb
a037483e-a544-481d-b593-acae83f768f0,D-Series,feec09fc-58c6-4ff6-a617-1a0a49c0ccaf
83c31f70-f4f3-4e26-9a9e-1be5d68ab8a2,BJ30,3b411e3d-e2bc-4a80-90e0-cfb1c0ddf196
d5368bca-cb29-4035-a7e9-d0962e905f3c,BJ40,3b411e3d-e2bc-4a80-90e0-cfb1c0ddf196
eee67166-6604-4980-94db-bc776c44e159,BJ40 Plus,3b411e3d-e2bc-4a80-90e0-cfb1c0ddf196
3f236736-e7d5-4e04-b928-88979b0f4bec,BJ60,3b411e3d-e2bc-4a80-90e0-cfb1c0ddf196
666ad1c8-acdb-4ca7-ab9f-0b09b29bdbfc,BJ80,3b411e3d-e2bc-4a80-90e0-cfb1c0ddf196
b541fc3a-9bd6-421c-9e44-95147dbe1e12,BJ90,3b411e3d-e2bc-4a80-90e0-cfb1c0ddf196
0f7b3125-7772-4664-84d9-a81a0875571d,BJEV EX5,3b411e3d-e2bc-4a80-90e0-cfb1c0ddf196
e6f68885-398c-4a45-b7d4-767ff17d67be,EU5,3b411e3d-e2bc-4a80-90e0-cfb1c0ddf196
b6f91906-04b8-4a6c-bcb1-2a66f8abf79d,EU5 Plus,3b411e3d-e2bc-4a80-90e0-cfb1c0ddf196
3b11892f-947d-41ee-88ac-e3e1b6c694ed,EU7,3b411e3d-e2bc-4a80-90e0-cfb1c0ddf196
117069b4-21c9-4cb3-b129-d2f1483ad99d,EV5,3b411e3d-e2bc-4a80-90e0-cfb1c0ddf196
1202d567-4023-4d94-97a0-c0ab3b672ed5,Rubics Cube,3b411e3d-e2bc-4a80-90e0-cfb1c0ddf196
d2687375-ea6a-4548-b68f-a044986d58ab,Ruixiang X3,3b411e3d-e2bc-4a80-90e0-cfb1c0ddf196
93861520-d474-4d61-b452-ae2e4c417811,Ruixiang X5,3b411e3d-e2bc-4a80-90e0-cfb1c0ddf196
6b64306d-620a-48d4-b617-5683cdc29160,Senova X55,3b411e3d-e2bc-4a80-90e0-cfb1c0ddf196
cf43eda3-4995-410e-8dd9-47cf7b231af0,Senova Zhixing,3b411e3d-e2bc-4a80-90e0-cfb1c0ddf196
c07f5a33-b7ec-4c9d-aedb-25b8f479ade6,U5 Plus,3b411e3d-e2bc-4a80-90e0-cfb1c0ddf196
4a39514a-4f50-42a7-848f-c454ae2ccb94,X3,3b411e3d-e2bc-4a80-90e0-cfb1c0ddf196
c75e7b16-e033-470a-86a4-3bd956599574,X35,3b411e3d-e2bc-4a80-90e0-cfb1c0ddf196
07a7c23d-7497-46a6-982f-1c97bddf1c96,X5,3b411e3d-e2bc-4a80-90e0-cfb1c0ddf196
c6dee545-dac8-470c-8181-fd92b74e5b60,X55,3b411e3d-e2bc-4a80-90e0-cfb1c0ddf196
de0172c5-6cb0-4167-aeae-0103b85275b4,X7,3b411e3d-e2bc-4a80-90e0-cfb1c0ddf196
ef98c9c1-ea54-4679-896c-14e8f466be6f,X75,3b411e3d-e2bc-4a80-90e0-cfb1c0ddf196
95857ae3-9243-442e-8be9-fd792b99e940,Maxima,46dca1ad-bb4a-413c-8762-1efcd5ffb895
6bca6884-418c-4c3a-95a7-2edc72ca414c,B1000,a8190249-eb53-42aa-b656-c8a8bfd9a56c
1b7c8860-bce2-46d2-aca0-cf2eec78ffe8,212,7592f65e-7689-4c94-abbc-5b5d9c24634a
d95e01f3-9860-47c7-a887-a354feee55ad,Ace M7,7592f65e-7689-4c94-abbc-5b5d9c24634a
b8808609-fb76-42cf-810a-b9593c716fc0,Calorie,7592f65e-7689-4c94-abbc-5b5d9c24634a
bc47efcf-a629-4088-b080-55e488580814,Fenix 1044,7592f65e-7689-4c94-abbc-5b5d9c24634a
d1ef4386-8fec-4151-9275-5b50dfc103c0,Fenix 1065,7592f65e-7689-4c94-abbc-5b5d9c24634a
d2eade67-696a-4ca3-b6ba-0abe22f0a893,Fenix 3346,7592f65e-7689-4c94-abbc-5b5d9c24634a
c7e79b0e-87c7-41df-a195-7fcdbecb2f11,Fenix 33462,7592f65e-7689-4c94-abbc-5b5d9c24634a
f1e8050f-3f05-417f-9ba6-863053afcf03,Fenix 33468,7592f65e-7689-4c94-abbc-5b5d9c24634a
9b2e1785-865c-4b57-aabc-a22be336cab1,Tonik,7592f65e-7689-4c94-abbc-5b5d9c24634a
9b525c6c-26a5-4829-a175-d0db21af5c21,CF,5ffaf517-1265-4315-8967-0aef6237c142
5b6117d4-a035-437b-880e-eb9af9611723,Arnage,84eb9677-b854-489c-9336-387130f08eaa
b72da0b7-f229-414a-9117-5e2fed657806,Azure,84eb9677-b854-489c-9336-387130f08eaa
792e6ae5-d3a7-4db1-a420-77689fd4739c,Bentayga,84eb9677-b854-489c-9336-387130f08eaa
f099774a-4cda-44b1-b458-50989b76c17f,Brooklands,84eb9677-b854-489c-9336-387130f08eaa
34eeb983-8273-426d-8636-f4931d72506f,Continental,84eb9677-b854-489c-9336-387130f08eaa
63d11eb5-c77b-4ac7-994b-805ba3ba7e28,Continental GT,84eb9677-b854-489c-9336-387130f08eaa
450d278d-f05c-441c-86b1-752de2210ef2,Eight,84eb9677-b854-489c-9336-387130f08eaa
8138f652-4d52-4e8a-ab16-549ce23374cf,Flying Spur,84eb9677-b854-489c-9336-387130f08eaa
c7cfc68e-f515-49b7-9e28-f6a15cf0205f,Mulsanne,84eb9677-b854-489c-9336-387130f08eaa
c0c1a228-bc6a-4a4d-b82b-f7622f332dad,R-Type,84eb9677-b854-489c-9336-387130f08eaa
41cd5a5a-d1bd-42b5-87d9-88f41d25d96e,S,84eb9677-b854-489c-9336-387130f08eaa
b7e0434b-c703-484d-9e74-97444d83a0b4,T-Series,84eb9677-b854-489c-9336-387130f08eaa
8b00828c-139a-43ae-95ea-9011ecd12201,Turbo R,84eb9677-b854-489c-9336-387130f08eaa
33a281cf-c66b-4618-b37f-b50207d5a3fc,02 (E10),c89a3b55-df0e-446a-be7e-9462957cb686
ac3e2805-7922-4d4b-b2e6-320e7368ae2a,1M,c89a3b55-df0e-446a-be7e-9462957cb686
c8d17ae1-26ca-4861-864a-74178756e7d7,1-Series,c89a3b55-df0e-446a-be7e-9462957cb686
a0788e2f-a775-4217-96db-d95c6e7f9c5b,2-Series,c89a3b55-df0e-446a-be7e-9462957cb686
fbc25e92-bc2b-4ca2-9d4a-33cd564afa2b,2-Series Active Tourer,c89a3b55-df0e-446a-be7e-9462957cb686
c2fc7cc5-c0f0-4b8d-84d3-724d3aa4d1f6,2-Series Gran Tourer,c89a3b55-df0e-446a-be7e-9462957cb686
f941c6a3-c5f2-42ad-aa9f-16e766890e72,321,c89a3b55-df0e-446a-be7e-9462957cb686
fdc269f4-6da6-48c0-975c-7336a6b8d8e2,326,c89a3b55-df0e-446a-be7e-9462957cb686
4d4b2953-8d50-4efc-92b8-28bf1d86b73e,340,c89a3b55-df0e-446a-be7e-9462957cb686
1851f1ee-501a-499d-9821-62791939a7fc,3-Series,c89a3b55-df0e-446a-be7e-9462957cb686
f54a71f7-8b90-44b6-bf2a-1d962ea1dd50,3-Series Gran Turismo,c89a3b55-df0e-446a-be7e-9462957cb686
740f2005-5074-4641-8595-aee1c44bcabb,4-Series,c89a3b55-df0e-446a-be7e-9462957cb686
fcbc2ae1-ebe4-488d-8281-46e458769664,503,c89a3b55-df0e-446a-be7e-9462957cb686
d2caccf8-06f0-47e1-8cb7-6f6ff69a8656,5-Series,c89a3b55-df0e-446a-be7e-9462957cb686
a478e0f7-a2a8-4370-9e3e-2d12b6cee29d,5-Series Gran Turismo,c89a3b55-df0e-446a-be7e-9462957cb686
e4b036eb-03f9-4f58-abd7-e77a6edb50e6,6-Series,c89a3b55-df0e-446a-be7e-9462957cb686
1d310c18-8337-42be-9918-34b2e5b89eb7,6-Series Gran Turismo,c89a3b55-df0e-446a-be7e-9462957cb686
1c712e9f-19f0-46fb-81df-bab99ab10414,7-Series,c89a3b55-df0e-446a-be7e-9462957cb686
a9d1009f-db94-4433-be91-99669259b741,8-Series,c89a3b55-df0e-446a-be7e-9462957cb686
2d3ddfd4-c6dc-45ce-9f89-8ba3f6cbb073,E3,c89a3b55-df0e-446a-be7e-9462957cb686
bc5c1730-88dd-4b1c-a2f1-3e37c152eb11,E9,c89a3b55-df0e-446a-be7e-9462957cb686
e1062dfd-5f5f-493f-9033-e068cbfe8d53,i3,c89a3b55-df0e-446a-be7e-9462957cb686
f350d6be-40dc-4c13-b7f5-a80d71775d6d,i4,c89a3b55-df0e-446a-be7e-9462957cb686
a62321df-abad-4201-9439-a3d864b1d5a1,i5,c89a3b55-df0e-446a-be7e-9462957cb686
b6a01ef4-8af9-413d-80e3-1b24c070d3a2,i7,c89a3b55-df0e-446a-be7e-9462957cb686
f132386e-df3c-436c-a3de-a4ee13aeb126,i8,c89a3b55-df0e-446a-be7e-9462957cb686
487b94d4-9add-4b92-8c66-c041141c6f96,iX,c89a3b55-df0e-446a-be7e-9462957cb686
e95ad4bd-848f-4c60-a4e0-edc63d6a1295,iX1,c89a3b55-df0e-446a-be7e-9462957cb686
8f160f91-bf2a-43ec-94df-d84c996b7960,iX2,c89a3b55-df0e-446a-be7e-9462957cb686
63f6ca89-ecdd-4187-a95a-36957b50415b,iX3,c89a3b55-df0e-446a-be7e-9462957cb686
67ca0fc2-f66a-4a36-9842-8962ab5cbb60,M2,c89a3b55-df0e-446a-be7e-9462957cb686
2efeaca0-455a-4441-8ef3-a0c3c3a1f349,M3,c89a3b55-df0e-446a-be7e-9462957cb686
730f4c54-6747-4cad-9589-503daf8200ad,M4,c89a3b55-df0e-446a-be7e-9462957cb686
6ceea1d3-911b-4486-9be4-96c7b68150fd,M5,c89a3b55-df0e-446a-be7e-9462957cb686
2106d52d-750f-4cd9-80b8-f97d825931db,M6,c89a3b55-df0e-446a-be7e-9462957cb686
4c2ab287-6fdc-41a4-a68d-7812465a4c03,M8,c89a3b55-df0e-446a-be7e-9462957cb686
fd1bb491-97de-4165-a139-960c0f4532aa,Neue Klasse,c89a3b55-df0e-446a-be7e-9462957cb686
83543038-04e7-47d5-a4d6-b14ecab012b8,X1,c89a3b55-df0e-446a-be7e-9462957cb686
eb7ce1a0-8cf8-4edc-af7f-d2dcdbe0244a,X2,c89a3b55-df0e-446a-be7e-9462957cb686
eb38614b-879b-4f6c-aaca-fda1f1766a21,X3,c89a3b55-df0e-446a-be7e-9462957cb686
3b7bdbb1-6eef-4fe7-9c01-4f12caa634b1,X4,c89a3b55-df0e-446a-be7e-9462957cb686
652a6d70-33e7-425b-8553-67d438a3f129,X5,c89a3b55-df0e-446a-be7e-9462957cb686
3588eaf7-8701-4470-8a4f-38f8aa784347,X6,c89a3b55-df0e-446a-be7e-9462957cb686
935118c4-2233-4b1c-96be-b5b5430b6a01,X7,c89a3b55-df0e-446a-be7e-9462957cb686
aec2c01a-10ba-4906-840e-d6a48d3cff7d,XM,c89a3b55-df0e-446a-be7e-9462957cb686
5a4b7e81-484e-4d49-972d-ac3545e16c7c,Z1,c89a3b55-df0e-446a-be7e-9462957cb686
ac559dfb-69a0-4086-9e0d-6443d205c627,Z3,c89a3b55-df0e-446a-be7e-9462957cb686
4361154b-777b-43ae-b69c-da6856c04585,Z4,c89a3b55-df0e-446a-be7e-9462957cb686
23770c31-b261-4e7e-adee-221f91ba6e40,Z8,c89a3b55-df0e-446a-be7e-9462957cb686
99b43273-b672-40a5-85c3-88f703b70fcb,T-Rex,70b3d202-56bc-4ae3-b3cf-75068b644cf7
46073905-d8ac-4043-8b5b-bd29c9ae16fd,H230,5d017171-300d-4011-9e54-6c82be95c028
ed015f62-e071-474f-bf61-1a0a26cf1f03,H530,5d017171-300d-4011-9e54-6c82be95c028
1fabaa7f-54fa-4532-8c61-44e0eeec0184,M1,5d017171-300d-4011-9e54-6c82be95c028
acd4d20b-c21b-41ae-8482-bddfddb6d448,M2,5d017171-300d-4011-9e54-6c82be95c028
fdbbc431-5323-4366-a2da-70ac573a3d53,M3,5d017171-300d-4011-9e54-6c82be95c028
df1c51ac-22ac-4b93-8cec-dc27b3df5703,V3,5d017171-300d-4011-9e54-6c82be95c028
385490d7-68fd-4912-9c1c-8bc31fc3a8dd,V5,5d017171-300d-4011-9e54-6c82be95c028
728ce4eb-f277-4809-bb59-311dd78335c1,Chiron,88435e03-7514-4478-9852-4c83bdd2d409
e67dc36b-2637-4f18-9223-ebc5c8d2b1d6,Veyron,88435e03-7514-4478-9852-4c83bdd2d409
6c3b0098-6f31-4317-8e02-16d7f6b866f8,Cascada,0579d3d6-c7ad-4058-81ff-fe54a2f4ffa5
a4788475-8871-4689-b801-2f5cb4b8fb5a,Electra E5,0579d3d6-c7ad-4058-81ff-fe54a2f4ffa5
ea9be1f3-05e1-48ea-9eb6-7aebd4b9f775,Enclave,0579d3d6-c7ad-4058-81ff-fe54a2f4ffa5
1ac126e7-9fb8-498d-819c-fb1a777c7280,Encore,0579d3d6-c7ad-4058-81ff-fe54a2f4ffa5
48f96b9d-368a-4476-a032-b6c7298b03d9,Encore GX,0579d3d6-c7ad-4058-81ff-fe54a2f4ffa5
c1636e49-0590-4408-9d55-12080894b67d,Envision,0579d3d6-c7ad-4058-81ff-fe54a2f4ffa5
61892719-103a-4240-920c-a7e34a25abbc,Envision Plus,0579d3d6-c7ad-4058-81ff-fe54a2f4ffa5
50b394f8-196c-455f-9426-b3ac14505c0c,Envista,0579d3d6-c7ad-4058-81ff-fe54a2f4ffa5
3968ac9a-b984-4f10-8d7a-80b806a1245c,Excelle,0579d3d6-c7ad-4058-81ff-fe54a2f4ffa5
81d1a2bd-431a-477c-b7e1-e13ff8355675,Excelle GT,0579d3d6-c7ad-4058-81ff-fe54a2f4ffa5
4a50e858-63ac-4f53-a890-67666feb5b98,Excelle GX,0579d3d6-c7ad-4058-81ff-fe54a2f4ffa5
bfdecf5b-23d5-4a9a-afa1-e3d59ada8932,Excelle XT,0579d3d6-c7ad-4058-81ff-fe54a2f4ffa5
3de8cd9f-6090-4b67-b615-5020de23c342,GL6,0579d3d6-c7ad-4058-81ff-fe54a2f4ffa5
8dc2a0f7-535a-4b1d-b02b-dda3442e7859,GL8,0579d3d6-c7ad-4058-81ff-fe54a2f4ffa5
7a4b5fc4-d49b-4d79-9b2a-526216538bba,GL8 Avenir,0579d3d6-c7ad-4058-81ff-fe54a2f4ffa5
4b1dd8ae-6039-4ef0-a524-84084bb435a0,GL8 Century,0579d3d6-c7ad-4058-81ff-fe54a2f4ffa5
069ab890-e237-4415-881c-e9dbd3a16cb4,GL8 ES,0579d3d6-c7ad-4058-81ff-fe54a2f4ffa5
835a5029-4088-4e76-810a-1185057b0878,LaCrosse,0579d3d6-c7ad-4058-81ff-fe54a2f4ffa5
42a2d2cb-c97c-474b-b3a5-5fa3c0607e20,Lucerne,0579d3d6-c7ad-4058-81ff-fe54a2f4ffa5
78e7618f-a38c-44e1-97e0-c0cf4caa8eae,Park Avenue,0579d3d6-c7ad-4058-81ff-fe54a2f4ffa5
fca8a9eb-c96b-4629-90d4-d2ef3f47d615,Rainier,0579d3d6-c7ad-4058-81ff-fe54a2f4ffa5
4394837a-8604-40d5-889d-98e4429a81a5,Regal,0579d3d6-c7ad-4058-81ff-fe54a2f4ffa5
2c775f7b-11f4-45f1-968d-e9803d9208f4,Rendezvous,0579d3d6-c7ad-4058-81ff-fe54a2f4ffa5
cb9bda80-f611-4644-9f33-a28a3ba86bf3,Riviera,0579d3d6-c7ad-4058-81ff-fe54a2f4ffa5
6082cd43-c376-4508-80ad-5355c2797519,Sail,0579d3d6-c7ad-4058-81ff-fe54a2f4ffa5
6de010c1-166e-43f8-977c-189c3b162e01,Skylark,0579d3d6-c7ad-4058-81ff-fe54a2f4ffa5
1d03b429-e163-4134-9a36-43fd6da1fec3,Terraza,0579d3d6-c7ad-4058-81ff-fe54a2f4ffa5
aa15910a-840b-4af5-a1d5-d9f36b6848b5,Velite 5,0579d3d6-c7ad-4058-81ff-fe54a2f4ffa5
04fe40ee-c2fc-4d06-8f3f-dfb0a5f79f84,Velite 6,0579d3d6-c7ad-4058-81ff-fe54a2f4ffa5
4c64dc72-5d97-480e-b8d5-78f21709bd89,Velite 7,0579d3d6-c7ad-4058-81ff-fe54a2f4ffa5
807010c2-6ed1-4fae-8a2c-dd6c5a068a97,Verano,0579d3d6-c7ad-4058-81ff-fe54a2f4ffa5
bdd8795d-b2df-4150-891a-c3450a831649,Verano GS,0579d3d6-c7ad-4058-81ff-fe54a2f4ffa5
38b4229b-87e2-4953-a7b4-86154cadd13b,Verano Pro,0579d3d6-c7ad-4058-81ff-fe54a2f4ffa5
805fa976-d358-4f06-a75b-5bdd13129361,Destroyer 05,1a87ed56-1a37-4768-ab98-03c12002e8c7
04f06db3-e603-4be4-9f6c-45f33681893d,Dolphin,1a87ed56-1a37-4768-ab98-03c12002e8c7
16c0ae24-9f19-4758-8cfa-3885daca5ab2,e2,1a87ed56-1a37-4768-ab98-03c12002e8c7
67b7e483-5f3f-441c-a114-1cd398b198e2,e3,1a87ed56-1a37-4768-ab98-03c12002e8c7
e3d272ce-b00c-445f-b47c-6c762e1a234f,e6,1a87ed56-1a37-4768-ab98-03c12002e8c7
1b6f6b8b-1293-40df-bfc9-7cdc8bed26db,F3,1a87ed56-1a37-4768-ab98-03c12002e8c7
aa9bf11e-1b01-4842-9841-b6d56028dc25,FangChengBao Leopard 5,1a87ed56-1a37-4768-ab98-03c12002e8c7
9f365457-b382-4951-a539-f455505ca5ec,Flyer,1a87ed56-1a37-4768-ab98-03c12002e8c7
fc7c3e12-6937-4d3b-90f5-6ee9c8437b67,Frigate 07,1a87ed56-1a37-4768-ab98-03c12002e8c7
8e72c77a-cabe-4c1a-9d0a-8d5f1197a165,Han,1a87ed56-1a37-4768-ab98-03c12002e8c7
81c5ba43-b086-4a94-a332-4470bfe3dd17,Qin,1a87ed56-1a37-4768-ab98-03c12002e8c7
67799f17-74cb-4e94-b804-2d7e8f6d5371,Qin Plus,1a87ed56-1a37-4768-ab98-03c12002e8c7
60dc06f4-9665-4e21-82f4-36c3d19a3511,Qin Pro,1a87ed56-1a37-4768-ab98-03c12002e8c7
79dbe032-73f4-4b94-b2b6-b351360dbcd2,Seagull,1a87ed56-1a37-4768-ab98-03c12002e8c7
6f51690d-c39f-4738-817c-b591751e1046,Seal,1a87ed56-1a37-4768-ab98-03c12002e8c7
b65c15e9-3175-4234-b8ae-b5bd2dcec225,Sea Lion 07,1a87ed56-1a37-4768-ab98-03c12002e8c7
9963fe06-f206-4211-a88a-f508705e47d6,Shark,1a87ed56-1a37-4768-ab98-03c12002e8c7
354462fb-5e70-442a-bc6d-2c3c3e39585d,Song,1a87ed56-1a37-4768-ab98-03c12002e8c7
c8a13aac-5d24-41f8-aa16-583b1b3b6a92,Song L,1a87ed56-1a37-4768-ab98-03c12002e8c7
69e2a5d3-4671-4e05-8641-06a6e9623737,Song Max,1a87ed56-1a37-4768-ab98-03c12002e8c7
ec97df15-15ab-4b0c-8679-c24bc20715d9,Song Plus,1a87ed56-1a37-4768-ab98-03c12002e8c7
27b135e4-79fd-42db-8a6a-2f52cdde9170,Song Pro,1a87ed56-1a37-4768-ab98-03c12002e8c7
363493c1-c164-4891-bf33-d5f23c8c70c2,Tang,1a87ed56-1a37-4768-ab98-03c12002e8c7
88fda16e-02c8-4175-a8f2-b560843b559c,Yangwang U8,1a87ed56-1a37-4768-ab98-03c12002e8c7
148ad9a8-a722-4a66-8f94-1ee181b14592,Yangwang U9,1a87ed56-1a37-4768-ab98-03c12002e8c7
f3567657-c4fb-4bf0-9872-49ccfe0eb096,Yuan,1a87ed56-1a37-4768-ab98-03c12002e8c7
f1f67dcc-ca4b-414d-b77f-bbcc174559c0,Yuan Plus,1a87ed56-1a37-4768-ab98-03c12002e8c7
13bb45ae-e6c9-4acf-9364-80815d729015,Yuan Pro,1a87ed56-1a37-4768-ab98-03c12002e8c7
8bb37bff-2d45-4c55-bc2c-c12fb486f026,Yuan Up,1a87ed56-1a37-4768-ab98-03c12002e8c7
3c18ae62-bec8-4ca8-b191-ac8ad3bda9b3,ATS,55889584-a575-42c4-8058-a13bbcef738b
e36cfb10-768c-4844-a931-cf830fe439bb,BLS,55889584-a575-42c4-8058-a13bbcef738b
f15df605-c519-4aa1-9ab0-04fd1fb00b19,Brougham,55889584-a575-42c4-8058-a13bbcef738b
324d5cfb-628c-4831-82ef-29bdf8f3002e,Catera,55889584-a575-42c4-8058-a13bbcef738b
90e4310d-9ce4-4c78-9b53-bf63a1bac72c,CT4,55889584-a575-42c4-8058-a13bbcef738b
b97815bc-a68d-4ee1-9d1e-50e120cae4c8,CT5,55889584-a575-42c4-8058-a13bbcef738b
ea780d53-37d9-420d-b404-a243b20e8203,CT6,55889584-a575-42c4-8058-a13bbcef738b
520d2984-011f-4d20-be9a-9a4478a96f22,CTS,55889584-a575-42c4-8058-a13bbcef738b
b42cd2b4-818d-4785-ba8e-20e85bce6fdc,DeVille,55889584-a575-42c4-8058-a13bbcef738b
c0fae7e0-adc3-4328-9b4b-1395ea1835f5,DTS,55889584-a575-42c4-8058-a13bbcef738b
d0779340-7988-44d2-b984-25ee857b78e3,Eldorado,55889584-a575-42c4-8058-a13bbcef738b
a70f00f9-f830-4856-ae6d-ff964829dfec,ELR,55889584-a575-42c4-8058-a13bbcef738b
8c860a0b-4f15-47a0-8cd1-75268d9a2409,Escalade,55889584-a575-42c4-8058-a13bbcef738b
587bc0e8-9903-420b-aaa2-ba639b3dc0b2,Escalade IQ,55889584-a575-42c4-8058-a13bbcef738b
f7a21074-ae86-4273-b0f7-6aab679c2ac1,Fleetwood,55889584-a575-42c4-8058-a13bbcef738b
e8d6b395-357e-44fb-8351-5486c93e8aa8,GT4,55889584-a575-42c4-8058-a13bbcef738b
dc8ee522-3352-430d-9812-883849ce5149,Lyriq,55889584-a575-42c4-8058-a13bbcef738b
5d00e4d9-b4c7-4105-bb03-b2a59b620491,Seville,55889584-a575-42c4-8058-a13bbcef738b
3d0c52a6-503b-46f7-a1de-87bbf54e81cb,SRX,55889584-a575-42c4-8058-a13bbcef738b
bea67697-141d-4205-950f-05a642f59aaa,STS,55889584-a575-42c4-8058-a13bbcef738b
dcfc6297-1e3d-4be5-9e29-0170f29264fc,XLR,55889584-a575-42c4-8058-a13bbcef738b
89bd81e1-87e8-4d5e-bf03-f24c2bdc18a0,XT4,55889584-a575-42c4-8058-a13bbcef738b
caf5cac4-dc60-4b2b-99c2-7df02df12cd4,XT5,55889584-a575-42c4-8058-a13bbcef738b
c0786ba3-cb1b-4dc0-a8c2-5bb8b6211e88,XT6,55889584-a575-42c4-8058-a13bbcef738b
8e34cfcb-4113-4e03-bc9f-171f61fdc212,XTS,55889584-a575-42c4-8058-a13bbcef738b
6d21d240-d7bd-426c-8a85-2b3ff2b97572,HN3250,cec6d075-f638-4ac4-b8aa-aa5991dc1f75
d21fee52-d41d-4eec-8400-53a433256b8e,HN3310,cec6d075-f638-4ac4-b8aa-aa5991dc1f75
847f518b-b1bb-4259-b8a1-9c2f553e0642,Alsvin,715065c5-d70e-4ee3-8783-63711cce2b05
64a28250-2ec0-4f34-a590-4828e132b7b1,Benben,715065c5-d70e-4ee3-8783-63711cce2b05
43ea4026-e3b4-4a26-8484-10d5f538cade,CS15,715065c5-d70e-4ee3-8783-63711cce2b05
585c01db-2854-482d-8589-607cf8b5188f,CS35,715065c5-d70e-4ee3-8783-63711cce2b05
70e3a0dd-6670-49f0-b07b-2ebcc380e030,CS35 Plus,715065c5-d70e-4ee3-8783-63711cce2b05
394893ee-fc94-4003-9b7b-2d2957912989,CS55,715065c5-d70e-4ee3-8783-63711cce2b05
12211cce-5904-4a77-8b72-5b1b7ccea90d,CS55 Plus,715065c5-d70e-4ee3-8783-63711cce2b05
e03c66ba-ab15-4148-9178-f63da513c3be,CS75,715065c5-d70e-4ee3-8783-63711cce2b05
4ce73db3-7adb-428b-a3ac-1f74f3e62d5c,CS75 Plus,715065c5-d70e-4ee3-8783-63711cce2b05
1cefd8a7-a859-46a9-9bd3-d741055e0ce1,CS85 Coupe,715065c5-d70e-4ee3-8783-63711cce2b05
67feb152-39a1-41bb-bd68-21bc679a81ad,CS95,715065c5-d70e-4ee3-8783-63711cce2b05
d5b13e73-0767-468a-a118-4551985d19b2,CS95 Plus,715065c5-d70e-4ee3-8783-63711cce2b05
680efe43-47ba-4c36-aee8-f3c814515aae,Deepal Shenlan G318,715065c5-d70e-4ee3-8783-63711cce2b05
4a261bb2-a309-4db3-b7a3-0f4337204d26,Deepal Shenlan S7,715065c5-d70e-4ee3-8783-63711cce2b05
e7bcdb76-f64d-470c-8366-ccd9d615626b,Deepal Shenlan SL03,715065c5-d70e-4ee3-8783-63711cce2b05
e3a26bd1-b87b-44b5-a54d-cb8e3b5d831b,Eada,715065c5-d70e-4ee3-8783-63711cce2b05
03aea006-6d96-4843-aa2d-8ee12a743df7,Eado,715065c5-d70e-4ee3-8783-63711cce2b05
6be6471d-9b48-4f42-9cfc-72cc9d3a0708,Eado DT,715065c5-d70e-4ee3-8783-63711cce2b05
f16ac981-1db4-4efc-af17-c9091b924ac1,Eado Plus,715065c5-d70e-4ee3-8783-63711cce2b05
47914228-e62e-4472-b45a-0aa84c8251c2,Eado XT,715065c5-d70e-4ee3-8783-63711cce2b05
aafb62e2-be26-4f60-81a2-dc508bd6c970,Hunter,715065c5-d70e-4ee3-8783-63711cce2b05
38a2bbdb-4f15-48fd-9c6a-82f1d6c5a5bd,Hunter Plus,715065c5-d70e-4ee3-8783-63711cce2b05
a2908710-a6fc-44ab-8cff-41bd039b5fcb,Kaicene Star,715065c5-d70e-4ee3-8783-63711cce2b05
8a80f654-e94e-4c25-8c25-cfbe692f384b,Kaicene Star 5,715065c5-d70e-4ee3-8783-63711cce2b05
79d9806f-4a4b-488e-b6bc-8d4408e6abd4,Kaicene Star Plus,715065c5-d70e-4ee3-8783-63711cce2b05
5fe5e314-4341-4c13-8e41-5b92665d2123,Lamore,715065c5-d70e-4ee3-8783-63711cce2b05
ceb607d2-7d18-4605-b928-c1205bed5f1d,Lantop,715065c5-d70e-4ee3-8783-63711cce2b05
688517bb-18ef-444e-baf6-9b947b4c7788,Linmax,715065c5-d70e-4ee3-8783-63711cce2b05
b1719b85-aba8-4ea5-87e0-8ec561e175e0,Lumin,715065c5-d70e-4ee3-8783-63711cce2b05
4cf022c6-4d55-447b-8d5c-fae267966470,Qiyuan A05,715065c5-d70e-4ee3-8783-63711cce2b05
66191c65-7db7-4b87-b214-0c4b32833841,Qiyuan A07,715065c5-d70e-4ee3-8783-63711cce2b05
959200d7-a895-47e1-acb7-abfd56729494,Qiyuan Q05,715065c5-d70e-4ee3-8783-63711cce2b05
b71f8c70-9a8f-42f1-893e-dd8e756b3e5a,Raeton,715065c5-d70e-4ee3-8783-63711cce2b05
3f9277e7-7b27-4b62-a6aa-5b63f3d67a6d,Raeton CC,715065c5-d70e-4ee3-8783-63711cce2b05
dfd3fc81-894e-467e-a565-b75f579aac34,Raeton Plus,715065c5-d70e-4ee3-8783-63711cce2b05
c411d478-e07a-4156-8a02-97bd3910a8a6,SC 1030,715065c5-d70e-4ee3-8783-63711cce2b05
4c5aeaef-b64f-4d68-af2e-34599ae3179f,UNI-K,715065c5-d70e-4ee3-8783-63711cce2b05
c93932be-0de9-4eb5-a6f4-94feebc88fa4,UNI-T,715065c5-d70e-4ee3-8783-63711cce2b05
14807497-5a1e-499e-a878-7fdaf2b022f0,UNI-V,715065c5-d70e-4ee3-8783-63711cce2b05
2ff5a748-b359-4c38-bb45-b48653312192,UNI-Z,715065c5-d70e-4ee3-8783-63711cce2b05
01ca66da-f3bc-4725-abd5-aad5148f957e,X5 Plus,715065c5-d70e-4ee3-8783-63711cce2b05
16288506-bbed-4d5b-85ee-ece8aee74178,X7 Plus,715065c5-d70e-4ee3-8783-63711cce2b05
a0868142-1fc7-4e4a-b022-ea08ff3daf37,Yida,715065c5-d70e-4ee3-8783-63711cce2b05
29cd06f9-b3c4-4dfc-858c-682eaed39feb,Ideal,9a6f5a94-18ab-45c9-9046-56c06f458df5
6685ba5f-ca4a-44a2-9551-aac5402d8fc5,Amulet A15,3d01e517-2cc3-41a9-a9b9-4f352fbb4b44
6ac6fbd3-dbab-43cb-8fa3-7d804db46e94,Arrizo 3,3d01e517-2cc3-41a9-a9b9-4f352fbb4b44
c00d300a-07a0-434d-a32a-8ab302d2bc58,Arrizo 5,3d01e517-2cc3-41a9-a9b9-4f352fbb4b44
05a06cd3-608d-4372-b046-3694fc8ef341,Arrizo 5e,3d01e517-2cc3-41a9-a9b9-4f352fbb4b44
c2a30269-3b02-4ed7-8591-59db2fbfb6e1,Arrizo 5 GT,3d01e517-2cc3-41a9-a9b9-4f352fbb4b44
f2c85eb8-ac46-472d-b788-a61513690331,Arrizo 5 Plus,3d01e517-2cc3-41a9-a9b9-4f352fbb4b44
e9413f24-10fa-4b98-8134-028d63db243e,Arrizo 5 Pro,3d01e517-2cc3-41a9-a9b9-4f352fbb4b44
0c58d710-cccb-4b1c-a98d-d0ebb60d4d92,Arrizo 6 Pro,3d01e517-2cc3-41a9-a9b9-4f352fbb4b44
c60b85f1-4f89-4334-b198-d801aa44d02b,Arrizo 7,3d01e517-2cc3-41a9-a9b9-4f352fbb4b44
c9565bff-4d28-452c-814d-3c756cc525f4,Arrizo 8,3d01e517-2cc3-41a9-a9b9-4f352fbb4b44
fdd007f7-ac0e-4b84-9129-3534f6abc715,Arrizo EX,3d01e517-2cc3-41a9-a9b9-4f352fbb4b44
4687f616-6108-4037-a077-ba9615285fba,Arrizo GX,3d01e517-2cc3-41a9-a9b9-4f352fbb4b44
40ee9848-7257-421a-96ce-1eaf51c13ba4,Arrizo M7,3d01e517-2cc3-41a9-a9b9-4f352fbb4b44
12409080-202c-46a7-855a-19ba879d85ed,Big Ant eQ5,3d01e517-2cc3-41a9-a9b9-4f352fbb4b44
3fe235e2-0011-4aa1-97a3-182d4abb4377,Bonus 3 - A19,3d01e517-2cc3-41a9-a9b9-4f352fbb4b44
277341db-90b5-40ba-ade7-3b14a401fbb4,Bonus A13,3d01e517-2cc3-41a9-a9b9-4f352fbb4b44
b022939e-2076-4916-a4e0-c791211cc28d,CrossEastar,3d01e517-2cc3-41a9-a9b9-4f352fbb4b44
9385068c-1b62-41ec-a544-33eb75734765,E5,3d01e517-2cc3-41a9-a9b9-4f352fbb4b44
9ea07d60-ca5e-4427-98dc-838f2c4e2510,Eastar,3d01e517-2cc3-41a9-a9b9-4f352fbb4b44
99b8d0ba-27c3-4198-b33f-9dc5afe321a7,eQ1,3d01e517-2cc3-41a9-a9b9-4f352fbb4b44
ab0ca676-b3e4-4f24-9d5e-05da93d51a72,eQ7,3d01e517-2cc3-41a9-a9b9-4f352fbb4b44
e33839cd-9c88-40fd-b719-613de976db9e,Explore 06,3d01e517-2cc3-41a9-a9b9-4f352fbb4b44
4565a7d9-5adf-4754-8bd3-a3086ee9ab5d,Fora A21,3d01e517-2cc3-41a9-a9b9-4f352fbb4b44
930d2129-12d6-43dd-a486-af905b282c26,indiS S18D,3d01e517-2cc3-41a9-a9b9-4f352fbb4b44
1fb95911-fcb4-4667-a6b4-c11c8bcb48b1,Kimo A1,3d01e517-2cc3-41a9-a9b9-4f352fbb4b44
5991afcf-d6ec-477a-98d5-a84f43a7070c,M11,3d01e517-2cc3-41a9-a9b9-4f352fbb4b44
be173790-69ec-4996-b870-768f26254751,Oriental Son,3d01e517-2cc3-41a9-a9b9-4f352fbb4b44
1ecc8ddd-ba62-4861-9751-360415af45cb,QQ6 S21,3d01e517-2cc3-41a9-a9b9-4f352fbb4b44
a72da2f8-513f-448b-b5df-80c38f6e5992,QQ Ice Cream,3d01e517-2cc3-41a9-a9b9-4f352fbb4b44
0cc57025-ef02-41f0-b1e4-fff632af0734,QQ Sweet,3d01e517-2cc3-41a9-a9b9-4f352fbb4b44
c6ebb3c6-3c4e-451f-9b7f-dde43e413c2f,Tiggo 2,3d01e517-2cc3-41a9-a9b9-4f352fbb4b44
6533933b-54d1-4211-919b-fef6eecfa7e4,Tiggo 2 Pro,3d01e517-2cc3-41a9-a9b9-4f352fbb4b44
e04bb76c-17b4-4277-a5ec-891fd04ec3ac,Tiggo 3,3d01e517-2cc3-41a9-a9b9-4f352fbb4b44
a9480df8-e355-4a41-9003-0c90584456d8,Tiggo 3x,3d01e517-2cc3-41a9-a9b9-4f352fbb4b44
d084c5bc-8e37-480d-9613-e167b3dd701d,Tiggo 3xe,3d01e517-2cc3-41a9-a9b9-4f352fbb4b44
7d9b7289-cc88-4dcb-9213-f2aa2bf78af9,Tiggo 4,3d01e517-2cc3-41a9-a9b9-4f352fbb4b44
36bc39b7-449b-4dc4-9906-82eca85768f0,Tiggo 4 Pro,3d01e517-2cc3-41a9-a9b9-4f352fbb4b44
12f70fe5-9f2c-408f-b3fa-87059e16b59a,Tiggo 5,3d01e517-2cc3-41a9-a9b9-4f352fbb4b44
35c014ba-7862-4978-8217-98e2a7b127b5,Tiggo 5x,3d01e517-2cc3-41a9-a9b9-4f352fbb4b44
4018ec28-668f-4c71-b3b2-517682ab36c6,Tiggo 7,3d01e517-2cc3-41a9-a9b9-4f352fbb4b44
088ebd5d-9cdf-450a-8e03-a875e072e02b,Tiggo 7 Plus,3d01e517-2cc3-41a9-a9b9-4f352fbb4b44
f0aa82fb-6825-44cd-8a44-5f62eff6ef8b,Tiggo 7 Pro,3d01e517-2cc3-41a9-a9b9-4f352fbb4b44
3a4c5dc7-beef-4e53-9101-a1bf61d05e03,Tiggo 7 Pro Max,3d01e517-2cc3-41a9-a9b9-4f352fbb4b44
e8d4c721-3ec0-40b6-b813-95a74b02fa4c,Tiggo 7 Pro Plug-In-Hybrid,3d01e517-2cc3-41a9-a9b9-4f352fbb4b44
0e68c883-3cc8-484b-b377-33833c45f343,Tiggo 8,3d01e517-2cc3-41a9-a9b9-4f352fbb4b44
55dfd275-9984-4b7e-a234-7ba06b1511d4,Tiggo 8 Plus,3d01e517-2cc3-41a9-a9b9-4f352fbb4b44
a46f8b50-7dc8-4003-8ce4-8d16cc18cd93,Tiggo 8 Pro,3d01e517-2cc3-41a9-a9b9-4f352fbb4b44
567e51e3-1d0c-469b-a118-37a6a6f304f3,Tiggo 8 Pro e+ Hybrid,3d01e517-2cc3-41a9-a9b9-4f352fbb4b44
6e42429b-b405-4905-9b04-145b57f0b19e,Tiggo 8 Pro Max,3d01e517-2cc3-41a9-a9b9-4f352fbb4b44
ebc67f3c-dfb3-4c6d-9069-459a6183ddb3,Tiggo 8 Pro Plug-In-Hybrid,3d01e517-2cc3-41a9-a9b9-4f352fbb4b44
b67e8a75-3a85-433f-a548-b8fb4567c827,Tiggo 9,3d01e517-2cc3-41a9-a9b9-4f352fbb4b44
a90426bb-bf67-44ab-85d1-d39ce30ed125,Tiggo e,3d01e517-2cc3-41a9-a9b9-4f352fbb4b44
2de5edec-2107-4748-823e-f25b77f78316,Tiggo T11,3d01e517-2cc3-41a9-a9b9-4f352fbb4b44
614e6422-5663-4eaa-b57c-6af7269f18a4,Very A13,3d01e517-2cc3-41a9-a9b9-4f352fbb4b44
8ec4be18-7eb2-4bd3-a5ad-926ef51cfd5c,Alero,0c0c3204-1985-4f05-a6a6-6b969364bd34
d8ae16af-0436-45b0-8a2f-6387aca3a58f,Astro,0c0c3204-1985-4f05-a6a6-6b969364bd34
96ffff44-992b-42f2-be96-ff9baa2dbd24,Avalanche,0c0c3204-1985-4f05-a6a6-6b969364bd34
28db922c-9eb3-4fea-b34a-72ff9214206b,Aveo,0c0c3204-1985-4f05-a6a6-6b969364bd34
504e662f-a52b-4a24-873c-ac936af31cec,Beretta,0c0c3204-1985-4f05-a6a6-6b969364bd34
0fb71c73-cfaa-4403-a133-7b14599f2cb9,Blazer,0c0c3204-1985-4f05-a6a6-6b969364bd34
918ba964-61d1-42a6-a0d3-841f5d2fbe3a,Blazer K5,0c0c3204-1985-4f05-a6a6-6b969364bd34
24026de5-5d0c-49a2-ac72-a2e894cb1415,Blazer S-10,0c0c3204-1985-4f05-a6a6-6b969364bd34
4b9cf2da-c958-4df2-9c5f-a50734be9b22,Bolt,0c0c3204-1985-4f05-a6a6-6b969364bd34
4d2ff624-a54a-42aa-a7eb-4af938f6ae41,Camaro,0c0c3204-1985-4f05-a6a6-6b969364bd34
cb3bf86e-f764-4b19-9ef3-adcefa90dbb0,Caprice,0c0c3204-1985-4f05-a6a6-6b969364bd34
ef9700f8-d01a-4c8f-ad9a-423123a36be7,Captiva,0c0c3204-1985-4f05-a6a6-6b969364bd34
f9b1a98f-72cd-4621-a512-5159320f815f,Cavalier,0c0c3204-1985-4f05-a6a6-6b969364bd34
afeaf690-7f34-499c-8890-4a69add863c0,Celebrity,0c0c3204-1985-4f05-a6a6-6b969364bd34
aa7da41e-84df-4963-b842-590806130ecb,Cobalt,0c0c3204-1985-4f05-a6a6-6b969364bd34
8d90ba4a-4594-424b-8e7e-9390acc499e7,Colorado,0c0c3204-1985-4f05-a6a6-6b969364bd34
6acef47a-25a2-480a-83bb-4261bb475807,Corsica,0c0c3204-1985-4f05-a6a6-6b969364bd34
95b1f5af-73fd-4532-99fb-e71ca909b955,Corvette,0c0c3204-1985-4f05-a6a6-6b969364bd34
782de036-79df-4e50-a8d5-3b3b71506b83,Cruze,0c0c3204-1985-4f05-a6a6-6b969364bd34
2feae5a8-6358-4b8f-b84e-5dfcd96c8602,Damas,0c0c3204-1985-4f05-a6a6-6b969364bd34
0e05c4d4-dd2d-4d69-bc48-5da299992ca3,Epica,0c0c3204-1985-4f05-a6a6-6b969364bd34
0acce81c-da50-415d-b610-4126eb9a51bd,Equinox,0c0c3204-1985-4f05-a6a6-6b969364bd34
5eca9bf0-608b-4c45-b6e4-62257fbfc1ca,Express,0c0c3204-1985-4f05-a6a6-6b969364bd34
fe0cc403-110a-4669-942b-ebf01b989efe,Groove,0c0c3204-1985-4f05-a6a6-6b969364bd34
41c65ceb-3bc3-4622-b363-143746d1fa76,HHR,0c0c3204-1985-4f05-a6a6-6b969364bd34
432115ba-eb4f-4a1d-9271-88d127e7fd89,Impala,0c0c3204-1985-4f05-a6a6-6b969364bd34
caa6e98a-58ec-41ee-92c3-52669aa47a53,Lacetti,0c0c3204-1985-4f05-a6a6-6b969364bd34
684be50c-b78f-40e3-8819-10dd76a87837,Lanos,0c0c3204-1985-4f05-a6a6-6b969364bd34
d2a9d64d-ef67-49d9-be08-b03ae055b800,Lumina,0c0c3204-1985-4f05-a6a6-6b969364bd34
87f0ee27-53d8-4f52-8aca-b6e4e3e5c03a,Lumina APV,0c0c3204-1985-4f05-a6a6-6b969364bd34
26b46411-b6a5-4731-ba6d-13eb74b5d920,Malibu,0c0c3204-1985-4f05-a6a6-6b969364bd34
28916591-fca0-45a4-be58-d83f68e3070a,Menlo,0c0c3204-1985-4f05-a6a6-6b969364bd34
629864cb-4556-4c0b-8069-9855414b4e1c,Metro,0c0c3204-1985-4f05-a6a6-6b969364bd34
30df41a3-ff91-4a20-9eb7-8e6fe94cc5d4,Monza,0c0c3204-1985-4f05-a6a6-6b969364bd34
5bbaec05-43fb-46ac-9cb5-339f0c60966e,MW,0c0c3204-1985-4f05-a6a6-6b969364bd34
3bdd422d-c553-48ca-8d23-dd96f1bd0f01,Nexia,0c0c3204-1985-4f05-a6a6-6b969364bd34
b5da04f8-e75f-4fa0-a3f7-782ac6bbd155,Niva,0c0c3204-1985-4f05-a6a6-6b969364bd34
9346d8ed-407d-4bc4-90fd-4ced83812022,Nova,0c0c3204-1985-4f05-a6a6-6b969364bd34
27f8f3f3-b06c-48cd-a8a5-1c04f8058abd,Nubira,0c0c3204-1985-4f05-a6a6-6b969364bd34
0720dc1b-ca33-4ec1-bb6f-ef6184ab36de,Onix,0c0c3204-1985-4f05-a6a6-6b969364bd34
363c00b2-b823-49b7-abef-546d53a7963a,Optra,0c0c3204-1985-4f05-a6a6-6b969364bd34
47445376-4756-4457-9bfb-b304a73746b9,Orlando,0c0c3204-1985-4f05-a6a6-6b969364bd34
2f495243-f6be-4bfd-af2b-87fe77598d08,Rezzo,0c0c3204-1985-4f05-a6a6-6b969364bd34
2e04cf0b-5dbb-4e9a-b26c-69defabff4f6,Silverado,0c0c3204-1985-4f05-a6a6-6b969364bd34
f8bdf485-f353-4a12-8597-2b4f333f766a,Sonic,0c0c3204-1985-4f05-a6a6-6b969364bd34
6566ffef-38a6-4e23-9b91-324281c7fe0d,Spark,0c0c3204-1985-4f05-a6a6-6b969364bd34
147ea15b-c77a-4398-b182-425cdf996227,SSR,0c0c3204-1985-4f05-a6a6-6b969364bd34
3000c85b-2d44-4fef-9e63-3d5e2c79bdff,Suburban,0c0c3204-1985-4f05-a6a6-6b969364bd34
3068544c-4e03-43c0-ba37-125a2e3e3fea,Tacuma,0c0c3204-1985-4f05-a6a6-6b969364bd34
6cd2b3cf-dfd1-4288-a32b-9fb2fe23e5df,Tahoe,0c0c3204-1985-4f05-a6a6-6b969364bd34
d1f1c7a3-db45-4b52-ba77-313138a6b762,Tracker,0c0c3204-1985-4f05-a6a6-6b969364bd34
a37886e2-0f95-48c7-8261-23bb3f5e08e7,TrailBlazer,0c0c3204-1985-4f05-a6a6-6b969364bd34
d3c7c71d-024b-488e-b4a0-3a56a9807405,Trans Sport,0c0c3204-1985-4f05-a6a6-6b969364bd34
fb45de92-a00c-42e6-a999-99a9fa5392a5,Traverse,0c0c3204-1985-4f05-a6a6-6b969364bd34
0d69c4b8-67cd-42c4-b5e5-da0385e0d945,Trax,0c0c3204-1985-4f05-a6a6-6b969364bd34
657eecf5-96f9-4fe8-9ca9-509c613fb1c9,Uplander,0c0c3204-1985-4f05-a6a6-6b969364bd34
5d238a08-495c-4b53-8628-cec929f5726a,Venture,0c0c3204-1985-4f05-a6a6-6b969364bd34
0097a421-9ef5-47ab-9445-7ef94d265b6c,Volt,0c0c3204-1985-4f05-a6a6-6b969364bd34
f13ed2bf-f62d-4214-9481-68bf0c54a67f,180,b035189a-446d-4045-832e-2e08da034bfc
64cbbe6b-4cc9-4cd2-8fcc-f99e8bb60c52,200,b035189a-446d-4045-832e-2e08da034bfc
725a9914-59f8-4379-a6ae-c396ba90af01,300,b035189a-446d-4045-832e-2e08da034bfc
d2118e85-e3e5-4ec8-99d9-7c6b8acb4b3c,300C,b035189a-446d-4045-832e-2e08da034bfc
577c45ad-dfd2-4df9-bc4d-c14e2059bb1b,300 Letter Series,b035189a-446d-4045-832e-2e08da034bfc
91866086-9409-4809-be87-80d93c8cd4e0,300M,b035189a-446d-4045-832e-2e08da034bfc
47525272-6264-4b4e-9303-e68b08e1c938,Cirrus,b035189a-446d-4045-832e-2e08da034bfc
841f7669-a3ba-4f35-a5a1-67c2001ea172,Concorde,b035189a-446d-4045-832e-2e08da034bfc
fb972fc0-af68-4cd5-a488-feeb7fecf79c,Cordoba,b035189a-446d-4045-832e-2e08da034bfc
d3158759-b58c-4b5f-a840-b6063d822dec,Crossfire,b035189a-446d-4045-832e-2e08da034bfc
2b1f15c8-5b09-4837-a0fc-73503c345f80,Fifth Avenue,b035189a-446d-4045-832e-2e08da034bfc
ad09a9fb-6262-4828-8945-672da3f1a3cb,Grand Voyager,b035189a-446d-4045-832e-2e08da034bfc
81424a43-3ff1-49b2-b639-b05e99e80744,Imperial,b035189a-446d-4045-832e-2e08da034bfc
e65a57a3-8d8f-4872-818f-4f199a861b2b,Intrepid,b035189a-446d-4045-832e-2e08da034bfc
85a4905a-3493-4724-9759-bf91b2a5afb8,Le Baron,b035189a-446d-4045-832e-2e08da034bfc
783b4d10-ed04-4a83-afa0-fc0a5725e073,LHS,b035189a-446d-4045-832e-2e08da034bfc
ba8b8cff-b7a5-46a5-99d9-ddef9f4f63f0,Neon,b035189a-446d-4045-832e-2e08da034bfc
7571f99d-a3cd-4c7e-a63d-d264e0df1895,New Yorker,b035189a-446d-4045-832e-2e08da034bfc
31dd5c3e-3863-4994-92ef-75e05eef177d,Pacifica,b035189a-446d-4045-832e-2e08da034bfc
9a878fe5-f648-460c-ab2e-dcaa4480e421,Prowler,b035189a-446d-4045-832e-2e08da034bfc
6e2a7748-581f-4afb-99bb-fdde67d2cd1d,PT Cruiser,b035189a-446d-4045-832e-2e08da034bfc
56fb3848-ec40-415e-80df-706cfbd01f57,Saratoga,b035189a-446d-4045-832e-2e08da034bfc
ca30bee6-4596-4df6-a0d8-8045bca6b6f6,Sebring,b035189a-446d-4045-832e-2e08da034bfc
11fe8a09-0f34-4af8-b4b7-49c1d8c422ff,Stratus,b035189a-446d-4045-832e-2e08da034bfc
f230c661-8c67-42e4-b046-49decd0a9c59,Town and Country,b035189a-446d-4045-832e-2e08da034bfc
f57c73f0-589c-4a8c-a0b2-653b2e40fc09,Vision,b035189a-446d-4045-832e-2e08da034bfc
ce557f38-2660-45e6-9c2c-76d91fdf8382,Voyager,b035189a-446d-4045-832e-2e08da034bfc
c1af3e4e-33ef-42c5-aec1-f72ad11daaae,Ypsilon,b035189a-446d-4045-832e-2e08da034bfc
ddfb289a-d51c-4c56-9b3f-3335435ba6e1,M-NV,6c3dfb04-a146-4d2b-830b-6822b34b0e91
746be779-4219-4d7e-b636-8e5f631c4551,2CV,4ca87d7d-77b5-4f0f-a611-821a265acb67
6f2b0536-8662-4888-afbc-db9b529944fb,Berlingo,4ca87d7d-77b5-4f0f-a611-821a265acb67
e192ac2b-8a82-4519-bfec-05c56407058b,BX,4ca87d7d-77b5-4f0f-a611-821a265acb67
612c374f-fdf9-4e52-9d56-d37f70c62df5,C1,4ca87d7d-77b5-4f0f-a611-821a265acb67
757c36cc-7245-42b0-9453-6dd9c3342fd9,C15,4ca87d7d-77b5-4f0f-a611-821a265acb67
b1a10499-e230-438b-b221-db172a3b2ff0,C2,4ca87d7d-77b5-4f0f-a611-821a265acb67
d8bbc694-f195-4176-b03b-509af67532f4,C25,4ca87d7d-77b5-4f0f-a611-821a265acb67
e557bfa2-1fea-4d05-9d9c-1e4a3941996b,C3,4ca87d7d-77b5-4f0f-a611-821a265acb67
4b70f706-4916-4eb3-b06c-e4b05168d114,C3 Aircross,4ca87d7d-77b5-4f0f-a611-821a265acb67
8c9ba0ba-33d8-4c42-ab72-69fbd14f7dd6,C3 Picasso,4ca87d7d-77b5-4f0f-a611-821a265acb67
9eaf7598-7720-4e28-aaa9-a44d3b3381e4,C4,4ca87d7d-77b5-4f0f-a611-821a265acb67
e9a15745-4b5b-41ab-8c4e-f8109e38ca67,C4 Cactus,4ca87d7d-77b5-4f0f-a611-821a265acb67
9f0312c5-05bc-42a8-976e-d63c9ebbe52f,C4 Picasso,4ca87d7d-77b5-4f0f-a611-821a265acb67
edc630b4-6220-49d4-8896-7412a102a196,C4 Spacetourer,4ca87d7d-77b5-4f0f-a611-821a265acb67
036b5d3d-3aa0-4115-91c1-ba6b972daecf,C5,4ca87d7d-77b5-4f0f-a611-821a265acb67
29521539-d316-43c6-b3a2-4281d3664c66,C5 Aircross,4ca87d7d-77b5-4f0f-a611-821a265acb67
c86fcce4-6dbc-4e67-9dc5-e949d2d906f3,C5 X,4ca87d7d-77b5-4f0f-a611-821a265acb67
01a37c18-55e4-4ce7-8d42-706eed6b0aab,C6,4ca87d7d-77b5-4f0f-a611-821a265acb67
3e2927c8-dcf1-4f08-b2e8-c1446d54a9fc,C8,4ca87d7d-77b5-4f0f-a611-821a265acb67
6861c801-3649-4d3e-93b9-b44aee92adef,C-Crosser,4ca87d7d-77b5-4f0f-a611-821a265acb67
7d9121ab-0bb5-48df-ba55-b439f40c5d91,C-Elysee,4ca87d7d-77b5-4f0f-a611-821a265acb67
a79dcbfe-f3f3-405d-8dd0-c7378296fb61,C-Zero,4ca87d7d-77b5-4f0f-a611-821a265acb67
154dd602-bc7f-4709-a98f-fd12f682b6d5,DS3,4ca87d7d-77b5-4f0f-a611-821a265acb67
bd116f49-569b-41c2-9c8d-c1ac72dd1b5c,DS4,4ca87d7d-77b5-4f0f-a611-821a265acb67
64988c81-9fbf-4460-b153-b0fbe4ffcabe,E-Mehari,4ca87d7d-77b5-4f0f-a611-821a265acb67
fffd3ec5-881a-48c1-97b2-9395ffceb07b,Evasion,4ca87d7d-77b5-4f0f-a611-821a265acb67
8b2dca81-64b7-4d87-916f-cff1b788e5d1,Grand C4 Picasso,4ca87d7d-77b5-4f0f-a611-821a265acb67
711093dc-3386-4802-9440-07a6bc05590d,Grand C4 Spacetourer,4ca87d7d-77b5-4f0f-a611-821a265acb67
400a76bf-51c6-4372-9dae-8372c7623ab8,GS,4ca87d7d-77b5-4f0f-a611-821a265acb67
921a08ea-3e50-4ce4-a431-de55cce5d09d,Jumper,4ca87d7d-77b5-4f0f-a611-821a265acb67
0e33946e-e938-47c8-bd3e-0455c18d98ac,Jumpy,4ca87d7d-77b5-4f0f-a611-821a265acb67
da24fed0-fb54-45dd-b65d-0c4063f3eaaa,Nemo,4ca87d7d-77b5-4f0f-a611-821a265acb67
566a4af3-d591-4408-9cd3-6a6db3e9b543,Saxo,4ca87d7d-77b5-4f0f-a611-821a265acb67
cc231759-95d4-4e3b-b348-552abb2a6665,Spacetourer,4ca87d7d-77b5-4f0f-a611-821a265acb67
8d1bca54-e63d-4e0a-b720-b513d831ebd1,Visa,4ca87d7d-77b5-4f0f-a611-821a265acb67
124279bb-0f86-42ae-8836-2beed064629d,Xantia,4ca87d7d-77b5-4f0f-a611-821a265acb67
db62a0c7-25eb-48c0-b8c1-23b1c69aa98a,XM,4ca87d7d-77b5-4f0f-a611-821a265acb67
8451fb68-8d00-4c38-a902-4b98b86546d2,Xsara,4ca87d7d-77b5-4f0f-a611-821a265acb67
6bd96fb5-ea79-4096-a214-e665f115bdc6,Xsara Picasso,4ca87d7d-77b5-4f0f-a611-821a265acb67
673c2c75-0897-41ef-8aec-25f50534a606,ZX,4ca87d7d-77b5-4f0f-a611-821a265acb67
d90323fb-e3a9-4f0e-b979-e911438e6e85,Dokker,bee23739-7ce2-4a15-b117-d04b75ec72fb
38386ab9-c341-4faa-8a7a-4c2d1a60187a,Duster,bee23739-7ce2-4a15-b117-d04b75ec72fb
3c775bd9-a75c-4c0e-93f1-b11bcea6a0cd,Lodgy,bee23739-7ce2-4a15-b117-d04b75ec72fb
daf6081c-1f5a-41b4-a705-14f33f86224b,Logan,bee23739-7ce2-4a15-b117-d04b75ec72fb
2911ed94-002e-479d-9834-9e1873d13185,Logan MCV,bee23739-7ce2-4a15-b117-d04b75ec72fb
96358af6-d773-4f50-a9ef-68e9036cabf4,Logan MCV Stepway,bee23739-7ce2-4a15-b117-d04b75ec72fb
af98f73f-d70c-4d89-b925-7041edfc9417,Logan Pick-Up,bee23739-7ce2-4a15-b117-d04b75ec72fb
0fa8791d-920f-4cd1-bef2-a12e287d24ef,Logan VAN,bee23739-7ce2-4a15-b117-d04b75ec72fb
88d94d32-93f9-43af-8905-db9509e9e7dd,Sandero,bee23739-7ce2-4a15-b117-d04b75ec72fb
ece5b612-f488-47a8-a95d-bd4dc3fdf6c5,Sandero Stepway,bee23739-7ce2-4a15-b117-d04b75ec72fb
ff3777b8-f08d-4918-bae3-3e31932ab326,Spring,bee23739-7ce2-4a15-b117-d04b75ec72fb
ba14e312-4802-47f7-a8c0-660552e3ff3d,Smoothing,c38867ee-d232-4060-8e88-86b96b7f455d
d29dfa19-59ef-46c1-b762-492ba617a622,Alpheon,90318347-86f7-4aeb-9068-2ae76d080834
9400c29a-0d76-4397-b2b0-51ae9030abd1,BH120,90318347-86f7-4aeb-9068-2ae76d080834
ba689588-5a6d-4586-a9da-b22dadcc9908,BS106,90318347-86f7-4aeb-9068-2ae76d080834
476cfdaa-bd24-4f16-ba15-0e36a9b7cf9e,Damas,90318347-86f7-4aeb-9068-2ae76d080834
dcdc155d-dae0-49a2-ac94-950082fdcc00,Espero,90318347-86f7-4aeb-9068-2ae76d080834
5eee5e02-21d1-4331-af06-a9568835841f,Evanda,90318347-86f7-4aeb-9068-2ae76d080834
0c19c7a0-e4a4-4806-a5af-0eb7ca5ceaa8,G2X,90318347-86f7-4aeb-9068-2ae76d080834
cb33e754-b189-48f8-855b-837ba3cebc9c,Gentra,90318347-86f7-4aeb-9068-2ae76d080834
9eaa0a34-1130-405f-a70f-0761e680086a,Kalos,90318347-86f7-4aeb-9068-2ae76d080834
680d497a-6902-41e0-acdb-f3d2e444c615,Korando,90318347-86f7-4aeb-9068-2ae76d080834
a7036663-2a39-45e6-bcaa-48eaeec8e9db,Labo,90318347-86f7-4aeb-9068-2ae76d080834
6bd3328e-fde8-4f07-a282-c15dbe63b432,Lacetti,90318347-86f7-4aeb-9068-2ae76d080834
a26ac5f2-575b-47d8-974c-8c4df238e7a1,Lanos,90318347-86f7-4aeb-9068-2ae76d080834
d295a726-4826-407a-9737-6ddf31f47400,Leganza,90318347-86f7-4aeb-9068-2ae76d080834
c7a98048-0d3b-4066-b9ce-cd27d68ea94d,LeMans,90318347-86f7-4aeb-9068-2ae76d080834
e0be700b-fc12-4d1b-8457-41d21d7d2f59,Lublin 3,90318347-86f7-4aeb-9068-2ae76d080834
5ff5837e-2ba5-4c62-a7e5-543392fd4db1,Magnus,90318347-86f7-4aeb-9068-2ae76d080834
be5b7d90-8ba1-47e3-9a03-0ec019490734,Matiz,90318347-86f7-4aeb-9068-2ae76d080834
4045e069-c1b2-4537-9be6-352036296f31,Nexia,90318347-86f7-4aeb-9068-2ae76d080834
6ed7b838-bd94-405a-a72d-b7a573467a07,Novus,90318347-86f7-4aeb-9068-2ae76d080834
1553441b-5ed6-48f9-bd71-15527117d18e,Nubira,90318347-86f7-4aeb-9068-2ae76d080834
97452737-fb36-4873-be57-1c7b30361cee,Prince,90318347-86f7-4aeb-9068-2ae76d080834
dc1c13d2-69d4-4997-86ab-b6544bd4ed6b,Racer,90318347-86f7-4aeb-9068-2ae76d080834
71b65ec7-5528-4540-ae5e-16b3e33a98cd,Rezzo,90318347-86f7-4aeb-9068-2ae76d080834
39cdb1a8-0902-4b0f-b4e2-f341066ee6aa,Sens,90318347-86f7-4aeb-9068-2ae76d080834
ec39aa4c-52ec-4661-b93f-3e9d12d89596,Tacuma,90318347-86f7-4aeb-9068-2ae76d080834
98955fe7-9731-4b29-ae63-cec059b05c0d,Tico,90318347-86f7-4aeb-9068-2ae76d080834
c56745fe-5061-4ea1-b4ca-895070757f24,Tosca,90318347-86f7-4aeb-9068-2ae76d080834
92ea44fb-535a-4d56-a96b-8b30c121c24a,CF 4x2,26b86b66-b566-4c97-be4d-d0ded4122e88
01ebcd9f-81d3-4452-ac81-d2feffb6c5ba,CF 6x2,26b86b66-b566-4c97-be4d-d0ded4122e88
3ca6a9a9-0add-4440-8183-48ba18a34327,CF 6x4,26b86b66-b566-4c97-be4d-d0ded4122e88
f5868ca5-1a1d-4065-8225-f8bc34ca8c31,CF 8x2,26b86b66-b566-4c97-be4d-d0ded4122e88
55aa3206-3634-458f-be42-d2c55b9dd02c,CF 8x4,26b86b66-b566-4c97-be4d-d0ded4122e88
5ed0ef6f-9b64-4add-8ad8-862f31feffd3,LF,26b86b66-b566-4c97-be4d-d0ded4122e88
c4afdc00-b1e6-44c7-a0e3-d1ff65c3c7c0,XF 4x2,26b86b66-b566-4c97-be4d-d0ded4122e88
4184fa38-31b7-4a57-8911-60ce2a2a6e8f,XF 6x2,26b86b66-b566-4c97-be4d-d0ded4122e88
3eca07e9-b528-42ff-82e9-91d3b127a526,XF 6x4,26b86b66-b566-4c97-be4d-d0ded4122e88
bd2d19c7-f55e-41ba-8772-ee35e470f8a8,XF 8x2,26b86b66-b566-4c97-be4d-d0ded4122e88
a1a76eab-89f6-4d42-8192-9fa163b9b8df,XF 8x4,26b86b66-b566-4c97-be4d-d0ded4122e88
46ea8aed-d87d-482a-a96f-dcdd09d9531e,Altis,c1ad7f3b-beb8-4ab8-81fe-9c7c62ce8fc2
a38000fa-df35-4931-994e-cb04644de5a5,Applause,c1ad7f3b-beb8-4ab8-81fe-9c7c62ce8fc2
3f50e2ea-bebf-4216-bc4c-bb33bbda296c,Atrai,c1ad7f3b-beb8-4ab8-81fe-9c7c62ce8fc2
7ed95969-e934-4b53-86c9-74ef007bea5c,Atrai7,c1ad7f3b-beb8-4ab8-81fe-9c7c62ce8fc2
ddb0ddf1-788d-46dd-95e2-d5849c6213b3,Be-Go,c1ad7f3b-beb8-4ab8-81fe-9c7c62ce8fc2
8e778c22-decb-47ca-919f-e9f3488e44a8,Boon,c1ad7f3b-beb8-4ab8-81fe-9c7c62ce8fc2
d2741638-1ffc-48fe-8a94-f2ad17fbbdef,Boon Luminas,c1ad7f3b-beb8-4ab8-81fe-9c7c62ce8fc2
e3bbe33b-f307-4bdf-890c-d5f310244b90,Cast,c1ad7f3b-beb8-4ab8-81fe-9c7c62ce8fc2
66964fe2-1a61-438c-99c7-f7e888c2b9ca,Charade,c1ad7f3b-beb8-4ab8-81fe-9c7c62ce8fc2
4ba24679-2634-4c90-a61e-cfdbe7e1fa3a,Charade Social,c1ad7f3b-beb8-4ab8-81fe-9c7c62ce8fc2
6167f871-fba4-4fed-ae8b-1195c1edc75a,Coo,c1ad7f3b-beb8-4ab8-81fe-9c7c62ce8fc2
2f1b80a5-78b8-447b-a26e-c6c151a37fc5,Copen,c1ad7f3b-beb8-4ab8-81fe-9c7c62ce8fc2
c83d8d7a-4df8-49c1-8e74-11f5f441fc90,Cuore,c1ad7f3b-beb8-4ab8-81fe-9c7c62ce8fc2
6b94f8ad-8ae7-4443-a846-fa8cd8cc85d4,Delta,c1ad7f3b-beb8-4ab8-81fe-9c7c62ce8fc2
b2577126-bd12-4cdf-9502-3b93c936c5d8,Gran Max,c1ad7f3b-beb8-4ab8-81fe-9c7c62ce8fc2
f0e2c240-ea5a-407c-b97a-08fcaa5cfe75,Hijet,c1ad7f3b-beb8-4ab8-81fe-9c7c62ce8fc2
1d2177cb-0d46-4251-af54-15384b8f51bf,Hijet Caddie,c1ad7f3b-beb8-4ab8-81fe-9c7c62ce8fc2
7d6be444-5b0b-4630-947c-61fe328c586f,Hijet Truck,c1ad7f3b-beb8-4ab8-81fe-9c7c62ce8fc2
f6eb0fca-a3e8-4247-9832-7b5ed64ed69a,Leeza,c1ad7f3b-beb8-4ab8-81fe-9c7c62ce8fc2
709d90af-440d-4df3-b479-a92377e5ac20,Max,c1ad7f3b-beb8-4ab8-81fe-9c7c62ce8fc2
b67393d6-9aeb-47aa-8353-52403622fee3,Mebius,c1ad7f3b-beb8-4ab8-81fe-9c7c62ce8fc2
77e98af7-ad68-4670-a1f2-6118d0b1de9b,Midget II,c1ad7f3b-beb8-4ab8-81fe-9c7c62ce8fc2
bb47aef1-7e9d-4fe4-a710-c04898250608,Mira,c1ad7f3b-beb8-4ab8-81fe-9c7c62ce8fc2
8783e452-cb99-498d-83c1-931783a1e66b,Mira Avy,c1ad7f3b-beb8-4ab8-81fe-9c7c62ce8fc2
b58d2018-beae-447a-a63d-638f046e3b13,Mira Cocoa,c1ad7f3b-beb8-4ab8-81fe-9c7c62ce8fc2
e6f1c1f1-47ee-495a-85a6-ef04202119fb,Mira e:S,c1ad7f3b-beb8-4ab8-81fe-9c7c62ce8fc2
98d06215-9155-4613-a139-30f217aa6e7b,Mira Gino,c1ad7f3b-beb8-4ab8-81fe-9c7c62ce8fc2
303c26ba-d50b-4f8c-a275-fe420e26758e,Mira Gino 1000,c1ad7f3b-beb8-4ab8-81fe-9c7c62ce8fc2
9c2de888-708a-4208-858c-88af52cda2cb,Mira Moderno,c1ad7f3b-beb8-4ab8-81fe-9c7c62ce8fc2
44a5ffb7-a1a9-43b9-8fab-642dc3b48ed5,Mira Tocot,c1ad7f3b-beb8-4ab8-81fe-9c7c62ce8fc2
a6929eec-1b88-4c20-b68b-1a9fbbf2c054,Move,c1ad7f3b-beb8-4ab8-81fe-9c7c62ce8fc2
84342970-7d1d-4553-abde-1fec43673aa7,Move Canbus,c1ad7f3b-beb8-4ab8-81fe-9c7c62ce8fc2
b3f4ba78-8f12-452e-9297-ae1a719a9f2c,Move Latte,c1ad7f3b-beb8-4ab8-81fe-9c7c62ce8fc2
0874e292-2921-4e6e-8a22-522156e51f0d,Naked,c1ad7f3b-beb8-4ab8-81fe-9c7c62ce8fc2
de754cbb-317e-4501-8dcd-ca89952a7f24,Opti,c1ad7f3b-beb8-4ab8-81fe-9c7c62ce8fc2
c8481756-5868-4885-9097-4ea82f3c75a5,Pyzar,c1ad7f3b-beb8-4ab8-81fe-9c7c62ce8fc2
c4866f9b-ab24-45aa-9dd3-fa661978d07a,Rocky,c1ad7f3b-beb8-4ab8-81fe-9c7c62ce8fc2
317a1065-37ed-4671-9e53-79253a08dc41,Rugger,c1ad7f3b-beb8-4ab8-81fe-9c7c62ce8fc2
7a558455-c82e-4642-aa1e-264a3f27de13,Sonica,c1ad7f3b-beb8-4ab8-81fe-9c7c62ce8fc2
e309cfd8-4c4d-41ae-ae49-23ee0075d9de,Storia,c1ad7f3b-beb8-4ab8-81fe-9c7c62ce8fc2
64c39861-d220-41d9-b48f-5b545b4e2b7c,Taft,c1ad7f3b-beb8-4ab8-81fe-9c7c62ce8fc2
0abd69d6-59eb-424a-acdc-84769bd92738,Tanto,c1ad7f3b-beb8-4ab8-81fe-9c7c62ce8fc2
00135379-e8bd-4d2f-a248-05398a70e893,Terios,c1ad7f3b-beb8-4ab8-81fe-9c7c62ce8fc2
479b1ad4-8321-4e09-85d5-4bedbef24262,Terios Kid,c1ad7f3b-beb8-4ab8-81fe-9c7c62ce8fc2
a0345cc4-eeda-4897-97be-3148a5d0d9a2,Terios Lucia,c1ad7f3b-beb8-4ab8-81fe-9c7c62ce8fc2
507f9dd9-49c3-4b7a-b282-db4ce23c5141,Thor,c1ad7f3b-beb8-4ab8-81fe-9c7c62ce8fc2
5dbeed53-3631-4e67-93fb-3cb50fa630bf,Wake,c1ad7f3b-beb8-4ab8-81fe-9c7c62ce8fc2
d359a3ba-d3c0-40a1-8693-fc45d25a7f70,YRV,c1ad7f3b-beb8-4ab8-81fe-9c7c62ce8fc2
8648af60-2e8a-4ba3-8863-1d69ee061b94,mi-Do,794e81ab-08da-460b-b494-35c183c85710
915629f9-8239-4c48-b1a6-d720c89deb25,on-DO,794e81ab-08da-460b-b494-35c183c85710
aaeb6196-0de6-421f-9d7a-4c9453b91b17,Yuehu,52457f69-2b92-4814-b853-54b930019fa5
7b41ac76-a790-4c8c-86ed-1be46e3f4d98,DMC-12,56293a89-8c20-4d1f-8ea9-c7ed483ae74f
ac3d8ba2-9328-4a51-b36f-2f91731f7e83,500,86b22420-d8fd-4cd6-b7cd-3afa6da79784
16177c8f-2f4f-48b0-a8c8-3ce425cea52c,D9,86b22420-d8fd-4cd6-b7cd-3afa6da79784
6fa209ab-6282-44aa-9e40-c557c5882c5f,EV,86b22420-d8fd-4cd6-b7cd-3afa6da79784
dc75101b-64d9-4f9b-97e7-5672ccd16e30,N7,86b22420-d8fd-4cd6-b7cd-3afa6da79784
240871c3-d96a-4bd0-ac08-cdee7d033837,N8,86b22420-d8fd-4cd6-b7cd-3afa6da79784
57c45fce-773d-42ce-b9c3-af0b47fe8208,X,86b22420-d8fd-4cd6-b7cd-3afa6da79784
23d693d3-fc54-4357-9d94-1193e7fcf178,Aries,52364dd8-2392-44cf-b0fa-a59855c5ca3b
9e7bc150-4c79-4367-9b39-db294f545b08,Avenger,52364dd8-2392-44cf-b0fa-a59855c5ca3b
0dffe2f6-b24c-4c80-a865-a95080346728,Caliber,52364dd8-2392-44cf-b0fa-a59855c5ca3b
bfd9b338-6eff-4f30-b66c-a08322fc9fda,Caravan,52364dd8-2392-44cf-b0fa-a59855c5ca3b
5b98a4b2-24bc-48ec-9b49-7709f392e125,Challenger,52364dd8-2392-44cf-b0fa-a59855c5ca3b
86b14ea9-5a1c-41f4-9609-5ef9950eabc8,Charger,52364dd8-2392-44cf-b0fa-a59855c5ca3b
6601b1d6-eca3-4918-91ec-a5ea177f3775,Dakota,52364dd8-2392-44cf-b0fa-a59855c5ca3b
bef050d8-daef-4f5d-83fe-6192aa21440c,Dart,52364dd8-2392-44cf-b0fa-a59855c5ca3b
cef0774c-1a56-4580-a9af-b0e5a1b45c98,Durango,52364dd8-2392-44cf-b0fa-a59855c5ca3b
1d21762d-3cde-4e5e-98ff-e4aef2accbef,Dynasty,52364dd8-2392-44cf-b0fa-a59855c5ca3b
292bfb00-618d-413b-bd1a-8e94ccfb0c74,Grand Caravan,52364dd8-2392-44cf-b0fa-a59855c5ca3b
ecd66866-2790-4903-922f-63f281a58cb4,Hornet,52364dd8-2392-44cf-b0fa-a59855c5ca3b
295111bf-8ea4-44b2-9ff5-a21ad0ab7f65,Intrepid,52364dd8-2392-44cf-b0fa-a59855c5ca3b
f88297d5-f757-44db-befb-d15e558f28b2,Journey,52364dd8-2392-44cf-b0fa-a59855c5ca3b
7e8d1e44-7062-457e-af46-88a29328f7a2,Magnum,52364dd8-2392-44cf-b0fa-a59855c5ca3b
dc84137b-beb7-4aa7-b34f-950a51327028,Neon,52364dd8-2392-44cf-b0fa-a59855c5ca3b
0667d6d1-b074-414d-965a-94d8d21fc721,Nitro,52364dd8-2392-44cf-b0fa-a59855c5ca3b
affe565a-7470-46ef-9943-644ef2efdcda,Raider,52364dd8-2392-44cf-b0fa-a59855c5ca3b
ce2a8082-d62e-4f0e-9ab9-61874dee3547,Ram,52364dd8-2392-44cf-b0fa-a59855c5ca3b
30b91f7f-5dc9-4a79-a88b-9c54f4bb76eb,Ramcharger,52364dd8-2392-44cf-b0fa-a59855c5ca3b
0a028ab8-9599-42ed-aa05-c2a4428f1fb5,Ram Van,52364dd8-2392-44cf-b0fa-a59855c5ca3b
24dbebea-ad44-44a4-a37e-da8ae78c28db,Spirit,52364dd8-2392-44cf-b0fa-a59855c5ca3b
b0757e68-6202-43e5-8b97-a46d41bd34b8,Sprinter,52364dd8-2392-44cf-b0fa-a59855c5ca3b
63dd0cb7-cecf-4348-817b-cf35f41cd05c,Stealth,52364dd8-2392-44cf-b0fa-a59855c5ca3b
73481d87-a5f1-4c36-9000-f032848f0a39,Stratus,52364dd8-2392-44cf-b0fa-a59855c5ca3b
f36743c7-7759-4440-b9d2-5faf23f840a1,Viper,52364dd8-2392-44cf-b0fa-a59855c5ca3b
9f0f392f-9569-40ca-9663-a7c8bbb68838,580,0881f3d7-4688-47d8-a2c4-8c514cc6d392
4aca72d5-b94d-415f-974e-81dcd62bea46,Aeolus A60,0881f3d7-4688-47d8-a2c4-8c514cc6d392
93c795e4-3447-4111-a455-155b2cc03d6f,Aeolus AX7,0881f3d7-4688-47d8-a2c4-8c514cc6d392
ba1895a0-1f52-4a67-881f-f110d4c61499,Aeolus AX7 Plus,0881f3d7-4688-47d8-a2c4-8c514cc6d392
f1730751-746a-4776-bcb0-eae488dcbc34,Aeolus E70,0881f3d7-4688-47d8-a2c4-8c514cc6d392
3cea8154-03a7-4933-9daf-a624d4ba17e3,Aeolus Haohan,0881f3d7-4688-47d8-a2c4-8c514cc6d392
e088cab5-b8ce-4ee1-b854-94d38f8333a9,Aeolus Haoji,0881f3d7-4688-47d8-a2c4-8c514cc6d392
b59f9177-6e3e-4551-bda6-0f4d93973a26,Aeolus Yixuan,0881f3d7-4688-47d8-a2c4-8c514cc6d392
6f27e6b5-178f-4efb-89bf-cb7dcb16975f,Aeolus Yixuan GS,0881f3d7-4688-47d8-a2c4-8c514cc6d392
6dc182da-02df-4ef6-ac19-991e4e6a6fd4,Aeolus Yixuan Max,0881f3d7-4688-47d8-a2c4-8c514cc6d392
257caecc-ae0c-4f8f-bcfd-b70f0a50e6a1,AX4,0881f3d7-4688-47d8-a2c4-8c514cc6d392
dacd3f9b-60c7-4dc5-94d9-ebc9af508067,AX7,0881f3d7-4688-47d8-a2c4-8c514cc6d392
46298b67-30e4-4d5b-89c4-568e160cc3ab,Captain-T,0881f3d7-4688-47d8-a2c4-8c514cc6d392
d9cb841f-6193-4d1d-abd4-bc1b4899f209,DF6,0881f3d7-4688-47d8-a2c4-8c514cc6d392
a0062cd2-35e3-45c5-82b3-2c761c420e1a,DFA-Series,0881f3d7-4688-47d8-a2c4-8c514cc6d392
d54ef7e0-873f-4806-92d9-a9f8ca2ef8c8,DFL-Series,0881f3d7-4688-47d8-a2c4-8c514cc6d392
024189c8-c1b7-4490-ab1d-ba28097e75a9,DFSK ix5 Fengon,0881f3d7-4688-47d8-a2c4-8c514cc6d392
3003bfe6-8dfe-49a0-83d1-a1185a33fefd,DFSK ix7 Fengon,0881f3d7-4688-47d8-a2c4-8c514cc6d392
bb1f2d34-acca-447c-b168-d2543b5223d4,Fengon 500,0881f3d7-4688-47d8-a2c4-8c514cc6d392
c4ba1020-fbab-4f06-a5b0-60c4d20bb4db,Fengon 580,0881f3d7-4688-47d8-a2c4-8c514cc6d392
6eed4ea9-4fc4-4104-9c1c-616fcd4bf086,Fengon 580 Pro,0881f3d7-4688-47d8-a2c4-8c514cc6d392
18061350-aaa7-4983-b060-8692e28c435b,Fengon e3,0881f3d7-4688-47d8-a2c4-8c514cc6d392
b30f1362-7eb7-4c4f-a43e-c07f57a557ef,Fengon Mini EV,0881f3d7-4688-47d8-a2c4-8c514cc6d392
06afe2da-14d7-43bf-9593-d0c6e0bd1ba1,Fengon S560,0881f3d7-4688-47d8-a2c4-8c514cc6d392
e6be0fb0-9ced-43da-af07-0e349037688a,H30 Cross,0881f3d7-4688-47d8-a2c4-8c514cc6d392
e0755ae8-7085-4694-b96b-1d367a5718a7,K33-561,0881f3d7-4688-47d8-a2c4-8c514cc6d392
73e6afef-2c08-448f-aeb5-16789c8d5032,Landian E5,0881f3d7-4688-47d8-a2c4-8c514cc6d392
cc299473-4b93-44f8-b75c-082e14bc65b3,MPV,0881f3d7-4688-47d8-a2c4-8c514cc6d392
6077937f-d387-423a-9e8e-131a01acf95a,Nammi 01,0881f3d7-4688-47d8-a2c4-8c514cc6d392
169e4c91-3a62-4a3b-84fa-ccaa9f5852a7,Rich,0881f3d7-4688-47d8-a2c4-8c514cc6d392
a522e4b2-24c4-4aeb-ac93-cdacc687418d,Rich 6,0881f3d7-4688-47d8-a2c4-8c514cc6d392
3329fe8f-f2bd-469c-ac7a-749e22661488,Rich 7,0881f3d7-4688-47d8-a2c4-8c514cc6d392
1e63f4ad-7cd6-4a55-bf43-1896d70be586,S30,0881f3d7-4688-47d8-a2c4-8c514cc6d392
1c2c26f0-1229-4ff2-a5a2-d04f848d5a09,Shine Max,0881f3d7-4688-47d8-a2c4-8c514cc6d392
a2f096fe-4ca2-42ab-b99d-d73d9d13ddbb,Sokon V21,0881f3d7-4688-47d8-a2c4-8c514cc6d392
83106989-b9f5-4905-a0ec-4c70b2d5595c,H3,44180f2b-c0b3-4fde-b5f3-15ff55908e71
932597a6-61eb-4ff3-ab50-5a974c2c48b2,H5,44180f2b-c0b3-4fde-b5f3-15ff55908e71
d3a3cdda-2664-4758-89d6-0163dddbbf29,EC-Series,62930df0-281d-4298-ba3e-01ad86185fef
417db944-a249-4b59-ac99-5d25f579f900,i-Jet,db1a1cc8-9d64-4b9c-9718-ca14996c16ff
57e682ea-46a6-4e62-ba41-b5e2ffc137e5,i-Joy,db1a1cc8-9d64-4b9c-9718-ca14996c16ff
6ba4d389-35b0-47f5-935a-cf5b2048afb0,i-Pro,db1a1cc8-9d64-4b9c-9718-ca14996c16ff
26b01678-1b65-44d5-b729-166a9166dbf1,i-Sky,db1a1cc8-9d64-4b9c-9718-ca14996c16ff
aea9575f-4505-4f04-91f3-a182b20f5d9a,i-Space,db1a1cc8-9d64-4b9c-9718-ca14996c16ff
bdafb659-b3ed-451e-b168-cbae00a8eb13,i-Van,db1a1cc8-9d64-4b9c-9718-ca14996c16ff
d9de337a-9781-460b-84c2-11a3a9879786,LX,92d56add-10eb-4f54-bc47-ec807ebb85d4
6d5ecc0f-ca5b-4fcc-9428-2eb2f91da74c,RX,92d56add-10eb-4f54-bc47-ec807ebb85d4
2075bf85-c143-40f2-a2d6-45a79c034357,Sterra ES,92d56add-10eb-4f54-bc47-ec807ebb85d4
cf14885f-0da3-46d3-a99e-797cbc5ef198,TXL,92d56add-10eb-4f54-bc47-ec807ebb85d4
f4adeaf6-232c-4a06-9a42-5dfdf51b64f4,VX,92d56add-10eb-4f54-bc47-ec807ebb85d4
85d5197a-948c-4d18-87b6-105a46c765cb,Yaoguang,92d56add-10eb-4f54-bc47-ec807ebb85d4
844fcd81-a858-448a-a711-01a50c19f3a6,1041,84521c5e-d628-434d-8318-3fb35b82560d
4391a41f-fcb6-49b0-84d1-e97a03293f92,6350,84521c5e-d628-434d-8318-3fb35b82560d
0f226b7a-1cff-4723-8977-08dc91c5ee32,6371,84521c5e-d628-434d-8318-3fb35b82560d
1f5e2e09-1a4c-4a5d-ac00-2e9cb2bc62e3,Bestune B70,84521c5e-d628-434d-8318-3fb35b82560d
d2628b6a-e6cf-43e9-8352-540d3e747641,Bestune E01,84521c5e-d628-434d-8318-3fb35b82560d
b4e24562-b95d-4508-bbf0-bc1e9eab8bfb,Bestune M9,84521c5e-d628-434d-8318-3fb35b82560d
4b78a9b6-d9cf-4d3f-8f44-2df4cddbaa7f,Bestune NAT,84521c5e-d628-434d-8318-3fb35b82560d
fb0e5fa3-0517-4636-94fc-857eb6902f94,Bestune T55,84521c5e-d628-434d-8318-3fb35b82560d
0490c520-c201-4c8b-8cd4-3922d8a1ed71,Bestune T77,84521c5e-d628-434d-8318-3fb35b82560d
eec3f012-ddc8-4a33-b3a6-61b7a8165b0d,Bestune T90,84521c5e-d628-434d-8318-3fb35b82560d
5dd94a80-eee7-4621-bd80-54bd8671a341,Bestune T99,84521c5e-d628-434d-8318-3fb35b82560d
cd8acfc5-1807-4894-b3ee-308ebdc63f27,Besturn B30,84521c5e-d628-434d-8318-3fb35b82560d
46bdea76-636a-425a-ae6d-1061a78e22ee,Besturn B50,84521c5e-d628-434d-8318-3fb35b82560d
27ce8423-1f7c-432e-bba4-33f00d936322,Besturn B70,84521c5e-d628-434d-8318-3fb35b82560d
d0375559-7134-4dae-99f6-3e154f8661cc,Besturn X40,84521c5e-d628-434d-8318-3fb35b82560d
1bd27fc5-2ed3-450d-bab5-fa5acc2557f0,Besturn X40 EV,84521c5e-d628-434d-8318-3fb35b82560d
21104fc7-f031-44d4-ae5f-dcc831d01814,Besturn X80,84521c5e-d628-434d-8318-3fb35b82560d
f8cbc6b1-d2ea-4a2e-9286-2504f7e80052,J5 CA3252/3253,84521c5e-d628-434d-8318-3fb35b82560d
d18ef012-1af2-4557-b27c-087b769b4d64,J5 CA3312,84521c5e-d628-434d-8318-3fb35b82560d
8854cc76-5ad0-4d24-a441-b8f6328925b7,J6 CA3250,84521c5e-d628-434d-8318-3fb35b82560d
f3927cd1-06aa-4e31-b9ec-ba6028172136,J6 CA3310,84521c5e-d628-434d-8318-3fb35b82560d
b96ed8a8-1bc0-45ba-ad0f-e5d6fc68f73d,J6 CA4250,84521c5e-d628-434d-8318-3fb35b82560d
3301666a-68a7-4caa-a564-f5104064e17e,Jinn,84521c5e-d628-434d-8318-3fb35b82560d
81c225de-2af5-4a25-a847-37d4ffae0957,Oley,84521c5e-d628-434d-8318-3fb35b82560d
a8d7a593-1995-44d5-a6fd-eef89c8eba00,V2,84521c5e-d628-434d-8318-3fb35b82560d
7a067122-d59b-4ae5-9275-0ee4300ac169,V5,84521c5e-d628-434d-8318-3fb35b82560d
c00e7ec5-56cc-4bac-8883-3d7c302c5c2d,Vita,84521c5e-d628-434d-8318-3fb35b82560d
3940319c-287a-47f4-980f-a39b1a89f8f6,12Cilindri,4fcc676d-5bad-415f-a0c1-52a0772bc767
8715647e-25ec-4b7e-aab9-ed582ade91f7,296 GTB,4fcc676d-5bad-415f-a0c1-52a0772bc767
8acba197-de28-496a-b7bd-0e183262e485,296 GTS,4fcc676d-5bad-415f-a0c1-52a0772bc767
e305735b-38c4-4860-ab2c-e88fe4e3c0ef,328,4fcc676d-5bad-415f-a0c1-52a0772bc767
cf645ebd-f5f9-4375-aafd-10169bf11805,348,4fcc676d-5bad-415f-a0c1-52a0772bc767
b14c8d3a-ea88-4065-97da-c4da891b0383,360,4fcc676d-5bad-415f-a0c1-52a0772bc767
a07467de-ad07-4513-8836-fa55520847a0,458 Italia,4fcc676d-5bad-415f-a0c1-52a0772bc767
80ac608c-cc5e-44f1-bc85-a3ad2d79d6f7,458 Spider,4fcc676d-5bad-415f-a0c1-52a0772bc767
31aa3522-a737-42ab-aaeb-6a411a7f3cc0,458 Speciale,4fcc676d-5bad-415f-a0c1-52a0772bc767
4eef7256-ca8e-4ef4-8a99-72f1bd36cded,488 GTB,4fcc676d-5bad-415f-a0c1-52a0772bc767
2a4b9692-5c1f-4583-b052-b55422af634b,488 Spider,4fcc676d-5bad-415f-a0c1-52a0772bc767
e3b1a147-04a9-46fd-bcd5-52e127eab781,488 Pista,4fcc676d-5bad-415f-a0c1-52a0772bc767
01da5377-da76-473f-837d-d621053e1b52,575M Maranello,4fcc676d-5bad-415f-a0c1-52a0772bc767
1cb1dabf-d140-4344-87e9-aa833b077b10,599 GTB Fiorano,4fcc676d-5bad-415f-a0c1-52a0772bc767
49d4cdde-7fc3-4fec-b392-acbb363e7724,599 GTO,4fcc676d-5bad-415f-a0c1-52a0772bc767
371f2a1b-7f50-4d4f-b8d3-0fed3f13330b,612 Scaglietti,4fcc676d-5bad-415f-a0c1-52a0772bc767
011b92fb-2ecd-46cc-82d7-fc7cf225feb5,812 GTS,4fcc676d-5bad-415f-a0c1-52a0772bc767
b3843959-d555-4a8e-a30b-ada334a29b4c,812 Superfast,4fcc676d-5bad-415f-a0c1-52a0772bc767
e16d9a28-c90a-4e38-b860-8562ea2446bf,California,4fcc676d-5bad-415f-a0c1-52a0772bc767
ac6e46b4-4269-41bb-ae07-38b0784c369e,Daytona SP3,4fcc676d-5bad-415f-a0c1-52a0772bc767
787508a9-06d4-4350-8876-19718a893ce4,Enzo Ferrari,4fcc676d-5bad-415f-a0c1-52a0772bc767
09a46462-0b5a-4f65-9da1-ca0a6d8c678c,F12 Berlinetta,4fcc676d-5bad-415f-a0c1-52a0772bc767
a8dc6852-eac5-4314-8928-5c33e0ab8e92,F12 TDF,4fcc676d-5bad-415f-a0c1-52a0772bc767
e3cb60d8-c5a3-42ac-8f77-f9ff2933322b,F40,4fcc676d-5bad-415f-a0c1-52a0772bc767
54acd6f7-2513-457b-985c-5b6f40396a22,F430,4fcc676d-5bad-415f-a0c1-52a0772bc767
42dc1433-d941-4f32-a20d-5e6f34b56326,F50,4fcc676d-5bad-415f-a0c1-52a0772bc767
8ba00888-e7fa-4b2d-a7f7-6a050cf9b723,F8 Spider,4fcc676d-5bad-415f-a0c1-52a0772bc767
2bb74687-b9d6-418d-9224-e4d94312e9c7,F8 Tributo,4fcc676d-5bad-415f-a0c1-52a0772bc767
f9c21886-fa29-4d16-926f-32e19c15077d,FF,4fcc676d-5bad-415f-a0c1-52a0772bc767
1f9b30c2-0f06-4862-8a03-84d09814adec,GTC4Lusso,4fcc676d-5bad-415f-a0c1-52a0772bc767
97e5bc9a-27dc-4448-90f4-5d12ad42100a,Monza SP,4fcc676d-5bad-415f-a0c1-52a0772bc767
697e200d-25b2-4974-babb-79af64f5f2b0,Portofino,4fcc676d-5bad-415f-a0c1-52a0772bc767
19d42df9-f198-43ce-af11-dc7c14a02e9d,Purosangue,4fcc676d-5bad-415f-a0c1-52a0772bc767
ff2c72c4-20a7-4176-b004-c29a4d949846,Roma,4fcc676d-5bad-415f-a0c1-52a0772bc767
b3a96dbe-acd5-4f43-a59e-0dc02ad8bf4b,SF90 Stradale,4fcc676d-5bad-415f-a0c1-52a0772bc767
af95cc93-11a4-427c-ab69-7ca62adb2edd,Testarossa,4fcc676d-5bad-415f-a0c1-52a0772bc767
748b924e-6b03-47ac-8a72-cda91abf1f56,500,5b8d37d1-9206-4d84-8ff6-243d0e3d2823
ddd60784-4cb7-4eb2-8fa1-8e4956dbb1cc,Albea,5b8d37d1-9206-4d84-8ff6-243d0e3d2823
6835a6c3-7ce2-4c18-be3d-a56384dd2a4a,Bravo,5b8d37d1-9206-4d84-8ff6-243d0e3d2823
92414198-967a-413f-9990-d62b5bc919ab,Coupe,5b8d37d1-9206-4d84-8ff6-243d0e3d2823
d033c89f-0ef8-4605-afa5-21f90c0d3b98,Croma,5b8d37d1-9206-4d84-8ff6-243d0e3d2823
0c26d068-c9ff-4b6f-b04e-0e014442d6cd,Doblo,5b8d37d1-9206-4d84-8ff6-243d0e3d2823
e3112f0d-0650-47b7-9d1a-1d95719c42ce,Ducato,5b8d37d1-9206-4d84-8ff6-243d0e3d2823
dd26eda9-0e84-4276-ad3b-9558b5834d18,Freemont,5b8d37d1-9206-4d84-8ff6-243d0e3d2823
a593ece8-5dd8-4ec5-a05f-040d17194456,Fullback,5b8d37d1-9206-4d84-8ff6-243d0e3d2823
17fea877-6add-4a96-a89f-9dc2aeb7cd73,Grande Punto,5b8d37d1-9206-4d84-8ff6-243d0e3d2823
fc6f8b07-d7f4-450f-8717-c4ec966c4302,Linea,5b8d37d1-9206-4d84-8ff6-243d0e3d2823
c717b976-4954-49fb-9667-88541e43bda7,Panda,5b8d37d1-9206-4d84-8ff6-243d0e3d2823
6bc967be-29bb-436d-8d4d-7d30f2674baa,Punto,5b8d37d1-9206-4d84-8ff6-243d0e3d2823
1e57a5b9-f543-4ec8-bc05-c543e10391de,Scudo,5b8d37d1-9206-4d84-8ff6-243d0e3d2823
3eb069f0-ca57-444d-ba1b-f30b34f6c1df,Seicento,5b8d37d1-9206-4d84-8ff6-243d0e3d2823
e3115038-2fcd-4f70-ba71-9ea3a09ad27f,Karma,f3c66176-091f-444c-9097-8a9f4bec9226
e598afd7-56b5-49d5-a8d8-e099501e6183,Ocean,f3c66176-091f-444c-9097-8a9f4bec9226
ab17aac2-6d8d-409b-9ce3-39245cd4773c,Aerostar,736303a5-8201-4468-8d82-def86a8044aa
178003d0-9b9b-40a4-8850-1aa354ec8b56,B-MAX,736303a5-8201-4468-8d82-def86a8044aa
36a00ec0-9f45-4932-997a-652d2223d640,Bronco,736303a5-8201-4468-8d82-def86a8044aa
a60a65cf-5bca-4c5c-a7fd-a4fb96422ad6,Bronco II,736303a5-8201-4468-8d82-def86a8044aa
a6feca93-91ab-47bf-aea4-142055dfd052,Bronco Sport,736303a5-8201-4468-8d82-def86a8044aa
72a658dd-6d50-4b6f-bf19-7b4e93668cc8,Cargo,736303a5-8201-4468-8d82-def86a8044aa
2c686782-0b4d-411e-bd3b-b20b5dbcd265,C-MAX,736303a5-8201-4468-8d82-def86a8044aa
f1553f45-2649-49ef-8ead-d680573e3d24,Contour,736303a5-8201-4468-8d82-def86a8044aa
03579dd7-46e9-47df-b56d-586044519d27,Cougar,736303a5-8201-4468-8d82-def86a8044aa
776b662e-489c-4ecb-966b-3e3613d5ca5c,Econoline,736303a5-8201-4468-8d82-def86a8044aa
b42f61c7-5504-445a-9920-dfac03cd355e,Econovan,736303a5-8201-4468-8d82-def86a8044aa
c48477c3-8bc2-4d06-a6f9-b04521762e23,EcoSport,736303a5-8201-4468-8d82-def86a8044aa
aa731c23-9a6e-4f97-8ae9-4a954ad3438f,Edge,736303a5-8201-4468-8d82-def86a8044aa
64c4d0eb-bfe3-4ee4-93cf-28c47988cc90,Eifel,736303a5-8201-4468-8d82-def86a8044aa
20952551-5dad-4551-a479-ed72ff542fb9,Equator,736303a5-8201-4468-8d82-def86a8044aa
b1da39e6-e706-4d4c-ad2a-7f4de2ab64d9,Equator Sport,736303a5-8201-4468-8d82-def86a8044aa
9f164712-6d2f-4efe-af59-ae6220bd0da3,Escape,736303a5-8201-4468-8d82-def86a8044aa
efc1050a-ba49-474f-aadd-11987d9b4aba,Escort,736303a5-8201-4468-8d82-def86a8044aa
8949c5e6-4b01-4efd-bc02-2505b7d3e628,E-Series,736303a5-8201-4468-8d82-def86a8044aa
ef845202-4320-4493-b51f-266d0727f646,Everest,736303a5-8201-4468-8d82-def86a8044aa
f77c959d-9f0f-4977-8719-7a9927ff3fdf,Evos,736303a5-8201-4468-8d82-def86a8044aa
5604c210-2c19-48a0-8f97-309e090bba96,Excursion,736303a5-8201-4468-8d82-def86a8044aa
f9409f0a-82c0-4296-a548-028ed8677e80,Expedition,736303a5-8201-4468-8d82-def86a8044aa
f34a41e4-1139-4ae8-ae86-6258637ebb5e,Explorer,736303a5-8201-4468-8d82-def86a8044aa
1c793a46-e477-466e-a3b3-69a7f1028511,F150,736303a5-8201-4468-8d82-def86a8044aa
38a7a2c9-a9cf-47e3-b4bc-3bfb92c49ef0,F250,736303a5-8201-4468-8d82-def86a8044aa
d6ccfe81-ae20-40ce-830f-f6998db95fd6,Festiva,736303a5-8201-4468-8d82-def86a8044aa
84bbfcc8-7edb-4f13-b1fd-d66d4098a8ad,Fiesta,736303a5-8201-4468-8d82-def86a8044aa
7608b6ef-bffb-4c7b-b38a-de3349a5bdce,Flex,736303a5-8201-4468-8d82-def86a8044aa
a76962e2-7867-49f9-bdfb-26acb86cda0e,F-MAX,736303a5-8201-4468-8d82-def86a8044aa
e589525f-cca1-4eca-be95-b499e7fe6e1e,Focus,736303a5-8201-4468-8d82-def86a8044aa
347bee90-7246-40bc-8328-1b275847fe6d,Focus RS,736303a5-8201-4468-8d82-def86a8044aa
00bab8c1-89c2-41a5-87fa-b83ba2965d87,Focus ST,736303a5-8201-4468-8d82-def86a8044aa
daf7bc1d-1003-45e3-8630-1b0a5494b51e,Freestyle,736303a5-8201-4468-8d82-def86a8044aa
d527eccb-b397-4e98-b1ae-208782b77c2b,Fusion,736303a5-8201-4468-8d82-def86a8044aa
f15e85b5-450c-46e7-83d2-a3d6c68f024f,Galaxie,736303a5-8201-4468-8d82-def86a8044aa
742d2727-e992-4c65-b0e8-d81231581535,Galaxy,736303a5-8201-4468-8d82-def86a8044aa
5bfc45ae-31a9-4985-a77d-ec9727291da1,Granada,736303a5-8201-4468-8d82-def86a8044aa
ff2ba3d9-e25b-4b5a-adf6-c34518a63663,Grand C-MAX,736303a5-8201-4468-8d82-def86a8044aa
6be49e98-c34e-46c1-96a5-c0969c02306e,GT,736303a5-8201-4468-8d82-def86a8044aa
fd8fef23-eba9-42b5-89c4-3b4e84dfa14c,Ixion,736303a5-8201-4468-8d82-def86a8044aa
7db6294d-eeb3-4269-a755-c36da788a237,Ka,736303a5-8201-4468-8d82-def86a8044aa
1bb828a2-a6f4-4977-aef0-5472f3b2cade,Kuga,736303a5-8201-4468-8d82-def86a8044aa
cf179704-29b2-42cc-a3da-351c7f981d1b,Laser,736303a5-8201-4468-8d82-def86a8044aa
de85e88e-f610-49a6-8775-c19720f6c970,Maverick,736303a5-8201-4468-8d82-def86a8044aa
5b0c33d5-97f9-4c87-91a5-1737ded44ae1,Mondeo,736303a5-8201-4468-8d82-def86a8044aa
66395fe5-6c0c-4dfb-96d8-68e622d066df,Mustang,736303a5-8201-4468-8d82-def86a8044aa
f0a0b9b3-126c-4e3c-8fc8-a3b6a6aca3a1,Mustang Mach-E,736303a5-8201-4468-8d82-def86a8044aa
8aa14ce6-8b88-469b-8d07-b1b981b9ed55,Orion,736303a5-8201-4468-8d82-def86a8044aa
7332cffe-47bc-4105-b368-1325a036a61c,Probe,736303a5-8201-4468-8d82-def86a8044aa
f1c355bb-d1d5-4be3-ba67-d5ae22b6621e,Puma,736303a5-8201-4468-8d82-def86a8044aa
b2a7f867-410b-4255-817d-e3a10a478c74,Ranger,736303a5-8201-4468-8d82-def86a8044aa
a8b1b4dc-4fb1-4410-9093-6eb012529ea8,Scorpio,736303a5-8201-4468-8d82-def86a8044aa
c793b543-45f2-416d-ad4b-27ccc49e5e26,Sierra,736303a5-8201-4468-8d82-def86a8044aa
25cf13c7-2c0e-4ebb-8099-0a8dcd6a4bd6,S-MAX,736303a5-8201-4468-8d82-def86a8044aa
3e1fe707-4942-4d62-a1da-4d27054cda38,Spectron,736303a5-8201-4468-8d82-def86a8044aa
c3b79606-5980-4b23-92d9-55db1572ef46,SportKa,736303a5-8201-4468-8d82-def86a8044aa
3d4dcc79-98e8-41cb-aaa6-8f609f8cd637,StreetKa,736303a5-8201-4468-8d82-def86a8044aa
fbd053d4-7ca2-434b-b859-34b2c80ec50d,Taurus,736303a5-8201-4468-8d82-def86a8044aa
75a7e5b2-93b4-4a0d-8293-5829ec4d637d,Telstar,736303a5-8201-4468-8d82-def86a8044aa
35738e85-5829-4c46-b129-23780caab4ae,Tempo,736303a5-8201-4468-8d82-def86a8044aa
94ce9a34-a462-45a9-b22b-d9c71a4e0f07,Territory,736303a5-8201-4468-8d82-def86a8044aa
ad341734-382f-4fb1-8a87-b32ed2ca7a64,Th!nk,736303a5-8201-4468-8d82-def86a8044aa
ca9b7ba0-03c6-49fd-a6b0-efed56e7a381,Tourneo,736303a5-8201-4468-8d82-def86a8044aa
0ea17e85-d578-464f-acd8-0f78f219a964,Tourneo Connect,736303a5-8201-4468-8d82-def86a8044aa
bf36f3bb-2902-4e25-bed4-d63e7cbfd605,Tourneo Courier,736303a5-8201-4468-8d82-def86a8044aa
6f2a88bc-bd26-4a64-bb54-cdf7373bb360,Tourneo Custom,736303a5-8201-4468-8d82-def86a8044aa
d4210f69-7ede-4600-96c2-87d04e915c6d,Transit,736303a5-8201-4468-8d82-def86a8044aa
5911415c-057d-45cf-8ad8-594a43dd5ee9,Transit Connect,736303a5-8201-4468-8d82-def86a8044aa
4812d62b-562f-4854-834d-2cb37984cd66,Transit Courier,736303a5-8201-4468-8d82-def86a8044aa
28b46a72-ce70-40d6-8b7d-056143212506,Transit Custom,736303a5-8201-4468-8d82-def86a8044aa
b8604a42-81f7-45b1-8c44-878df18a9103,Joyear S50,c161aceb-a4df-408d-b31a-6f96e6c3159a
f4fa83a8-1cc4-4034-806c-bcb42b484695,Joyear X3,c161aceb-a4df-408d-b31a-6f96e6c3159a
959b3c92-d1ff-4107-96f9-6c6312cda202,Joyear X5,c161aceb-a4df-408d-b31a-6f96e6c3159a
d14ba9c4-7998-4051-851e-6c17b4e715f7,Joyear X6,c161aceb-a4df-408d-b31a-6f96e6c3159a
224cf622-d9e4-4b6c-9985-7439f6b986a0,M4 Yacht,c161aceb-a4df-408d-b31a-6f96e6c3159a
c5fce697-ff14-403b-9f65-9148bef50c82,M5,c161aceb-a4df-408d-b31a-6f96e6c3159a
f4497df7-e0f6-465b-bd8b-bd4f19d07bdb,M7,c161aceb-a4df-408d-b31a-6f96e6c3159a
9517924b-ba30-40d6-be31-8b7105888ca0,T5,c161aceb-a4df-408d-b31a-6f96e6c3159a
b79ab407-7743-4a02-a932-3596c3922d0b,T5 EVO,c161aceb-a4df-408d-b31a-6f96e6c3159a
7f46f6f6-0f83-4a2e-98c1-b13ba1b922e8,Auman BJ10,10dac5e4-e70e-4765-b95a-9f2e6b0b96c3
66101531-8d4f-4863-8894-a9820829af16,Auman BJ11,10dac5e4-e70e-4765-b95a-9f2e6b0b96c3
d04e3216-3942-4823-a3f4-d1ecccfd613c,Auman BJ32,10dac5e4-e70e-4765-b95a-9f2e6b0b96c3
e7354a4c-554d-400b-a796-aedb4c9a2ee3,Auman BJ33,10dac5e4-e70e-4765-b95a-9f2e6b0b96c3
646a1576-3d94-4dd4-92a4-750aa828702a,Auman BJ425,10dac5e4-e70e-4765-b95a-9f2e6b0b96c3
c069eb2d-5468-43b5-bc2f-8c75f32aa5bc,Auman BJ51,10dac5e4-e70e-4765-b95a-9f2e6b0b96c3
cb8af800-3ed9-4394-a051-4b67f51d0a5a,Auman EST A,10dac5e4-e70e-4765-b95a-9f2e6b0b96c3
0e293ec6-9a7b-4e75-8147-eddc87d68502,Aumark BJ10,10dac5e4-e70e-4765-b95a-9f2e6b0b96c3
b1db9e8d-ed7b-4ba0-9c65-dd8bbdb2b788,Aumark BJ11,10dac5e4-e70e-4765-b95a-9f2e6b0b96c3
506fc165-de1c-4483-bb2b-632d41bd6011,Ollin BJ10,10dac5e4-e70e-4765-b95a-9f2e6b0b96c3
64cd1e3f-6c38-40ce-87e9-26b93809b871,Sauvana,10dac5e4-e70e-4765-b95a-9f2e6b0b96c3
653d4c32-ab80-448f-9b19-882615ea1539,Toano,10dac5e4-e70e-4765-b95a-9f2e6b0b96c3
5d211306-008a-4d70-80da-e278f51b4389,Toano EV,10dac5e4-e70e-4765-b95a-9f2e6b0b96c3
47bfdd11-9e01-43b0-96ca-a119a7f86249,Tunland,10dac5e4-e70e-4765-b95a-9f2e6b0b96c3
2dbc9bdd-dc5f-4e8c-b4b1-30009f21e98e,Tunland G7,10dac5e4-e70e-4765-b95a-9f2e6b0b96c3
102e6a53-7f84-4fcf-93dc-2e90948c9847,View,10dac5e4-e70e-4765-b95a-9f2e6b0b96c3
9b267b76-fed6-4b72-9a87-2e0e89d661c2,Aion Hyper GT,15f01206-3d13-463d-81b4-0b4d4da62bdd
f3908c55-a4c8-4fc0-8dbf-a8f1f4ef4914,Aion LX,15f01206-3d13-463d-81b4-0b4d4da62bdd
38875d9d-494a-446a-9e7e-7c8c210f5321,Aion LX Plus,15f01206-3d13-463d-81b4-0b4d4da62bdd
b3f06c60-ff08-47cc-9f7e-19d76f1d5f7d,Aion S,15f01206-3d13-463d-81b4-0b4d4da62bdd
c6a8c6b9-3587-4606-9f98-f45b3ebfdcda,Aion S Plus,15f01206-3d13-463d-81b4-0b4d4da62bdd
1f3ef39a-b68b-462f-a302-e08cf998d9fe,Aion V,15f01206-3d13-463d-81b4-0b4d4da62bdd
3e344588-a1b8-4611-9edb-732d7dcddbd6,Aion V Plus,15f01206-3d13-463d-81b4-0b4d4da62bdd
71d9c23b-e8b6-422c-91d2-11fac3de5240,Aion Y,15f01206-3d13-463d-81b4-0b4d4da62bdd
dc013b61-8ce6-400d-91db-31a3c620035e,Aion Y Plus,15f01206-3d13-463d-81b4-0b4d4da62bdd
60c28e11-078c-4cd3-9237-00e17b43cf24,EA6,15f01206-3d13-463d-81b4-0b4d4da62bdd
fdae51d7-04fc-4799-b56e-6c6664702c3a,GN8,15f01206-3d13-463d-81b4-0b4d4da62bdd
efe931ba-8dda-4f4b-87dd-b6f969935b3a,GS3,15f01206-3d13-463d-81b4-0b4d4da62bdd
56b8ff82-a0d1-498c-879a-f230287a3d94,GS5,15f01206-3d13-463d-81b4-0b4d4da62bdd
b0c91703-5592-40d5-a8ef-33c1a85b0880,GS8,15f01206-3d13-463d-81b4-0b4d4da62bdd
32c22cac-0869-4bb6-9ba8-0fbf529ceb1c,iA5,15f01206-3d13-463d-81b4-0b4d4da62bdd
495d4d92-1d26-46b4-a08a-27810707a1f3,M8,15f01206-3d13-463d-81b4-0b4d4da62bdd
e6f3d70d-83da-4372-abb2-2332e031e767,Trumpchi,15f01206-3d13-463d-81b4-0b4d4da62bdd
9183e3fe-6fcb-4277-996d-f86bc3df5635,Trumpchi E8,15f01206-3d13-463d-81b4-0b4d4da62bdd
362d4880-42b9-47a4-a22b-fc3fd573108c,Trumpchi E9,15f01206-3d13-463d-81b4-0b4d4da62bdd
199150c9-a65e-4654-8844-ba3a2995df25,Trumpchi Emkoo,15f01206-3d13-463d-81b4-0b4d4da62bdd
61e47c3c-9580-46fd-89c7-d8197c58e66a,Trumpchi Empow,15f01206-3d13-463d-81b4-0b4d4da62bdd
63cddd05-709c-4bc6-aa4e-f1d45a7980c1,Trumpchi ES9 PHEV,15f01206-3d13-463d-81b4-0b4d4da62bdd
ef731721-d75f-4a17-a847-c64c1db8969c,Trumpchi GA3,15f01206-3d13-463d-81b4-0b4d4da62bdd
bf2e40fe-07e5-44dc-81a1-6dc1bb9aeb54,Trumpchi GA4,15f01206-3d13-463d-81b4-0b4d4da62bdd
0a5d0dd8-6589-46c4-be13-82423c0fa83c,Trumpchi GA4 Plus,15f01206-3d13-463d-81b4-0b4d4da62bdd
3ec8b5a6-4c69-4074-a305-947bd3e6bdd6,Trumpchi GA5,15f01206-3d13-463d-81b4-0b4d4da62bdd
0051afa5-80d7-4094-a6a6-30d702497c26,Trumpchi GA6,15f01206-3d13-463d-81b4-0b4d4da62bdd
b7bce454-1f85-4f5e-8974-4549f898c884,Trumpchi GA8,15f01206-3d13-463d-81b4-0b4d4da62bdd
4e2b8530-7e4d-4222-abeb-1c54a2caf32c,Trumpchi GE3,15f01206-3d13-463d-81b4-0b4d4da62bdd
84679f0c-035d-4f36-9d31-8d51bb53f2ab,Trumpchi GM6,15f01206-3d13-463d-81b4-0b4d4da62bdd
fc158764-4a92-4f8f-b5e3-1e278a97ff05,Trumpchi GM8,15f01206-3d13-463d-81b4-0b4d4da62bdd
a471e3a1-f458-4fd7-ac9b-680339bfaa73,Trumpchi GS3 Power,15f01206-3d13-463d-81b4-0b4d4da62bdd
f83b2cc1-2331-4931-90ad-a084413a9693,Trumpchi GS4,15f01206-3d13-463d-81b4-0b4d4da62bdd
a26e8711-d37f-4ae7-8d1a-d7803f1809ef,Trumpchi GS4 Coupe,15f01206-3d13-463d-81b4-0b4d4da62bdd
1ce71d31-421a-498d-8ac8-598edbb37770,Trumpchi GS4 Plus,15f01206-3d13-463d-81b4-0b4d4da62bdd
e0509255-6c6d-4566-9b7b-30bb58e5ca40,Trumpchi GS5 Super,15f01206-3d13-463d-81b4-0b4d4da62bdd
57abae18-35b2-4cbb-b43c-145f17b32eb6,Trumpchi GS7,15f01206-3d13-463d-81b4-0b4d4da62bdd
f4ac2f75-1aaf-46e8-afd8-7fa73844b754,Trumpchi GS8,15f01206-3d13-463d-81b4-0b4d4da62bdd
e71b09f4-4c13-4c0f-b489-fc4dbdc37d89,Trumpchi GS8S,15f01206-3d13-463d-81b4-0b4d4da62bdd
7ca25f18-8391-4567-ac2c-25660fc98e42,Trumpchi M6,15f01206-3d13-463d-81b4-0b4d4da62bdd
e0cab92d-24f1-457a-8a4b-c486650b1ecf,Trumpchi M6 Pro,15f01206-3d13-463d-81b4-0b4d4da62bdd
94ffe8d6-2e8d-4b3d-b725-7bbf105e39c1,Way,15f01206-3d13-463d-81b4-0b4d4da62bdd
f8f50003-c5aa-4e44-897c-3567f8710e7f,Atlas,58329796-f984-450d-b45b-28d753b97787
06c40c93-1174-4357-b410-d35c5429ad3f,Atlas Pro,58329796-f984-450d-b45b-28d753b97787
5ac2cfe7-bf91-430f-8e49-1e8fab7e14bd,Belgee X50,58329796-f984-450d-b45b-28d753b97787
046b059a-0f87-493e-9e52-3aeb39693bbc,Belgee X70,58329796-f984-450d-b45b-28d753b97787
e8ca11fd-64e2-451f-8cc5-2fba9fb9108c,Binrui,58329796-f984-450d-b45b-28d753b97787
e125381b-b6d3-4785-bad2-fded4031d12f,Binrui Cool,58329796-f984-450d-b45b-28d753b97787
fe50ddd0-eb1a-4d9a-ae2d-4264c8ec0382,Binyue,58329796-f984-450d-b45b-28d753b97787
d39e2cb6-aa2b-48ec-9083-2a4892f7b3ee,Binyue Cool,58329796-f984-450d-b45b-28d753b97787
1aee4a10-9b28-4417-846e-935e903ecfea,Borui,58329796-f984-450d-b45b-28d753b97787
7db893d1-f2d1-4efb-a124-cec03705e05e,Borui GE,58329796-f984-450d-b45b-28d753b97787
33f31b00-31de-4242-8e69-c660249faf97,Boyue,58329796-f984-450d-b45b-28d753b97787
5daefc62-4c7c-4023-b44e-d7c981c47f5f,Boyue Cool,58329796-f984-450d-b45b-28d753b97787
38be81c7-f189-444e-a581-199286bbd137,Boyue L,58329796-f984-450d-b45b-28d753b97787
326a7baa-0722-4d3a-96a5-d2a19396753d,Boyue Pro,58329796-f984-450d-b45b-28d753b97787
054ce9a4-1be8-4bcb-8bc7-f533a419e05d,Boyue X,58329796-f984-450d-b45b-28d753b97787
dbf562e2-c317-4f5d-9668-e842739408da,CK Otaka,58329796-f984-450d-b45b-28d753b97787
5254591a-977c-4e33-b79f-af8a844b15fb,Coolray,58329796-f984-450d-b45b-28d753b97787
fb30add4-1409-4d8c-bb56-f1d9417a94fe,Emgrand,58329796-f984-450d-b45b-28d753b97787
f2680bc3-728f-4e53-af75-445fa71c6075,Emgrand EC7,58329796-f984-450d-b45b-28d753b97787
aef77d2f-0f91-4dba-9a67-34336002a616,Emgrand GL,58329796-f984-450d-b45b-28d753b97787
30f41c2e-fda5-497f-b0e1-c70b78bd45cd,Emgrand GT,58329796-f984-450d-b45b-28d753b97787
66d2dff3-308a-48ae-a139-e2b43ed4895d,Emgrand L,58329796-f984-450d-b45b-28d753b97787
60476efa-77d2-447f-8110-fe565da8ad81,Emgrand S,58329796-f984-450d-b45b-28d753b97787
72e17681-cc4c-4a1e-9fa3-726c355d2a98,Emgrand X7,58329796-f984-450d-b45b-28d753b97787
8cbdea94-fa75-4b2d-99f7-81ee1c551385,Farizon FX,58329796-f984-450d-b45b-28d753b97787
f6df1998-ea3f-402e-804e-1873b481ca0f,Galaxy L7,58329796-f984-450d-b45b-28d753b97787
6005f30a-789f-4bf1-9bd9-3ebd78f94d96,GC6,58329796-f984-450d-b45b-28d753b97787
83556d06-729e-4472-8f4f-773d8f7dc21e,Geometry A GE11,58329796-f984-450d-b45b-28d753b97787
b35f8d69-60af-462b-9752-95f2454c78da,Geometry A Pro,58329796-f984-450d-b45b-28d753b97787
9daa0140-f4c6-4284-b0f7-3c0665997a4a,Geometry C GE13,58329796-f984-450d-b45b-28d753b97787
cd2a50bc-ddff-4639-ac70-20d4daef0bac,Geometry E,58329796-f984-450d-b45b-28d753b97787
1b99d459-5e83-4ac3-a515-ab3f6180ed3f,Geometry G6,58329796-f984-450d-b45b-28d753b97787
455dc552-2200-4101-b74d-f92aa0438a52,Geometry M6,58329796-f984-450d-b45b-28d753b97787
d22d07e4-bcf2-46c9-909f-081b3a4dd9ee,Geometry Panda Mini,58329796-f984-450d-b45b-28d753b97787
a8236498-7862-4f1d-8dbd-c24060ce7155,GS,58329796-f984-450d-b45b-28d753b97787
58af680d-d58f-4eaf-b6dd-29acf3caa4b3,Haoyue,58329796-f984-450d-b45b-28d753b97787
81fd0edc-4bd2-499a-8fc1-806de324ef9d,Haoyue L,58329796-f984-450d-b45b-28d753b97787
206a5310-98db-43ea-bafa-3a4049b94f3f,ICON,58329796-f984-450d-b45b-28d753b97787
f05817c6-87da-49c9-b2f2-591f999283d3,Jiaji,58329796-f984-450d-b45b-28d753b97787
926e11a1-95b3-4bd6-bc88-9aad8d2df900,Ji Yue 01,58329796-f984-450d-b45b-28d753b97787
493d2ab9-e8d9-4abc-9c5f-57a9e96edc38,MK,58329796-f984-450d-b45b-28d753b97787
0429cc43-54ca-41c2-87ea-de9db9f6f1f4,MK Cross,58329796-f984-450d-b45b-28d753b97787
05dd8370-8f65-4099-8c61-a1c71dda8c5f,Monjaro,58329796-f984-450d-b45b-28d753b97787
700a6ff8-2e3d-4d50-a3a9-362d4be3cff3,Okavango,58329796-f984-450d-b45b-28d753b97787
928ed877-5a7d-455d-b2de-69a152f62a2e,Preface,58329796-f984-450d-b45b-28d753b97787
52684c8c-18ff-4c92-9f5b-d3031a55c06c,SC7,58329796-f984-450d-b45b-28d753b97787
14c28734-4cab-4ff5-89d5-ff8897be2384,Tugella FY11,58329796-f984-450d-b45b-28d753b97787
1f6e8919-ad96-46fb-ab46-131b9e0d8abe,Vision FC,58329796-f984-450d-b45b-28d753b97787
c06388bb-1614-4de0-b590-3200cd919e9b,Vision S1,58329796-f984-450d-b45b-28d753b97787
9ff5c2fb-08ef-4ab4-a1c8-ef29e3c314cb,Vision X3,58329796-f984-450d-b45b-28d753b97787
a0a36e64-8aef-4249-829c-3ee0bbf26d59,Vision X3 Pro,58329796-f984-450d-b45b-28d753b97787
690a06c1-812b-42fa-8956-d047b2278544,Vision X6,58329796-f984-450d-b45b-28d753b97787
ad3ebabc-be96-4005-a136-9efed5e606db,Vision X6 Pro,58329796-f984-450d-b45b-28d753b97787
34a642c1-1e16-4aba-8100-390aa57b2000,Xingyue,58329796-f984-450d-b45b-28d753b97787
4015b0c6-1dae-49db-8732-ac93dd9cc142,Xingyue L,58329796-f984-450d-b45b-28d753b97787
2a8d28ea-9996-4bb8-9416-888707b90ffb,Xingyue S,58329796-f984-450d-b45b-28d753b97787
0b0f9f22-9b4a-4292-98a3-fb112e1098fa,G70,8b9ab4e5-fdbd-4612-bf78-e12d0c4942bc
8fd1844f-9254-4d2c-9d2e-74254993b790,G80,8b9ab4e5-fdbd-4612-bf78-e12d0c4942bc
cdf833ec-85db-4232-8d65-73e9fb8c8248,G90,8b9ab4e5-fdbd-4612-bf78-e12d0c4942bc
f38f1066-df1d-4606-8264-721c66b20be7,GV60,8b9ab4e5-fdbd-4612-bf78-e12d0c4942bc
f3e3ef01-86c7-453f-b0df-c9a5db7f6fb6,GV70,8b9ab4e5-fdbd-4612-bf78-e12d0c4942bc
5e9e37d5-033c-48ec-bd58-9cd0c394e41b,GV80,8b9ab4e5-fdbd-4612-bf78-e12d0c4942bc
c01af025-ec70-443f-958b-c819f5c38997,GV80 Coupe,8b9ab4e5-fdbd-4612-bf78-e12d0c4942bc
acaf8306-2ef0-4027-a867-bdd97d514e4f,Metro,e2954eef-d205-42f6-8f9e-357f8f1f5f20
8648e324-6af5-4b18-8cef-3132ebacf6d3,Prizm,e2954eef-d205-42f6-8f9e-357f8f1f5f20
26663aeb-49a1-4953-85a4-ce17ff79cbd2,Storm,e2954eef-d205-42f6-8f9e-357f8f1f5f20
87393b45-1d0b-45ae-8bc7-3f4d576601b4,Tracker,e2954eef-d205-42f6-8f9e-357f8f1f5f20
5c8fa534-d8d5-457e-92c2-3ab1e660033f,Acadia,5b68f7cf-49de-42c0-aa55-70bc14bd5e56
53842c00-9cbb-4bde-8f58-53e45d5d5d24,Canyon,5b68f7cf-49de-42c0-aa55-70bc14bd5e56
ac84708f-32e0-4d32-a071-43ef1ce4379d,Envoy,5b68f7cf-49de-42c0-aa55-70bc14bd5e56
ae12fd53-1e8a-45c9-bc81-438043796292,Hummer EV,5b68f7cf-49de-42c0-aa55-70bc14bd5e56
75c7d04c-2d24-43dc-9156-1f23b81bb317,Jimmy,5b68f7cf-49de-42c0-aa55-70bc14bd5e56
285b0e54-a8ae-47f6-993e-1706f2746093,Sierra,5b68f7cf-49de-42c0-aa55-70bc14bd5e56
66811379-f4f4-42a8-a91b-600b9a586dd1,Suburban,5b68f7cf-49de-42c0-aa55-70bc14bd5e56
b760b77d-0982-42e4-bc11-40518afb219a,Terrain,5b68f7cf-49de-42c0-aa55-70bc14bd5e56
63d581a3-709e-4879-b914-205e35815686,Typhoon,5b68f7cf-49de-42c0-aa55-70bc14bd5e56
ccf1adcf-355d-4515-bfed-322a943ad98f,Yukon,5b68f7cf-49de-42c0-aa55-70bc14bd5e56
f8a883b8-f59c-4db0-ac7a-4b4e3c160f04,Coolbear,3f369f2a-c1a6-4ab3-bbb9-079854109328
82cd12c8-c4fc-4946-aadb-d89794463453,Florid,3f369f2a-c1a6-4ab3-bbb9-079854109328
86675fe1-ef18-4e98-8ecb-8bf2b1be69e2,Hover,3f369f2a-c1a6-4ab3-bbb9-079854109328
1e07829f-5ed2-4948-b287-5ec5dd47857d,Hover H3,3f369f2a-c1a6-4ab3-bbb9-079854109328
97eac493-9752-4066-a0a8-323e4e82cbbf,Hover H5,3f369f2a-c1a6-4ab3-bbb9-079854109328
3fb556d9-424a-4597-85a0-1d274c0f45ca,Hover H6,3f369f2a-c1a6-4ab3-bbb9-079854109328
17ad1c1d-1db1-47b3-9661-af8d1d47585e,Hover M2,3f369f2a-c1a6-4ab3-bbb9-079854109328
a014b2e8-671a-4374-b3e5-c4f2a59b5955,Hover M4,3f369f2a-c1a6-4ab3-bbb9-079854109328
dfa66298-784a-483a-a256-040062863853,Pao,3f369f2a-c1a6-4ab3-bbb9-079854109328
412569e2-ed99-4219-9a09-af69084fd4b1,Peri,3f369f2a-c1a6-4ab3-bbb9-079854109328
4cadcc84-a54d-4e98-9b28-4d0521394e65,Poer,3f369f2a-c1a6-4ab3-bbb9-079854109328
1b0faae3-1baa-4928-9a76-4a3cc3f6483e,Poer KingKong,3f369f2a-c1a6-4ab3-bbb9-079854109328
33f063f7-94fa-43a5-9f53-206a1637f7d1,Safe,3f369f2a-c1a6-4ab3-bbb9-079854109328
d1f8523c-40ae-4ca2-bbad-960eb3f90d5f,Sailor,3f369f2a-c1a6-4ab3-bbb9-079854109328
57f89c3d-c48e-4eba-a1c9-029af809b6b2,Shanhai Poer,3f369f2a-c1a6-4ab3-bbb9-079854109328
ba2edf79-5084-4e54-972f-c804edd22e1c,Voleex c30,3f369f2a-c1a6-4ab3-bbb9-079854109328
e3f35dcb-5364-4c6c-a637-5f1f462b8c99,Wingle,3f369f2a-c1a6-4ab3-bbb9-079854109328
5b2a62fa-feb1-4f71-a212-8f8cce079b5b,Wingle 7,3f369f2a-c1a6-4ab3-bbb9-079854109328
7ecd2717-dcd3-4932-926d-dc3fb7f289b8,Brio,60c15d58-4a37-4ce3-a656-4aa29c4ee5db
3444c2c9-a717-423c-8faf-ed2fa4a58c4e,Princip,60c15d58-4a37-4ce3-a656-4aa29c4ee5db
b518f1f4-39b4-4e6a-b123-157c80bbaf3e,Sigma,60c15d58-4a37-4ce3-a656-4aa29c4ee5db
998e8484-5642-4246-b75a-be188222b227,Simbo,60c15d58-4a37-4ce3-a656-4aa29c4ee5db
1d6c8ad8-4eda-4455-9a0f-a3fe77bed24b,2,52d8823c-2c26-4a9c-8527-6bd1a0e05ed3
209f4a39-795a-48f5-9783-2349fa4ef5ff,3,52d8823c-2c26-4a9c-8527-6bd1a0e05ed3
15d3ce65-d389-4d14-8423-493140038f0d,6P,52d8823c-2c26-4a9c-8527-6bd1a0e05ed3
8462fd4d-847a-4ac0-a33e-f4becba9ab0f,7,52d8823c-2c26-4a9c-8527-6bd1a0e05ed3
83e465ec-1507-48fa-900a-88248e8a135e,7X,52d8823c-2c26-4a9c-8527-6bd1a0e05ed3
6cbd04eb-9255-4dca-b608-5542d33c4002,7X-E,52d8823c-2c26-4a9c-8527-6bd1a0e05ed3
47a43981-ed19-470f-adf4-6842d84ff8b5,8S,52d8823c-2c26-4a9c-8527-6bd1a0e05ed3
f28f1a9f-6f78-422e-bf39-dd8856c91e38,Aishang EV,52d8823c-2c26-4a9c-8527-6bd1a0e05ed3
dba306af-cebd-4e7a-9227-8834ec6e8d4a,Family,52d8823c-2c26-4a9c-8527-6bd1a0e05ed3
f90cd4f0-4e0c-4e4e-90a2-81274dff2dec,Family F5,52d8823c-2c26-4a9c-8527-6bd1a0e05ed3
1c738cf6-70d1-4145-9242-98b40fb04ddd,Freema,52d8823c-2c26-4a9c-8527-6bd1a0e05ed3
b7e50ed6-da64-4e99-8fa8-f8f14105ceab,M3,52d8823c-2c26-4a9c-8527-6bd1a0e05ed3
c27ddfb4-6343-4c28-baf7-c9cf61b04e46,Big Dog DaGou,178feeb0-4dec-47e6-856d-b56c8d706a45
c236a261-c982-47bc-bb35-21369ac2ae73,Chitu,178feeb0-4dec-47e6-856d-b56c8d706a45
8f098c6f-4189-44ab-80a9-3c734a012226,Cool Dog KaGou,178feeb0-4dec-47e6-856d-b56c8d706a45
1e46143b-e2ec-4111-9f8d-9f1e29459a0c,Dargo,178feeb0-4dec-47e6-856d-b56c8d706a45
77545b7a-2cd2-4b8f-ae9d-413dc8ffcf8e,F5,178feeb0-4dec-47e6-856d-b56c8d706a45
267108b9-abf9-424c-abb7-5e26c4c78c44,F7,178feeb0-4dec-47e6-856d-b56c8d706a45
5bac552e-198a-43aa-b137-63dd4d236f48,F7x,178feeb0-4dec-47e6-856d-b56c8d706a45
66ea0220-5e63-4c64-8f2a-54715920e980,H1,178feeb0-4dec-47e6-856d-b56c8d706a45
b437594b-f1e3-4c3e-a2a0-eece1b52ed64,H2,178feeb0-4dec-47e6-856d-b56c8d706a45
4153fd3a-8de5-4d2e-ab63-ba7ccdfb4dcc,H2s,178feeb0-4dec-47e6-856d-b56c8d706a45
36fb8a1a-3a43-44c3-995a-617d78162392,H3,178feeb0-4dec-47e6-856d-b56c8d706a45
d9036230-5c1c-4823-8228-d939aa71816c,H4,178feeb0-4dec-47e6-856d-b56c8d706a45
12f8e77a-c0c4-4488-b441-0765cffade42,H4 Pro,178feeb0-4dec-47e6-856d-b56c8d706a45
83c1362c-afc1-40e1-94f5-ca790d01896c,H5,178feeb0-4dec-47e6-856d-b56c8d706a45
23919e84-1526-495b-b241-07cfccab67d4,H6,178feeb0-4dec-47e6-856d-b56c8d706a45
5e015be3-3d4d-45be-be6d-092b379f97e3,H6 Coupe,178feeb0-4dec-47e6-856d-b56c8d706a45
e95ea60b-777a-4ded-853a-7c2fb6d2f2ef,H6S,178feeb0-4dec-47e6-856d-b56c8d706a45
aa987dbe-8636-4db8-9133-057381b53fc6,H7,178feeb0-4dec-47e6-856d-b56c8d706a45
56ae1133-ff11-482b-9353-4b267b7af1e3,H8,178feeb0-4dec-47e6-856d-b56c8d706a45
ed82fd97-eb6c-447b-901a-09ae0357a4d2,H9,178feeb0-4dec-47e6-856d-b56c8d706a45
9504418e-e01e-43be-b39c-f21cea28d5c4,H-Dog,178feeb0-4dec-47e6-856d-b56c8d706a45
0b40803c-a919-4fca-9f26-7b42429aa9f6,Jolion,178feeb0-4dec-47e6-856d-b56c8d706a45
c2769a68-0a08-4584-b960-c6b891f9eeba,M6,178feeb0-4dec-47e6-856d-b56c8d706a45
84093605-010a-40ae-90f6-cfb247c9c5d3,M6 Plus,178feeb0-4dec-47e6-856d-b56c8d706a45
8549a394-5ef9-46dc-ae17-8109b844077f,Raptor,178feeb0-4dec-47e6-856d-b56c8d706a45
0eaf054e-6088-4db3-9647-95443074e508,Shenshou,178feeb0-4dec-47e6-856d-b56c8d706a45
455f6448-4910-483f-afc0-cc8fd4b9d700,Xialong,178feeb0-4dec-47e6-856d-b56c8d706a45
60e807db-05ec-45ae-afee-bb51a1b748ea,Xialong Max,178feeb0-4dec-47e6-856d-b56c8d706a45
31127917-3f6a-47c0-a4ad-c288abbccd81,A25,896838ab-23cc-4763-91bd-00b58a5b8f0b
46381343-c730-4acb-a9c4-eed98770763c,Boliger,896838ab-23cc-4763-91bd-00b58a5b8f0b
537a2cf3-1b7c-4b9e-808b-694c91c2690c,iEV230,896838ab-23cc-4763-91bd-00b58a5b8f0b
b4c4faf5-c4c6-4406-99dd-e9ca6112cdf6,Laville,896838ab-23cc-4763-91bd-00b58a5b8f0b
7034fd54-a0ea-47c0-8858-891e8194c464,Shengdafei,896838ab-23cc-4763-91bd-00b58a5b8f0b
4e8582d0-a69a-4a26-b1da-f21f1b2b0ca9,Shengdafei 5,896838ab-23cc-4763-91bd-00b58a5b8f0b
20db22fc-95db-4da4-9e1d-072c128e05bd,XEV260,896838ab-23cc-4763-91bd-00b58a5b8f0b
c19d1d60-1b4b-4059-8625-4f4670e104e2,X,28d3c740-f0af-46d9-9817-9c90107a5b53
7fd97c56-317c-48ce-9ed2-e9c173ec0b32,Y,28d3c740-f0af-46d9-9817-9c90107a5b53
44e0b5cd-6ad7-4b44-bc81-0acd2af7c223,Z,28d3c740-f0af-46d9-9817-9c90107a5b53
a5995416-4d30-4807-b288-618041787a9e,Ute,d3ada186-8212-4bb0-aa47-eee79ea350dd
5414f3d2-9fc1-4746-b8c9-21287869433d,1300,7da75808-49ea-49d1-955c-0575f5792ade
6fd4e7ff-bc48-48c6-9a65-a58c8b12edbb,Accord,7da75808-49ea-49d1-955c-0575f5792ade
ec7e0eed-8a8a-44f6-9da9-8df5ff959002,Accord Inspire,7da75808-49ea-49d1-955c-0575f5792ade
4d86942c-789a-4204-9579-de24b6660f4e,Acty,7da75808-49ea-49d1-955c-0575f5792ade
9cb0bf2a-45ef-4a48-a7af-455ed705cff9,Airwave,7da75808-49ea-49d1-955c-0575f5792ade
d732ae06-8e81-490c-bea1-ad21d6270288,Ascot,7da75808-49ea-49d1-955c-0575f5792ade
1ff12a65-eb1b-4e92-8b70-b77948c2e7ff,Ascot Innova,7da75808-49ea-49d1-955c-0575f5792ade
ca07062e-7361-406b-9fd6-0b8cf5cad9bd,Avancier,7da75808-49ea-49d1-955c-0575f5792ade
e9b3a99c-3140-4bb1-bbd1-941d0b15673a,Ballade,7da75808-49ea-49d1-955c-0575f5792ade
1ca6811a-3aa1-42b8-bd87-8085396de806,Beat,7da75808-49ea-49d1-955c-0575f5792ade
0f188528-01cf-4591-a8d8-dda13a9198b5,Breeze,7da75808-49ea-49d1-955c-0575f5792ade
03da250e-37b9-41a8-9e04-109919e0d1e4,Capa,7da75808-49ea-49d1-955c-0575f5792ade
df695e5a-be03-4501-8fcd-69104d5ab336,City,7da75808-49ea-49d1-955c-0575f5792ade
347830bc-fc72-4c26-a9f8-e6f92b3750a7,Civic,7da75808-49ea-49d1-955c-0575f5792ade
f6d39d65-bb21-4007-9f50-09ea2d4de0a6,Civic Ferio,7da75808-49ea-49d1-955c-0575f5792ade
6f367d71-8a35-43c5-b0aa-68292696ce0e,Civic Shuttle,7da75808-49ea-49d1-955c-0575f5792ade
6848416b-0392-49f1-886e-82965a5a9cba,Civic Type R,7da75808-49ea-49d1-955c-0575f5792ade
42787c52-ae3a-4d78-912b-efbd1651c8b0,Clarity,7da75808-49ea-49d1-955c-0575f5792ade
08b725c1-2d9a-46b1-9684-9fe8beca0427,Concerto,7da75808-49ea-49d1-955c-0575f5792ade
094bf45c-e912-4118-b176-27124d3d2730,Crider,7da75808-49ea-49d1-955c-0575f5792ade
76de934d-1376-44a7-b529-ac6d7270c72b,Crossroad,7da75808-49ea-49d1-955c-0575f5792ade
fe6d9dc7-9c7b-41b6-8c7c-44dba9471c19,Crosstour,7da75808-49ea-49d1-955c-0575f5792ade
aac3033d-657a-499f-8c85-0270799975c7,CR-V,7da75808-49ea-49d1-955c-0575f5792ade
122dff4b-102e-460a-90cf-9de1f9bd0835,CR-X,7da75808-49ea-49d1-955c-0575f5792ade
4d483bc1-efb2-4169-943a-d2a9283d4fea,CR-X del Sol,7da75808-49ea-49d1-955c-0575f5792ade
4046898b-d221-4691-bcea-3bd662153b19,CR-Z,7da75808-49ea-49d1-955c-0575f5792ade
02586e80-e4ef-4be4-8a48-9737eed4f0e6,Domani,7da75808-49ea-49d1-955c-0575f5792ade
f79d10cb-151b-4809-a7d7-f38bab9495f7,e,7da75808-49ea-49d1-955c-0575f5792ade
efa401c2-a901-44f9-b44d-899dfe3dfc4c,Edix,7da75808-49ea-49d1-955c-0575f5792ade
7c7983ae-f063-4525-ba33-1bf5a3c7ebba,Element,7da75808-49ea-49d1-955c-0575f5792ade
d1999391-01f1-4877-b09e-8fa3ced7ad1b,Elysion,7da75808-49ea-49d1-955c-0575f5792ade
878df0fd-d88e-45c8-a0d1-65afc61bb293,e:NP1,7da75808-49ea-49d1-955c-0575f5792ade
e69279b9-471b-4e30-ae20-fedea4f1b14d,e:NS1,7da75808-49ea-49d1-955c-0575f5792ade
b747eadb-4f0c-4adf-bcd1-e058f5561cc9,Envix,7da75808-49ea-49d1-955c-0575f5792ade
dda0ba09-bba9-4ccd-8028-40fd5f6ee338,Fit,7da75808-49ea-49d1-955c-0575f5792ade
106b8775-8501-44cf-9f9e-6b3a318f9a98,Fit Aria,7da75808-49ea-49d1-955c-0575f5792ade
d74fea0b-5ae0-495b-8ca0-75e77df2c28c,Fit Shuttle,7da75808-49ea-49d1-955c-0575f5792ade
12b4a5b6-94d7-4f48-bfe2-ed137fd66eb7,Freed,7da75808-49ea-49d1-955c-0575f5792ade
3202020f-6a3f-4c14-a011-33aa687dd2dc,Freed+,7da75808-49ea-49d1-955c-0575f5792ade
b953c8f4-da2f-4348-84e9-72d061b42da4,Grace,7da75808-49ea-49d1-955c-0575f5792ade
256985b4-42e8-437f-a41e-4b110c1465ac,Horizon,7da75808-49ea-49d1-955c-0575f5792ade
f3cab035-fbf0-4022-a1a5-14d1d46c56d5,HR-V,7da75808-49ea-49d1-955c-0575f5792ade
1c9311fc-7e9a-48f5-bcb2-f18ad2f4967f,Insight,7da75808-49ea-49d1-955c-0575f5792ade
29c104c6-1049-440d-b034-c7fa8731e0a4,Inspire,7da75808-49ea-49d1-955c-0575f5792ade
9def2aef-e4c9-42db-af3e-f790592093d0,Integra,7da75808-49ea-49d1-955c-0575f5792ade
74b093a4-fc6f-4269-9a5d-6e57b772bc25,Integra SJ,7da75808-49ea-49d1-955c-0575f5792ade
961f35fa-2f8d-4f9d-8f33-fec5649a2f50,Jade,7da75808-49ea-49d1-955c-0575f5792ade
f16ffe8d-4224-405d-936f-fb995265b433,Jazz,7da75808-49ea-49d1-955c-0575f5792ade
05dab686-15bd-4a5a-8ba8-ca4036bfee6e,Lagreat,7da75808-49ea-49d1-955c-0575f5792ade
3899d006-ea8b-4643-94da-87dc733af797,Legend,7da75808-49ea-49d1-955c-0575f5792ade
bfcc3685-8f75-47c4-9bf0-aafcbc9a6b35,Life,7da75808-49ea-49d1-955c-0575f5792ade
40b6a30b-d899-4755-8279-ff16241dd086,Life Dunk,7da75808-49ea-49d1-955c-0575f5792ade
039db262-967f-4969-bef6-91f86df691d1,Logo,7da75808-49ea-49d1-955c-0575f5792ade
aff858a6-8feb-4b4f-9b10-56eb6413ac15,MDX,7da75808-49ea-49d1-955c-0575f5792ade
8c4a9890-5ffa-4b50-857d-daaf572e120b,M-NV,7da75808-49ea-49d1-955c-0575f5792ade
b83719e6-529a-447f-b464-5114110d1866,Mobilio,7da75808-49ea-49d1-955c-0575f5792ade
442d7861-24b3-41bc-9542-c278e0e0005f,Mobilio Spike,7da75808-49ea-49d1-955c-0575f5792ade
7ba40acc-e6a2-4a95-a8a5-aaff9f21d3d5,N-BOX,7da75808-49ea-49d1-955c-0575f5792ade
8b69621e-bef8-45ed-8cd6-cce1c3c8a1c1,N-ONE,7da75808-49ea-49d1-955c-0575f5792ade
037c3cb2-9bbe-433b-b5de-d2a7a173ed90,NSX,7da75808-49ea-49d1-955c-0575f5792ade
71e9041d-da92-4986-a42b-f6a6c1fdcf6c,N-VAN,7da75808-49ea-49d1-955c-0575f5792ade
3d677d46-6f4e-432d-adbd-4ab5931843b1,N-WGN,7da75808-49ea-49d1-955c-0575f5792ade
e5703cf0-3387-46b0-bfb4-95d6e60100e2,Odyssey,7da75808-49ea-49d1-955c-0575f5792ade
abbad531-0b20-434c-9b32-099d14f9ea7f,Orthia,7da75808-49ea-49d1-955c-0575f5792ade
66158ac2-c21f-4b2e-8911-50247e73e5dc,Partner,7da75808-49ea-49d1-955c-0575f5792ade
4671a2cb-5231-4486-bcdb-ab934df69350,Passport,7da75808-49ea-49d1-955c-0575f5792ade
dcaf63fc-818c-4789-876c-36b35b2838aa,Pilot,7da75808-49ea-49d1-955c-0575f5792ade
f7ea63d1-b293-4f06-9285-d1622a8861fc,Prelude,7da75808-49ea-49d1-955c-0575f5792ade
339d903a-f38d-4fed-a19c-98b099ae464a,Prologue,7da75808-49ea-49d1-955c-0575f5792ade
fc2d8f50-c1a4-48a6-aa49-41e13a17b4fd,Quint,7da75808-49ea-49d1-955c-0575f5792ade
78100321-447f-4a97-8efc-02edaafbc518,Rafaga,7da75808-49ea-49d1-955c-0575f5792ade
bd64390f-33bc-4fcb-b814-5036e3679254,Ridgeline,7da75808-49ea-49d1-955c-0575f5792ade
7ff96dac-9f4e-4b78-800a-a45d1d1eada9,S2000,7da75808-49ea-49d1-955c-0575f5792ade
28653425-2dd3-49a5-a242-aa3d019dece5,S660,7da75808-49ea-49d1-955c-0575f5792ade
30c4aa83-bc40-4f21-a831-64dbf20c1bb9,Saber,7da75808-49ea-49d1-955c-0575f5792ade
9c1c546c-5f5b-4f46-a112-3526d9034fac,Shuttle,7da75808-49ea-49d1-955c-0575f5792ade
f14c6f3c-9fc4-4fe1-aef5-af75a0994270,S-MX,7da75808-49ea-49d1-955c-0575f5792ade
a1d4e02d-551a-4012-91fc-1ea7e0371b54,Stepwgn,7da75808-49ea-49d1-955c-0575f5792ade
06e2368b-f7ed-4501-b6a4-fe48ef861276,Stream,7da75808-49ea-49d1-955c-0575f5792ade
85ff6cd2-221e-4573-89ee-8a6e5d895f00,Street,7da75808-49ea-49d1-955c-0575f5792ade
6a19e9a9-c928-44c9-81a0-0690a3613a6f,Today,7da75808-49ea-49d1-955c-0575f5792ade
372e2277-a53a-4f69-b9ee-08d0e1045197,Torneo,7da75808-49ea-49d1-955c-0575f5792ade
878d8786-5868-4615-b2b3-3fc36d8ff9c2,UR-V,7da75808-49ea-49d1-955c-0575f5792ade
3c604689-e8aa-4b86-9612-50a74b19f6df,Vamos,7da75808-49ea-49d1-955c-0575f5792ade
a24740bd-fc34-426d-a24a-9b87b6ab2543,Vamos Hobio,7da75808-49ea-49d1-955c-0575f5792ade
5daecf8d-a03e-44a3-81d8-9fb79e98e763,VE-1,7da75808-49ea-49d1-955c-0575f5792ade
01ccaad8-20bf-4bb9-837f-16ea175c8599,Vezel,7da75808-49ea-49d1-955c-0575f5792ade
40bf23c7-93df-4d38-849a-29a6df40d594,Vigor,7da75808-49ea-49d1-955c-0575f5792ade
298598f3-7440-497d-8920-b621f24b017f,WR-V,7da75808-49ea-49d1-955c-0575f5792ade
882dbbe8-ddde-40df-8867-fb04ed8fae34,X-NV,7da75808-49ea-49d1-955c-0575f5792ade
729cf72f-9bf3-48d6-b653-c00918697b1d,XR-V,7da75808-49ea-49d1-955c-0575f5792ade
2ffe1831-dc4b-4d52-9e7f-df32e916c9c1,Z,7da75808-49ea-49d1-955c-0575f5792ade
ebe09801-15f5-4fbd-a141-0f2c0961faad,ZR-V,7da75808-49ea-49d1-955c-0575f5792ade
52951a28-7c0a-49e3-94ff-0fea3bd1f23a,E-HS3,5426149c-7840-421e-8ac4-0f82205ca403
833a2a3a-5c54-4c04-b9b1-2f1a11cb601b,E-HS9,5426149c-7840-421e-8ac4-0f82205ca403
fbedd934-746c-4791-9a0d-c266a34c694e,E-QM5,5426149c-7840-421e-8ac4-0f82205ca403
9f736992-e45c-4db0-9303-b1346dfeb0e9,H5,5426149c-7840-421e-8ac4-0f82205ca403
651ddf8c-0361-4fad-8410-e622562f6fcf,H7,5426149c-7840-421e-8ac4-0f82205ca403
67cae649-c6cf-495c-8ee4-05ba9ea24698,H9,5426149c-7840-421e-8ac4-0f82205ca403
d2ee6cfc-1ac4-46fe-82df-f54d475de771,HQ9,5426149c-7840-421e-8ac4-0f82205ca403
509df173-75e5-4326-b64e-c6e3c58ce58f,HS3,5426149c-7840-421e-8ac4-0f82205ca403
a4ee886f-fb4d-45a9-8698-931eae5904a3,HS5,5426149c-7840-421e-8ac4-0f82205ca403
519e896c-d977-4671-b1a4-b68186e870c4,HS7,5426149c-7840-421e-8ac4-0f82205ca403
ecc17624-a060-411e-acef-8fd7aeca8bd1,L5,5426149c-7840-421e-8ac4-0f82205ca403
031b7488-8432-4f39-8ea1-08669ab5c157,LS7,5426149c-7840-421e-8ac4-0f82205ca403
83a4927d-3507-476b-8c4b-4cf26aadbfc2,BEV,9653f13d-36a8-4ccc-9e01-e780412ad170
6b4cf58d-f277-4c0c-bef0-04e198c772ce,4x2,968d624c-5fa1-4b38-8dbd-a10a9cc8f375
343c6c31-c1fd-4b9c-adac-5ebd269919d1,Neta Aya,015e004f-4c1f-4b99-bf9e-09e75681184d
6b3ff38d-7f66-4fa9-885b-747e1bd9ce43,Neta GT,015e004f-4c1f-4b99-bf9e-09e75681184d
45ac964d-6eef-4802-a66f-81048b4d8124,Neta L,015e004f-4c1f-4b99-bf9e-09e75681184d
e4edd7c8-af77-4e3a-88e9-7f016d4272c1,Neta N01,015e004f-4c1f-4b99-bf9e-09e75681184d
1d34b9bf-a474-430d-8978-c206a8ef0883,Neta S,015e004f-4c1f-4b99-bf9e-09e75681184d
29675582-59d3-466f-b8df-722e48658318,Neta U,015e004f-4c1f-4b99-bf9e-09e75681184d
b8639f55-7cc4-4768-96a7-39879694379c,Neta U-II,015e004f-4c1f-4b99-bf9e-09e75681184d
976697c2-157b-47d5-8405-f2156a22991a,Neta V,015e004f-4c1f-4b99-bf9e-09e75681184d
750e4b0c-26a3-47e6-8c39-f417129ae9f8,Neta X,015e004f-4c1f-4b99-bf9e-09e75681184d
5dcb0b7a-fd41-4db6-a9ee-7d0d73a6fff0,N2,51beb9f6-cd48-4f70-953a-12add2e9e194
47b16128-03a4-438b-9ed2-fcbcf2e269b0,N7,51beb9f6-cd48-4f70-953a-12add2e9e194
940b9de4-f058-4751-964b-1a8612080011,H1,27e0e833-5954-4726-8bb2-6966d3b66f86
009022dc-144a-49e3-9218-686d2efee385,H2,27e0e833-5954-4726-8bb2-6966d3b66f86
4da73a48-e9df-41c5-b753-bdf96a3cd1a3,H3,27e0e833-5954-4726-8bb2-6966d3b66f86
dbd0f9fb-9c6a-4043-a5e6-9b5bd475b4b1,Accent,746ff896-3199-4f15-8b35-f51fadfb0149
ecf7ca8e-4ba4-43fb-96c9-5a3c3fbec8d9,Atos,746ff896-3199-4f15-8b35-f51fadfb0149
1f8d1de9-34be-4805-b117-11a944d9a430,Avante,746ff896-3199-4f15-8b35-f51fadfb0149
be826133-49a1-48e6-b411-c06bda2e38a6,Bayon,746ff896-3199-4f15-8b35-f51fadfb0149
16867e77-0a20-4c9c-92f9-127759c9a52c,Coupe,746ff896-3199-4f15-8b35-f51fadfb0149
101357d7-8ae9-477e-9cd5-6229d54e7de6,Creta,746ff896-3199-4f15-8b35-f51fadfb0149
2933d823-7c36-4f46-a421-7a38966ed66c,Elantra,746ff896-3199-4f15-8b35-f51fadfb0149
525f241d-09b0-40d0-bd49-6f8587800dca,Equus,746ff896-3199-4f15-8b35-f51fadfb0149
b5c09c4b-0503-4c91-afaf-ba653d416203,Galloper,746ff896-3199-4f15-8b35-f51fadfb0149
2a72d45c-ab50-4782-90dc-70ff2d871980,Genesis,746ff896-3199-4f15-8b35-f51fadfb0149
a1f3e357-15aa-4529-b755-db7b8f12ef95,Getz,746ff896-3199-4f15-8b35-f51fadfb0149
c39bbb94-3179-4cdd-adf5-d79bf2817e68,Grace,746ff896-3199-4f15-8b35-f51fadfb0149
cf55babf-2c62-4531-ab22-a9a5ef57d00e,Grandeur,746ff896-3199-4f15-8b35-f51fadfb0149
8c50e63d-f66b-4c80-b27e-dc53fa0e9012,Grand Santa Fe,746ff896-3199-4f15-8b35-f51fadfb0149
b30f845a-b290-42f0-a453-2a96a58bb824,H1,746ff896-3199-4f15-8b35-f51fadfb0149
162913fc-7e13-473b-a677-34a8bd87e465,H100,746ff896-3199-4f15-8b35-f51fadfb0149
29cfd3b3-8604-4277-8356-133d8b511113,i10,746ff896-3199-4f15-8b35-f51fadfb0149
386bae53-fc92-45a3-9608-d57fce8cb083,i20,746ff896-3199-4f15-8b35-f51fadfb0149
0c1ccbf1-9f41-4ffa-bc36-497cc3cdea48,i20 Active,746ff896-3199-4f15-8b35-f51fadfb0149
94ffcd12-b35c-43eb-a4c3-e2c5636c94e6,i30,746ff896-3199-4f15-8b35-f51fadfb0149
0e9992f4-7387-4152-beb5-4b89b3ca0b15,i40,746ff896-3199-4f15-8b35-f51fadfb0149
248bf3ec-215c-471d-b8bf-d4c643448887,Ioniq,746ff896-3199-4f15-8b35-f51fadfb0149
203510f9-bd05-4f3b-ba9e-b99921b27432,Ioniq 5,746ff896-3199-4f15-8b35-f51fadfb0149
9ace9137-1e51-47e8-980e-4c10c2fa2bc2,ix35,746ff896-3199-4f15-8b35-f51fadfb0149
dade95f6-83db-4d20-b53b-84a060f18b89,ix55,746ff896-3199-4f15-8b35-f51fadfb0149
1d551dce-89de-433d-8fda-88a64ffcc900,Kona,746ff896-3199-4f15-8b35-f51fadfb0149
bdf6a994-3516-4161-9c5b-3374a9e825ed,Kona Electric,746ff896-3199-4f15-8b35-f51fadfb0149
68aff039-d90d-470e-8176-c521d6ad82c3,Lantra,746ff896-3199-4f15-8b35-f51fadfb0149
a72eabbd-d586-43ec-b603-cdc1822a2c7d,Matrix,746ff896-3199-4f15-8b35-f51fadfb0149
c566fdc3-2895-49f0-9d10-153e29d3ff32,Mufasa,746ff896-3199-4f15-8b35-f51fadfb0149
e63ed23d-7a33-4b14-8aeb-c8a7ed4a5e5f,NF,746ff896-3199-4f15-8b35-f51fadfb0149
854c7a05-27ee-4428-bd7d-203bd5cf21a3,Palisade,746ff896-3199-4f15-8b35-f51fadfb0149
f432cbb7-5a24-43ff-b272-f8b01b98e4c7,Santa Fe,746ff896-3199-4f15-8b35-f51fadfb0149
282caffe-f78a-4ef5-a219-b096a28e0435,Santa Fe Classic,746ff896-3199-4f15-8b35-f51fadfb0149
bcd2dbb2-7652-437c-aee8-1267d3a37a30,S Coupe,746ff896-3199-4f15-8b35-f51fadfb0149
f3491609-d538-4f9f-81d3-738f00e85237,Solaris,746ff896-3199-4f15-8b35-f51fadfb0149
195bfa11-fe4b-4ff9-9b79-04beaf52cfd0,Sonata,746ff896-3199-4f15-8b35-f51fadfb0149
0f9afe15-2a06-4a31-9539-d9acb7d2f7b1,Starex,746ff896-3199-4f15-8b35-f51fadfb0149
2dc62ac8-64ad-49d4-99c6-08611c05a979,Staria,746ff896-3199-4f15-8b35-f51fadfb0149
647aa46e-f24e-4cde-99dc-aa98274fd541,Terracan,746ff896-3199-4f15-8b35-f51fadfb0149
ead99cd7-3860-4d31-9d59-638871f37659,Tiburon,746ff896-3199-4f15-8b35-f51fadfb0149
b79d3811-b049-4f5b-bb2b-a9c190bf20fa,Trajet,746ff896-3199-4f15-8b35-f51fadfb0149
56854f23-abf1-4033-8c76-e6a811de83df,Tucson,746ff896-3199-4f15-8b35-f51fadfb0149
14f0959c-d0c3-4c65-8690-9e6d0d914817,Veloster,746ff896-3199-4f15-8b35-f51fadfb0149
e7ff5f20-32af-4eeb-a31a-ebed3b02386e,Venue,746ff896-3199-4f15-8b35-f51fadfb0149
7242a3c2-1d9b-4b88-b9b5-8864dc83d772,Veracruz,746ff896-3199-4f15-8b35-f51fadfb0149
ce0be85c-8c2b-4352-a045-c64de3c3e78b,Verna,746ff896-3199-4f15-8b35-f51fadfb0149
beace0fe-5f02-4964-bb8f-c229d72294cb,XG,746ff896-3199-4f15-8b35-f51fadfb0149
79243240-a4e9-4cdb-a293-fe4163526779,03,1c57037b-4d9d-4539-992a-6be405781b97
4dac15f6-adc1-441e-ac95-f867e47d9b67,L7,a297c066-f321-4bd6-b569-69eecc7094bb
48ec1b9f-e7e8-4ac7-883d-c01bbb210efa,LS7,a297c066-f321-4bd6-b569-69eecc7094bb
769ada55-3916-4d33-aaf2-873dd3388e50,EX35,41ea3418-e82e-4a75-bfe8-96ad808b264f
73f91f41-d9bb-42e6-bb86-b74349dc3b70,FX30d,41ea3418-e82e-4a75-bfe8-96ad808b264f
3a81197f-c48a-44b8-9c64-2c17d1d56321,FX35,41ea3418-e82e-4a75-bfe8-96ad808b264f
42e3e024-c752-4dbe-9729-df263839ea91,FX37,41ea3418-e82e-4a75-bfe8-96ad808b264f
e5f7104a-3141-4e92-a4d1-19416b4acd7f,FX45,41ea3418-e82e-4a75-bfe8-96ad808b264f
6105c19a-67d5-4b50-b6dd-2deed54c5a23,FX50,41ea3418-e82e-4a75-bfe8-96ad808b264f
a63c1026-d5fc-424f-ade4-b2510027ca7b,G37,41ea3418-e82e-4a75-bfe8-96ad808b264f
894b4e54-856d-4d0a-882c-3a907a010d39,JX35,41ea3418-e82e-4a75-bfe8-96ad808b264f
716b62d3-06ad-4d1b-a10c-400392e32cb8,M25,41ea3418-e82e-4a75-bfe8-96ad808b264f
87a8aaf6-274d-4fc5-935f-97e63bde0699,M35,41ea3418-e82e-4a75-bfe8-96ad808b264f
359c3173-e0ab-494e-a398-ce36e74d9fb9,M37,41ea3418-e82e-4a75-bfe8-96ad808b264f
cf23030b-efac-4a7a-81a5-cf843c216267,M56,41ea3418-e82e-4a75-bfe8-96ad808b264f
d76a7f3f-f177-457d-9903-ab0727fa3b45,Q30,41ea3418-e82e-4a75-bfe8-96ad808b264f
4b3fa3ff-78b7-491b-b045-ded35b3276a9,Q50,41ea3418-e82e-4a75-bfe8-96ad808b264f
94f0a7e1-e00c-425b-a3dd-91aca5bd4107,Q60,41ea3418-e82e-4a75-bfe8-96ad808b264f
d76c3898-67e7-40d5-b1ec-4114c1245871,Q70,41ea3418-e82e-4a75-bfe8-96ad808b264f
4ff24b52-750c-49fb-bca6-0b0ed1236cc5,QX30,41ea3418-e82e-4a75-bfe8-96ad808b264f
0161f011-64ac-4e8f-a40a-a040c5e16c0d,QX4,41ea3418-e82e-4a75-bfe8-96ad808b264f
9d1b21d8-615f-4aa6-9aa0-3e7de1e15dc3,QX50,41ea3418-e82e-4a75-bfe8-96ad808b264f
ea8bb7eb-7c77-4c3a-9419-cb3509cbc449,QX55,41ea3418-e82e-4a75-bfe8-96ad808b264f
10981e2c-3da5-4884-aea5-039fc993836c,QX56,41ea3418-e82e-4a75-bfe8-96ad808b264f
aead8a29-5a31-4aaf-8d32-0bff2572344d,QX60,41ea3418-e82e-4a75-bfe8-96ad808b264f
7c89db49-a295-4c92-96a6-d250e5751409,QX80,41ea3418-e82e-4a75-bfe8-96ad808b264f
1ab18e92-9460-42ed-9535-70792e553983,Dena,ebe269d4-bd97-46a0-bff9-a4aa6f97d66f
094abe18-6655-42b4-b75a-615207ac0f7b,Runna,ebe269d4-bd97-46a0-bff9-a4aa6f97d66f
88dcce4a-b7a4-4183-9b42-2f61e48d2c3b,Samand,ebe269d4-bd97-46a0-bff9-a4aa6f97d66f
f8e0b2ac-0b04-47e8-8f09-db36a905b06d,Tara,ebe269d4-bd97-46a0-bff9-a4aa6f97d66f
e4a9bd9c-c14b-414f-9050-bd36bfd56762,117 Coupe,eba05fe0-8e4d-4f82-909e-6b4842a8f00a
7ce18484-8c8b-4598-96af-ed11ffacf555,Aska,eba05fe0-8e4d-4f82-909e-6b4842a8f00a
c742f16e-008f-4a81-bcda-61803d90abf5,Axiom,eba05fe0-8e4d-4f82-909e-6b4842a8f00a
5b054d45-3298-4aa4-8333-5cad8ff92d40,Bighorn,eba05fe0-8e4d-4f82-909e-6b4842a8f00a
1f90006f-7820-4f25-8a9f-d9c4a9537998,D-MAX,eba05fe0-8e4d-4f82-909e-6b4842a8f00a
c0319523-4c27-4a35-b990-e1166eeeeec0,Fargo,eba05fe0-8e4d-4f82-909e-6b4842a8f00a
7748a084-398a-41e4-8e10-b3aa70e9aada,Fargo Filly,eba05fe0-8e4d-4f82-909e-6b4842a8f00a
5ce42563-1a4e-4c62-924b-44826366c76e,Filly,eba05fe0-8e4d-4f82-909e-6b4842a8f00a
743219de-71a0-4ee4-91b4-77f58ea5fb98,Florian,eba05fe0-8e4d-4f82-909e-6b4842a8f00a
c5289474-068f-4003-af7d-64bba29dece2,Gemini,eba05fe0-8e4d-4f82-909e-6b4842a8f00a
b7d1dc66-dc06-4254-a6d6-33c12bb07eff,I-Mark,eba05fe0-8e4d-4f82-909e-6b4842a8f00a
2b45b73a-748c-4f64-86ff-0cc80a8b3007,Lingtuo,eba05fe0-8e4d-4f82-909e-6b4842a8f00a
9c1afbf4-9477-46ae-afe6-3afd70c9e439,Midi,eba05fe0-8e4d-4f82-909e-6b4842a8f00a
9b0493c6-c46d-47a0-adab-e47c13481bdc,MU,eba05fe0-8e4d-4f82-909e-6b4842a8f00a
873489ac-7a59-4b4e-acf5-8c002dffb657,MU-X,eba05fe0-8e4d-4f82-909e-6b4842a8f00a
3fd8513e-9e8d-42c2-97dd-1b5d729d2eae,Pa Nero,eba05fe0-8e4d-4f82-909e-6b4842a8f00a
cf567fc9-9e7c-414a-af59-e381698b7d50,Piazza,eba05fe0-8e4d-4f82-909e-6b4842a8f00a
d760fadc-9112-4a6f-ba57-f4adda066c82,Piazza Nero,eba05fe0-8e4d-4f82-909e-6b4842a8f00a
5aa7e985-52e0-4450-99b2-4358f3d59b67,Rodeo,eba05fe0-8e4d-4f82-909e-6b4842a8f00a
2793596e-116d-4fa5-8b76-04d00756b12e,Trooper,eba05fe0-8e4d-4f82-909e-6b4842a8f00a
732effab-3996-471f-b869-2a40ac0bfbdf,VehiCross,eba05fe0-8e4d-4f82-909e-6b4842a8f00a
1a31f788-bc7b-4531-99b3-bfbcf24c8122,Wizard,eba05fe0-8e4d-4f82-909e-6b4842a8f00a
74a712cf-59ec-40ea-9bea-79c21bed1600,Binyue,8d7eb1dc-0488-47a2-adc6-df708f7953d0
b3062134-1d14-45c8-b5df-35f79a584904,iEV4,8d7eb1dc-0488-47a2-adc6-df708f7953d0
b6481671-9dc0-4e05-8d57-ffe0dc23a8ad,iEV5,8d7eb1dc-0488-47a2-adc6-df708f7953d0
b99aeb35-8ed8-49c2-b554-3e9cecb9c241,iEV6E,8d7eb1dc-0488-47a2-adc6-df708f7953d0
be2343ba-d6a5-4ae4-ac84-cbd91378e052,iEV6E Sport,8d7eb1dc-0488-47a2-adc6-df708f7953d0
59ef84b5-ef39-4f38-90a6-42f732326091,iEV6S,8d7eb1dc-0488-47a2-adc6-df708f7953d0
ee099632-fce3-4bb2-8a27-4efb156da127,iEV7L,8d7eb1dc-0488-47a2-adc6-df708f7953d0
cf0d81a6-0741-48c9-8a3a-52422f5b1880,iEV7S,8d7eb1dc-0488-47a2-adc6-df708f7953d0
b980a05d-ae6c-4e92-83e5-8c50dd40daa5,iEVA50,8d7eb1dc-0488-47a2-adc6-df708f7953d0
d6df80c6-f41e-4ef7-b845-38f943f0d212,iEVS4,8d7eb1dc-0488-47a2-adc6-df708f7953d0
2985537c-a822-4ccd-b448-34f66cc60d92,J3,8d7eb1dc-0488-47a2-adc6-df708f7953d0
42b69c43-f080-44e2-a23e-0de39bcfa62e,J6,8d7eb1dc-0488-47a2-adc6-df708f7953d0
c4faa912-a193-4017-bad4-d8ccfe02e1e1,J7,8d7eb1dc-0488-47a2-adc6-df708f7953d0
bc9f3b0b-b488-4098-ad54-e9da2cdeecf0,Jiayue A5,8d7eb1dc-0488-47a2-adc6-df708f7953d0
76b04ee9-f8f9-4694-b74f-09346820a0c1,JS3,8d7eb1dc-0488-47a2-adc6-df708f7953d0
2dda89d8-77d5-4971-84db-785c60502137,JS4,8d7eb1dc-0488-47a2-adc6-df708f7953d0
87b1ac08-69a6-4839-ba97-cef596ca0078,JS5,8d7eb1dc-0488-47a2-adc6-df708f7953d0
820db2ec-4ddd-430e-bb6f-e1ba3823cbcd,JS6,8d7eb1dc-0488-47a2-adc6-df708f7953d0
51e8aac7-54d6-4132-81b2-c28d2ac0db04,M1,8d7eb1dc-0488-47a2-adc6-df708f7953d0
1edc73b3-3a7e-4b07-a937-ab056c153eff,Refine,8d7eb1dc-0488-47a2-adc6-df708f7953d0
e83bbe9c-021e-4f52-b89f-6c4564ebc482,Refine A60,8d7eb1dc-0488-47a2-adc6-df708f7953d0
d15392bb-11b9-46d2-b956-a28f07bd424a,Refine L6 Max,8d7eb1dc-0488-47a2-adc6-df708f7953d0
9c9d7af8-c398-492d-bac7-c4f8f2db9b12,Refine M3,8d7eb1dc-0488-47a2-adc6-df708f7953d0
cb6ad5ad-70db-4f9a-b04d-bb3e6650c179,Refine M5,8d7eb1dc-0488-47a2-adc6-df708f7953d0
32c9b5ce-26ce-477d-b1e1-f905ebf59d95,Refine M6,8d7eb1dc-0488-47a2-adc6-df708f7953d0
5e6c5dc4-a04c-4b98-8ff3-da3d47a8c0e0,Refine R3,8d7eb1dc-0488-47a2-adc6-df708f7953d0
175dc48f-daf7-47ed-ba36-820d0d8b8545,Refine S2,8d7eb1dc-0488-47a2-adc6-df708f7953d0
44334ec7-f24f-4ecf-93e4-d5cd209c2071,Refine S3,8d7eb1dc-0488-47a2-adc6-df708f7953d0
ae7fc784-cfd5-49d0-bf2e-a6f00b137661,Refine S4,8d7eb1dc-0488-47a2-adc6-df708f7953d0
e06a2644-bb81-4b7b-965f-46565d803b9c,Refine S5,8d7eb1dc-0488-47a2-adc6-df708f7953d0
1749d75b-adca-4f74-b532-8c38ec25d77b,Refine S7,8d7eb1dc-0488-47a2-adc6-df708f7953d0
84ded032-9ecd-4a0d-a6c9-1408ffd9d0cf,Rein,8d7eb1dc-0488-47a2-adc6-df708f7953d0
1d910fb6-3127-4e49-bd02-c523574b07fa,S1,8d7eb1dc-0488-47a2-adc6-df708f7953d0
3c367777-c5ed-48b8-a509-753b8749ce1b,S3,8d7eb1dc-0488-47a2-adc6-df708f7953d0
61450613-dd64-4e1b-a4c8-3562c5ae45df,S3 Pro,8d7eb1dc-0488-47a2-adc6-df708f7953d0
e4e00eac-a7ac-4672-8f38-e3c2c08e9f51,S5,8d7eb1dc-0488-47a2-adc6-df708f7953d0
d7b8c05f-10f8-4b86-88f4-776abfd3f1de,S7,8d7eb1dc-0488-47a2-adc6-df708f7953d0
2f1f44b4-c38f-47ca-9628-eb21e623c455,Sehol A5,8d7eb1dc-0488-47a2-adc6-df708f7953d0
0b46ae0c-caa7-4ebd-9d2f-1b77c2ab7827,Sehol A5 Plus,8d7eb1dc-0488-47a2-adc6-df708f7953d0
21a3354f-cdd1-4140-a7c5-dab17b8d3d94,Sehol Aipao,8d7eb1dc-0488-47a2-adc6-df708f7953d0
8d09031a-7266-4fb3-b335-5408483e9f71,Sehol E10X,8d7eb1dc-0488-47a2-adc6-df708f7953d0
ed7e6ea3-8c3d-4a06-9e9b-9f7ce44ea9d0,Sehol E40X,8d7eb1dc-0488-47a2-adc6-df708f7953d0
a0c9f939-e4a0-4297-a546-9f19e51f95f5,Sehol QX,8d7eb1dc-0488-47a2-adc6-df708f7953d0
584db2ab-750f-4923-8733-b5b85a265cbd,Sehol X4,8d7eb1dc-0488-47a2-adc6-df708f7953d0
e9549f25-cdf2-4477-86a8-ad52d4de7c65,Sehol X6,8d7eb1dc-0488-47a2-adc6-df708f7953d0
13e102d1-3ec7-4558-80a2-ba2b976515e3,Sehol X8,8d7eb1dc-0488-47a2-adc6-df708f7953d0
ecccf96e-21c7-4df1-af94-a13c8e0e7ec4,Sehol X8 Plus,8d7eb1dc-0488-47a2-adc6-df708f7953d0
d9f9a873-3f2e-4600-bef2-d1ca34762760,T40,8d7eb1dc-0488-47a2-adc6-df708f7953d0
0d010e69-c7e8-499d-a108-fd22333b90a7,T6,8d7eb1dc-0488-47a2-adc6-df708f7953d0
b74b3cbb-f51f-40ce-88eb-a4d587cf5cc6,T8,8d7eb1dc-0488-47a2-adc6-df708f7953d0
96f3c3bb-6ac0-4b72-9c1f-3d0f1d94dee9,T8 Pro,8d7eb1dc-0488-47a2-adc6-df708f7953d0
ed892fa3-9b45-48f8-b17b-0c8dea0c3fcd,Yttrium 3,8d7eb1dc-0488-47a2-adc6-df708f7953d0
c9d29bcb-e221-4e25-844d-db9a81bf5144,J7,1a3e6683-c8f5-4bb9-b266-2f181e4e5363
66ee0071-77dc-4d5d-a498-a706854f378a,J8,1a3e6683-c8f5-4bb9-b266-2f181e4e5363
4b498b1f-3bf1-4a94-bbd4-754bd2c879f6,E-Pace,9c6647e5-0cfa-4e6b-9f6a-cff6647a0b76
c57463a5-6cec-440e-900a-f6839bf174fe,F-Pace,9c6647e5-0cfa-4e6b-9f6a-cff6647a0b76
661bd102-56f9-4e4e-b9ec-13340a32a9e5,F-Type,9c6647e5-0cfa-4e6b-9f6a-cff6647a0b76
c432dd88-4de3-45ca-b415-e345c443e05f,I-Pace,9c6647e5-0cfa-4e6b-9f6a-cff6647a0b76
1a763db3-68e1-40f6-b168-de92797a83fc,Sovereign,9c6647e5-0cfa-4e6b-9f6a-cff6647a0b76
25662bfb-5a55-44d5-b7bb-91c138933eaf,S-type,9c6647e5-0cfa-4e6b-9f6a-cff6647a0b76
697dce9c-24f9-4ece-b21c-189a56f13702,XE,9c6647e5-0cfa-4e6b-9f6a-cff6647a0b76
08b03848-3c3e-45ef-8fea-18e60d8e58d8,XF,9c6647e5-0cfa-4e6b-9f6a-cff6647a0b76
e2d71c16-099b-47ca-b2be-a520eb095c1f,XJ,9c6647e5-0cfa-4e6b-9f6a-cff6647a0b76
71ece849-9037-4fa0-a38d-9437516cf621,XJ220,9c6647e5-0cfa-4e6b-9f6a-cff6647a0b76
8c80a3da-bbe0-45cc-bc34-4225dc918a78,XJS,9c6647e5-0cfa-4e6b-9f6a-cff6647a0b76
741dd177-4c94-4d98-b98b-562d09f9c5de,XK,9c6647e5-0cfa-4e6b-9f6a-cff6647a0b76
d7209096-d70b-4081-b5fc-0d38859789ea,X-Type,9c6647e5-0cfa-4e6b-9f6a-cff6647a0b76
0988c5f2-f373-480b-859e-061737238342,Avenger,880952f6-e22a-4ac7-ab83-b120f54edb11
7215a42b-8ef6-4c28-a90d-9c86eb3c8166,Cherokee,880952f6-e22a-4ac7-ab83-b120f54edb11
5551a06f-a280-47a6-af60-e862105dc9b3,Commander,880952f6-e22a-4ac7-ab83-b120f54edb11
f00283d5-5bba-497c-a8a1-7ad5e308fb88,Compass,880952f6-e22a-4ac7-ab83-b120f54edb11
eb785e57-a663-4194-b25a-307fc46472a1,Gladiator,880952f6-e22a-4ac7-ab83-b120f54edb11
8a18dd60-59ba-426f-8111-4c7b9d991880,Grand Cherokee,880952f6-e22a-4ac7-ab83-b120f54edb11
3c2aabe9-298e-4d0e-b701-44b2dde95002,Grand Commander,880952f6-e22a-4ac7-ab83-b120f54edb11
66659066-91f1-40af-bdad-00c122853a73,Grand Wagoneer,880952f6-e22a-4ac7-ab83-b120f54edb11
708873bc-0475-4d1d-ab3f-0d7ffd112646,Liberty,880952f6-e22a-4ac7-ab83-b120f54edb11
06436643-d83d-4c49-b243-847905f0f6f0,Patriot,880952f6-e22a-4ac7-ab83-b120f54edb11
24d168e1-fe30-4002-9db6-bca9b1fa3489,Renegade,880952f6-e22a-4ac7-ab83-b120f54edb11
aac8be2f-195d-4769-9e64-16dfeb2800e0,Wagoneer,880952f6-e22a-4ac7-ab83-b120f54edb11
b313a405-6eb5-4df3-bded-083c4f52d793,Wrangler,880952f6-e22a-4ac7-ab83-b120f54edb11
9f7be054-629b-4f6d-82de-a3476bfb5915,Dashing,116bc736-668f-4bcc-ac19-d52e36b9e573
ac2b6a90-41e9-4ee4-89b8-14532acd8ef9,T2,116bc736-668f-4bcc-ac19-d52e36b9e573
6da25e2b-1d55-4700-ad0f-a13e22e3521b,Traveller,116bc736-668f-4bcc-ac19-d52e36b9e573
74dc6e74-223c-4365-a1aa-6fe23aa56e5f,X70,116bc736-668f-4bcc-ac19-d52e36b9e573
794a5674-8967-4829-a615-fb6eb52c614e,X70 Coupe,116bc736-668f-4bcc-ac19-d52e36b9e573
4ea4117d-c839-422c-8057-85b04744e376,X70 Plus,116bc736-668f-4bcc-ac19-d52e36b9e573
9a0e742e-85c9-4bd6-99ab-60fd9f2416d9,X90,116bc736-668f-4bcc-ac19-d52e36b9e573
8ac5a198-0552-43cb-b9b9-ba4c2f8f46dd,X90 Plus,116bc736-668f-4bcc-ac19-d52e36b9e573
9162a452-bdb9-422e-bbcf-96dc0b863cef,X95,116bc736-668f-4bcc-ac19-d52e36b9e573
b0457788-170f-48e7-aaee-cda694e83e51,VA3,d9aa1f1d-b6e6-4227-98d9-a45366ed44fc
e61eb2e1-7283-401c-add8-d6670b85a5d2,VS5,d9aa1f1d-b6e6-4227-98d9-a45366ed44fc
3a74464e-0212-4684-a862-dcda676796b5,VS7,d9aa1f1d-b6e6-4227-98d9-a45366ed44fc
cbc7828d-ad2a-49b7-b9f0-03d8f1b99fed,Haixing X30,22dd4833-9102-4909-a143-9e26f3c8b18e
4ddfa376-9881-4083-bc8c-31a4abb2c3fa,Vigus,17ee9425-c8c6-4e58-8f8c-126cb72adb3f
e446910c-3b42-418b-9851-71bff0282ac2,E5,2e5ba08c-2e78-45b9-9d9b-dbd1ec233a06
5ffae503-77ea-47bd-9e00-acbd0d28707a,X3,2e5ba08c-2e78-45b9-9d9b-dbd1ec233a06
f516f4fc-dc50-4f16-9e55-ebb451e521d3,X3 Pro,2e5ba08c-2e78-45b9-9d9b-dbd1ec233a06
54b981b5-ff81-466b-9791-399da83b2fce,X7 Kunlun,2e5ba08c-2e78-45b9-9d9b-dbd1ec233a06
08608cc2-b762-4280-ad8e-b7ac10e7f1c4,Rexton,9d94deb9-2eb9-41b5-a6cd-7d6f8caafe45
625d4e7d-d3f6-4f20-b611-73ce3db75269,Rexton Sports,9d94deb9-2eb9-41b5-a6cd-7d6f8caafe45
ef689d0f-e720-47de-98b0-cea9fa16598d,Avella,3c72bbee-fd97-46eb-abaa-ac6b7cf0d932
9488d391-404f-4c04-a8f4-77d5b2376411,Besta,3c72bbee-fd97-46eb-abaa-ac6b7cf0d932
196444a8-642f-43c5-ad00-9d392424a603,Bongo,3c72bbee-fd97-46eb-abaa-ac6b7cf0d932
b34175d0-ddee-4fa6-a4ed-02def5e9d923,Cadenza,3c72bbee-fd97-46eb-abaa-ac6b7cf0d932
a76bec1d-f813-4ad9-9f2d-d6add132f186,Carens,3c72bbee-fd97-46eb-abaa-ac6b7cf0d932
52575990-bc5b-44d8-928a-71884efa95be,Carnival,3c72bbee-fd97-46eb-abaa-ac6b7cf0d932
40c9029b-81c9-45eb-a41b-f0d07ebebfa3,Ceed,3c72bbee-fd97-46eb-abaa-ac6b7cf0d932
11265876-3a84-4795-a225-7a23f4445847,Cerato,3c72bbee-fd97-46eb-abaa-ac6b7cf0d932
10bbbd38-a4a0-471d-b098-5961186094fd,Cerato Koup,3c72bbee-fd97-46eb-abaa-ac6b7cf0d932
b9ba6564-90b7-4ea8-b2c1-15707a07707d,Clarus,3c72bbee-fd97-46eb-abaa-ac6b7cf0d932
d01f7e59-460c-4d7b-af78-0338ce067703,EV6,3c72bbee-fd97-46eb-abaa-ac6b7cf0d932
38e86d17-3585-4a4a-bc98-8a7105556bcc,EV9,3c72bbee-fd97-46eb-abaa-ac6b7cf0d932
faacd8b3-cb0d-474b-9eeb-15c43d830284,Forte,3c72bbee-fd97-46eb-abaa-ac6b7cf0d932
85826120-7ce2-434b-8b53-0b04ce2335b2,K3,3c72bbee-fd97-46eb-abaa-ac6b7cf0d932
1d6eea3b-aec7-471e-8477-967bd3605b84,K5,3c72bbee-fd97-46eb-abaa-ac6b7cf0d932
a70c7549-27bd-4f9a-aef9-61574ef9acaf,K7,3c72bbee-fd97-46eb-abaa-ac6b7cf0d932
adb6cf27-af9e-4d0c-8be7-cbf9baa88d05,K8,3c72bbee-fd97-46eb-abaa-ac6b7cf0d932
9279e29d-7472-4262-9feb-f777dbd3b683,K9,3c72bbee-fd97-46eb-abaa-ac6b7cf0d932
66280f54-2e72-4d29-bbc9-1b54fc2ae893,K900,3c72bbee-fd97-46eb-abaa-ac6b7cf0d932
45ffc93e-595c-4a0f-8089-20c503504747,Magentis,3c72bbee-fd97-46eb-abaa-ac6b7cf0d932
2c0cd3db-495e-49ea-8b21-778bdcc03dbc,Mohave,3c72bbee-fd97-46eb-abaa-ac6b7cf0d932
53b2d9df-9f15-49fa-9839-f48149f6f66d,Niro,3c72bbee-fd97-46eb-abaa-ac6b7cf0d932
8ab2f548-b272-46b9-aca3-fa8519cd15d3,Opirus,3c72bbee-fd97-46eb-abaa-ac6b7cf0d932
11aa739c-d6d6-4d50-aff2-9786bc7a74ad,Optima,3c72bbee-fd97-46eb-abaa-ac6b7cf0d932
613c041b-5187-4f1a-9f40-98d4080bde5f,Picanto,3c72bbee-fd97-46eb-abaa-ac6b7cf0d932
b5c74233-ee1f-431b-9d47-da4f398c46fd,Pregio,3c72bbee-fd97-46eb-abaa-ac6b7cf0d932
27c5abd8-a356-4731-a194-9934cbab696a,Pride,3c72bbee-fd97-46eb-abaa-ac6b7cf0d932
c837616b-6cc0-49a9-ad52-4d06a4cc863a,ProCeed,3c72bbee-fd97-46eb-abaa-ac6b7cf0d932
0a0fbaec-12bc-4469-a2ee-b3ca8f57d245,Quoris,3c72bbee-fd97-46eb-abaa-ac6b7cf0d932
a8606fb2-8abc-4feb-8a2e-693e2a3455be,Rio,3c72bbee-fd97-46eb-abaa-ac6b7cf0d932
9c8d66cd-5d13-48e7-b613-43b5b88327ea,Rio X (X-Line),3c72bbee-fd97-46eb-abaa-ac6b7cf0d932
7bdd486f-596d-4438-a6f9-f2235048844d,Seltos,3c72bbee-fd97-46eb-abaa-ac6b7cf0d932
25806c60-4e85-4fc8-a439-698dd6f39943,Sephia,3c72bbee-fd97-46eb-abaa-ac6b7cf0d932
c3ba8651-de56-41ea-8047-3bebe1a0424a,Shuma,3c72bbee-fd97-46eb-abaa-ac6b7cf0d932
bfbff43d-69b4-419a-bbea-add4287cb5d5,Sonet,3c72bbee-fd97-46eb-abaa-ac6b7cf0d932
3ef43425-9244-4870-9ee7-d3c4530a0aaf,Sorento,3c72bbee-fd97-46eb-abaa-ac6b7cf0d932
61f92d1d-9dd8-497f-aac1-c1766a17d149,Soul,3c72bbee-fd97-46eb-abaa-ac6b7cf0d932
93cf73f9-0474-4421-a9bb-b97e79ac3c40,Spectra,3c72bbee-fd97-46eb-abaa-ac6b7cf0d932
5597504a-0808-415d-8794-abd30609c6e6,Sportage,3c72bbee-fd97-46eb-abaa-ac6b7cf0d932
21882432-dcf7-4495-b1fd-f64ba6a68703,Stinger,3c72bbee-fd97-46eb-abaa-ac6b7cf0d932
8475a085-40d7-4741-9b6f-9344bcc064b4,Stonic,3c72bbee-fd97-46eb-abaa-ac6b7cf0d932
17d7feca-cdf2-4db1-816c-6f03aadc79a7,Venga,3c72bbee-fd97-46eb-abaa-ac6b7cf0d932
06542193-c4b6-4df5-af52-a2408fc192ad,Xceed,3c72bbee-fd97-46eb-abaa-ac6b7cf0d932
2440b12b-f71d-4616-abfe-be7769bc5837,F3,bd71d516-d249-4111-8262-673e106179d4
1dec580a-7864-4e42-8b36-303827086ab2,Aventador,438abfc6-5285-4156-b7da-d3ce06c16df8
6ada08ab-bc8b-4b57-813f-1a55c68736e9,Countach,438abfc6-5285-4156-b7da-d3ce06c16df8
7d3944ab-06bb-469d-a670-21f69d655ef5,Diablo,438abfc6-5285-4156-b7da-d3ce06c16df8
43986549-2f29-44f5-9b68-4960f41f02b3,Gallardo,438abfc6-5285-4156-b7da-d3ce06c16df8
99603cf7-1e4d-4b88-ae4a-9d5a6fb1af28,Huracan,438abfc6-5285-4156-b7da-d3ce06c16df8
2d2ec21c-273f-4ae0-b235-566771f45835,LM 002,438abfc6-5285-4156-b7da-d3ce06c16df8
988fc49f-8b3c-4eb7-a9b1-7c209f875ae2,Murcielago,438abfc6-5285-4156-b7da-d3ce06c16df8
4412f359-a12b-4eb2-88a1-2050e383e998,Revuelto,438abfc6-5285-4156-b7da-d3ce06c16df8
4504a7cf-f57e-460b-a53c-ebde9f759381,Sian,438abfc6-5285-4156-b7da-d3ce06c16df8
3a213a49-2e63-444a-b19e-e9356ebc2ab1,Urus,438abfc6-5285-4156-b7da-d3ce06c16df8
5c4cdf84-a319-4a0e-a26f-b2a9ef6d54c6,Defender,6cf933d9-3bf1-477d-96bd-ac515c18afc7
c7722a93-d1cc-497c-8d12-82f6b047b603,Discovery,6cf933d9-3bf1-477d-96bd-ac515c18afc7
0563256a-b644-4f76-aeea-d631edd46681,Discovery Sport,6cf933d9-3bf1-477d-96bd-ac515c18afc7
14f1a8fa-6f27-4a12-9f17-53cd8499527d,Freelander,6cf933d9-3bf1-477d-96bd-ac515c18afc7
b7015543-8115-4a59-8310-2327a9a4de2d,Range Rover,6cf933d9-3bf1-477d-96bd-ac515c18afc7
74e7fd95-cfc1-45e1-b509-19d1ed418117,Range Rover Evoque,6cf933d9-3bf1-477d-96bd-ac515c18afc7
242d766e-e98f-4bdd-a31d-21294c47badd,Range Rover Sport,6cf933d9-3bf1-477d-96bd-ac515c18afc7
dd2326ad-55e9-4ac9-9d39-7711f628ceb6,Range Rover Velar,6cf933d9-3bf1-477d-96bd-ac515c18afc7
787e02db-205c-40dc-bf73-dc39db64e84b,Series III,6cf933d9-3bf1-477d-96bd-ac515c18afc7
57e0397e-693d-460e-82eb-d14e5c246d9c,CV9,1418de69-da11-4d37-9c18-5cf3ac8a16e3
7c3bf26e-69b2-4cff-bf92-40958cf16602,Forward,1418de69-da11-4d37-9c18-5cf3ac8a16e3
6e4c3ba3-b851-402d-95a2-b849bedb1bdd,Rongyao,1418de69-da11-4d37-9c18-5cf3ac8a16e3
2be76a96-42f1-41e5-be96-48f98a1a7699,X2,1418de69-da11-4d37-9c18-5cf3ac8a16e3
a0326788-ec41-43dd-86db-3e915b0ca12b,X5,1418de69-da11-4d37-9c18-5cf3ac8a16e3
a31426b8-e0b1-41e6-80f7-3ed25021dd12,X5 Plus,1418de69-da11-4d37-9c18-5cf3ac8a16e3
7ce3846a-da12-4ba2-9b00-164a25d245ba,X6,1418de69-da11-4d37-9c18-5cf3ac8a16e3
575d727b-1d61-4ef9-a7f9-9e90265a7916,X7,1418de69-da11-4d37-9c18-5cf3ac8a16e3
8845c48e-aec6-434a-8be6-42a1f0ca4daf,X8,1418de69-da11-4d37-9c18-5cf3ac8a16e3
e6c31c0c-7e4c-44ba-99d3-9cda52d8ad02,X9,1418de69-da11-4d37-9c18-5cf3ac8a16e3
63600dbf-39c8-44bf-9168-e2dae94ca7cb,Xiaoyao,1418de69-da11-4d37-9c18-5cf3ac8a16e3
483ab467-3340-4946-8aa5-40470401f3db,C01,b3831b6a-ebfa-434a-9acd-04c3ed6da804
4453a7d4-ad77-4cc7-a6dc-52304e570296,C10,b3831b6a-ebfa-434a-9acd-04c3ed6da804
b1d2adb3-6526-4cf8-bd77-16b6ba646292,C11,b3831b6a-ebfa-434a-9acd-04c3ed6da804
fb178514-85d4-4564-b9d8-d8dfe0d1a117,C16,b3831b6a-ebfa-434a-9acd-04c3ed6da804
2e8b5c0e-bf35-4186-a39f-7965ce3ddf99,S01,b3831b6a-ebfa-434a-9acd-04c3ed6da804
3d8b0b66-72fc-4f14-a23c-7828825ca5ef,T03,b3831b6a-ebfa-434a-9acd-04c3ed6da804
1d522742-75d1-4f04-a00c-969858ffcb40,CT200h,ad98dde0-9068-47b4-9970-6fc01eff1466
b8275156-5363-4774-a605-89560a493696,ES200,ad98dde0-9068-47b4-9970-6fc01eff1466
c2d75925-0e10-43b0-bf0a-e1f4191dda17,ES250,ad98dde0-9068-47b4-9970-6fc01eff1466
8ae804f8-b570-4909-8ec7-ee2443e0f7a0,ES260,ad98dde0-9068-47b4-9970-6fc01eff1466
702fc475-9a27-4562-99cd-f3725e51d176,ES300,ad98dde0-9068-47b4-9970-6fc01eff1466
899567dd-1f3c-41a3-93bb-e2b4ebaf6678,ES300h,ad98dde0-9068-47b4-9970-6fc01eff1466
49b553dd-3bb7-42d6-b3b1-c5e8dfa8e6d7,ES350,ad98dde0-9068-47b4-9970-6fc01eff1466
81d89262-6889-4a11-8012-6021fa249ded,GS200t,ad98dde0-9068-47b4-9970-6fc01eff1466
7782df56-e3b1-4ccf-a311-e714c1af2f3b,GS300,ad98dde0-9068-47b4-9970-6fc01eff1466
f00ecf9e-eaec-41ae-88f1-a0869555bcbd,GS300h,ad98dde0-9068-47b4-9970-6fc01eff1466
17b8c818-f5cf-4be8-8b48-edf38d53054f,GS350,ad98dde0-9068-47b4-9970-6fc01eff1466
62655eb5-7841-4aaf-9d7f-37491d27713e,GS430,ad98dde0-9068-47b4-9970-6fc01eff1466
b5191e96-3480-4074-b8df-ec2807ef75c9,GS450h,ad98dde0-9068-47b4-9970-6fc01eff1466
62d187dd-f6f7-4e12-b0e6-3daf5e0b1b3a,GS F,ad98dde0-9068-47b4-9970-6fc01eff1466
bd86d19c-a90b-4c18-a148-c5647af43852,GX460,ad98dde0-9068-47b4-9970-6fc01eff1466
3c5e919b-be5d-4f5e-82ca-7208cd9d8ded,GX470,ad98dde0-9068-47b4-9970-6fc01eff1466
1aa58dd7-2e38-4538-884e-270619c47158,GX550,ad98dde0-9068-47b4-9970-6fc01eff1466
5a2502c0-8539-4ea3-a8ec-15fe3abd20de,GX550h,ad98dde0-9068-47b4-9970-6fc01eff1466
06c6faf8-5cd1-4a6b-ba64-4913cc92b920,HS250h,ad98dde0-9068-47b4-9970-6fc01eff1466
f924dc21-ee10-4c86-95c6-971923bc6b71,IS200,ad98dde0-9068-47b4-9970-6fc01eff1466
1b92225b-e3f7-4e34-947f-ffc2c4611b43,IS200d,ad98dde0-9068-47b4-9970-6fc01eff1466
423c7b8e-2077-46d9-9d6c-534d358770b2,IS200t,ad98dde0-9068-47b4-9970-6fc01eff1466
8da2d7de-dbb7-4a16-9e86-8ae639bcd146,IS220d,ad98dde0-9068-47b4-9970-6fc01eff1466
788b211a-66dd-46ef-9a75-e9aa43878271,IS250,ad98dde0-9068-47b4-9970-6fc01eff1466
1c7560ab-bcee-49fc-92ac-09589a7ababf,IS250C,ad98dde0-9068-47b4-9970-6fc01eff1466
13b21a38-bdcc-4025-856e-431fd53f2059,IS300,ad98dde0-9068-47b4-9970-6fc01eff1466
2afe41f5-9df3-4efd-a222-a90d13269c36,IS300h,ad98dde0-9068-47b4-9970-6fc01eff1466
03ae69d0-06c6-4d13-9a9a-4f32c5e72afd,IS350,ad98dde0-9068-47b4-9970-6fc01eff1466
9164d359-b9fc-4265-9f03-253c8a94b722,IS350C,ad98dde0-9068-47b4-9970-6fc01eff1466
b6a94149-cfb2-4599-af67-37ce39122aca,IS500,ad98dde0-9068-47b4-9970-6fc01eff1466
59dbca83-7132-4c5a-ba02-9f2c2f15384b,LBX,ad98dde0-9068-47b4-9970-6fc01eff1466
47ee6b42-3c58-4139-ab7f-cbb71926a869,LC500,ad98dde0-9068-47b4-9970-6fc01eff1466
85c32df6-5cf1-4a3d-83a5-e29ea8dcae89,LC500h,ad98dde0-9068-47b4-9970-6fc01eff1466
6d64a56f-6b14-46d3-bd1d-c30ab15bfd04,LFA,ad98dde0-9068-47b4-9970-6fc01eff1466
1459f099-5cec-4c2b-9ec9-6d92f8fba7b8,LM300h,ad98dde0-9068-47b4-9970-6fc01eff1466
dd4802d4-020b-4a09-984b-37eab6149cf7,LM350,ad98dde0-9068-47b4-9970-6fc01eff1466
a3bb7bb7-4dad-422f-a3d2-3315d4b6467b,LM350h,ad98dde0-9068-47b4-9970-6fc01eff1466
f19d7adc-19ca-46e4-8912-85b85dd72971,LM500h,ad98dde0-9068-47b4-9970-6fc01eff1466
07b714ef-5d21-46c5-acba-71adc47ee507,LS350,ad98dde0-9068-47b4-9970-6fc01eff1466
756dec25-bee0-425d-8bda-1eb03d0faa25,LS460L,ad98dde0-9068-47b4-9970-6fc01eff1466
18e5194f-0e69-480f-8635-2814ebf406c8,LS500,ad98dde0-9068-47b4-9970-6fc01eff1466
c92f6f88-304f-48a2-8baf-9c7c4779d36a,LS500h,ad98dde0-9068-47b4-9970-6fc01eff1466
feb1fda6-2f43-4bd5-b414-23c622d99ed3,LX450,ad98dde0-9068-47b4-9970-6fc01eff1466
d65b798b-f6f9-4c3c-890d-cc53e69c8f8f,LX450d,ad98dde0-9068-47b4-9970-6fc01eff1466
5fd7d1b1-a689-4116-b83a-ef4b1edf2080,LX500d,ad98dde0-9068-47b4-9970-6fc01eff1466
488978f4-0bcd-43bf-b2e3-d9054bc625c0,LX570,ad98dde0-9068-47b4-9970-6fc01eff1466
9d3602ab-9a0e-4949-bd8c-53101bf5f140,LX600,ad98dde0-9068-47b4-9970-6fc01eff1466
4f1cff08-16d5-48ee-9754-acda531642b6,NX200,ad98dde0-9068-47b4-9970-6fc01eff1466
bb2c840e-2a99-4f5e-9d29-9882d25632e1,NX200t,ad98dde0-9068-47b4-9970-6fc01eff1466
a3cfdab6-fe4c-41ba-8087-6362b22653fc,NX250,ad98dde0-9068-47b4-9970-6fc01eff1466
81b30ea7-41cf-4085-a6ed-7cc48667457f,NX300,ad98dde0-9068-47b4-9970-6fc01eff1466
1e3c32fe-4b95-46c8-8657-e68ecd9e6fce,NX300h,ad98dde0-9068-47b4-9970-6fc01eff1466
bfc13b40-f606-4ec7-a3ca-b01c95edf755,NX350,ad98dde0-9068-47b4-9970-6fc01eff1466
68b528b2-4c40-451c-95bd-ae93eb572cac,NX350h,ad98dde0-9068-47b4-9970-6fc01eff1466
5079adad-09e0-4fc3-9178-a87d3c24503c,NX450h+,ad98dde0-9068-47b4-9970-6fc01eff1466
5fd0119d-1df8-417c-9572-a8a60d57f8af,RC200t,ad98dde0-9068-47b4-9970-6fc01eff1466
ce7cc1a4-75b4-4d97-8eed-eb5d65eabd00,RC300,ad98dde0-9068-47b4-9970-6fc01eff1466
9680ae02-d942-4044-913a-9d87d398d353,RC300h,ad98dde0-9068-47b4-9970-6fc01eff1466
354c855d-8929-4e7c-953b-1c8b9f53e9c8,RC350,ad98dde0-9068-47b4-9970-6fc01eff1466
6c0f3b85-bc93-4e6c-91a7-449935507736,RC F,ad98dde0-9068-47b4-9970-6fc01eff1466
ea202389-b166-43c4-a6e3-dbfa785badf8,RX200t,ad98dde0-9068-47b4-9970-6fc01eff1466
673eb6f2-70e2-4345-98d6-317d36829ccc,RX270,ad98dde0-9068-47b4-9970-6fc01eff1466
d1ff7d8f-2f0e-4b19-82df-af382001ca5d,RX300,ad98dde0-9068-47b4-9970-6fc01eff1466
cbc4079f-a857-4ef0-8f7f-855e561d17bc,RX330,ad98dde0-9068-47b4-9970-6fc01eff1466
7907fed0-5b9f-4a55-99b7-4098eae52cfa,RX350,ad98dde0-9068-47b4-9970-6fc01eff1466
eb5b75a9-ecbd-4cca-a5c8-ceba120357dc,RX350h,ad98dde0-9068-47b4-9970-6fc01eff1466
8e878c43-cae6-41c4-b25f-376faa992fd3,RX350L,ad98dde0-9068-47b4-9970-6fc01eff1466
04e65b4a-958b-4085-ae58-679304cf1c0d,RX400h,ad98dde0-9068-47b4-9970-6fc01eff1466
1a41e53b-7c04-4f7c-a69d-cdaeca7f4afe,RX450h,ad98dde0-9068-47b4-9970-6fc01eff1466
375f3b61-1254-4e33-a987-20986661279e,RX450h+,ad98dde0-9068-47b4-9970-6fc01eff1466
e931c6aa-c3cb-44c6-b05c-51706a5ad83f,RX450hL,ad98dde0-9068-47b4-9970-6fc01eff1466
66afa802-773f-42df-842f-72885b9f6089,RX500h,ad98dde0-9068-47b4-9970-6fc01eff1466
d13d24b3-8114-497e-8994-89f0930461a1,RZ300e,ad98dde0-9068-47b4-9970-6fc01eff1466
a1cc1de9-ac31-4afd-a1e3-1b0924ea85d8,RZ450e,ad98dde0-9068-47b4-9970-6fc01eff1466
46065bd8-0863-4dd2-a0e1-8ab38e904ca6,TX350,ad98dde0-9068-47b4-9970-6fc01eff1466
7a10b526-c99d-41e7-a9f8-004d3b26de07,TX500h,ad98dde0-9068-47b4-9970-6fc01eff1466
ed7ac892-4d3c-4ada-b626-b3bda56e66f9,TX550h+,ad98dde0-9068-47b4-9970-6fc01eff1466
2dee3f54-8131-4bcc-8427-62174464b4de,UX200,ad98dde0-9068-47b4-9970-6fc01eff1466
305f0746-f57f-44d8-97bb-58122537b1f1,UX250h,ad98dde0-9068-47b4-9970-6fc01eff1466
3e40764e-8441-4f99-9ad4-13e93ec9d8c6,UX300e,ad98dde0-9068-47b4-9970-6fc01eff1466
2d9f9879-20e3-4495-9af9-377d89affbd2,UX300h,ad98dde0-9068-47b4-9970-6fc01eff1466
dbd969de-bf96-47fe-96bb-dbe1ba73178c,L6,86c1eb98-83dc-47d7-9fa8-99f7bd629317
66af0ca5-7567-4e72-b2b5-056aad4efe7d,L7,86c1eb98-83dc-47d7-9fa8-99f7bd629317
d779ae65-56a5-4cd2-b3a3-916ab195cce3,L8,86c1eb98-83dc-47d7-9fa8-99f7bd629317
9d1e152e-e752-44df-8209-fa8c48b3b1ef,L9,86c1eb98-83dc-47d7-9fa8-99f7bd629317
c6d853b5-513e-46f4-8e0a-64991776bdd3,Mega,86c1eb98-83dc-47d7-9fa8-99f7bd629317
6a334a46-ba7f-46f4-bdc1-bcb8f259cbe7,ONE,86c1eb98-83dc-47d7-9fa8-99f7bd629317
e3d5abcb-9eea-4412-8efa-14c66a36a275,650 EV,198b6f01-9944-4c0d-a022-dd38625c68d6
0323b819-1f8e-4aeb-941d-9e583e8df5f5,Breez,198b6f01-9944-4c0d-a022-dd38625c68d6
f20d8dcf-74b4-4f2a-b592-2e7e1c2501a3,Celliya,198b6f01-9944-4c0d-a022-dd38625c68d6
ec0c8f15-a854-4318-bc10-17af6579962b,Foison,198b6f01-9944-4c0d-a022-dd38625c68d6
bbc115c9-eb45-452f-b4cd-aa3535f85351,Murman,198b6f01-9944-4c0d-a022-dd38625c68d6
79fce270-bc12-4778-8431-9e7a238a4c12,Myway,198b6f01-9944-4c0d-a022-dd38625c68d6
1940d5e8-77e4-4957-8f0a-8d8adddfcf47,Smily,198b6f01-9944-4c0d-a022-dd38625c68d6
cbc0d7ce-7c3b-4e71-8200-e274e12b451b,Solano,198b6f01-9944-4c0d-a022-dd38625c68d6
c35e4e5f-4d0c-400c-aad7-8cfc3ee9a580,X50,198b6f01-9944-4c0d-a022-dd38625c68d6
65bf748a-4671-4ce7-a472-1ab00d2c1d4f,X60,198b6f01-9944-4c0d-a022-dd38625c68d6
eca04b81-5916-4566-af1a-f1485ed44fdb,X70,198b6f01-9944-4c0d-a022-dd38625c68d6
75db1f5f-8184-4d78-8a5c-3d097abc17e5,X80,198b6f01-9944-4c0d-a022-dd38625c68d6
ef46b5b3-a028-4917-b9f8-540428f2e31a,Aviator,986998fd-13a4-4116-a064-781e87abda41
b6ba3142-d82f-4820-ba5f-5eede524555d,Blackwood,986998fd-13a4-4116-a064-781e87abda41
fe845af1-e397-46b6-97bd-f0ed9a55cbf2,Continental,986998fd-13a4-4116-a064-781e87abda41
668abc54-9017-4c13-8451-84b629b40445,Corsair,986998fd-13a4-4116-a064-781e87abda41
b3dac2e9-9167-487b-ad3d-28c45ed2a88e,LS,986998fd-13a4-4116-a064-781e87abda41
f74f386d-8928-43d9-a917-5b2a0d5a0486,Mark LT,986998fd-13a4-4116-a064-781e87abda41
c0e7e80d-b72b-4d2b-bbd2-0677a0f35506,MKC,986998fd-13a4-4116-a064-781e87abda41
2dcab26a-eb79-4160-a1d5-6044f30ee066,MKS,986998fd-13a4-4116-a064-781e87abda41
8a93e2d8-afac-46af-b3c9-e65161f2868e,MKT,986998fd-13a4-4116-a064-781e87abda41
6aefb1a8-5666-4487-ae57-b8e3826e6053,MKX,986998fd-13a4-4116-a064-781e87abda41
1a935611-d333-4413-ac71-253c6b4c8af2,MKZ,986998fd-13a4-4116-a064-781e87abda41
1dd6ca69-7a76-4a18-befc-16c8379dbf5d,Nautilus,986998fd-13a4-4116-a064-781e87abda41
8394418b-799e-45a1-8b20-3f2af1dda4fe,Navigator,986998fd-13a4-4116-a064-781e87abda41
f7dc14a5-08cc-4ae8-9d89-8c77893dff47,Town Car,986998fd-13a4-4116-a064-781e87abda41
7a366719-d4df-427b-bbae-9029b33e348b,Zephyr,986998fd-13a4-4116-a064-781e87abda41
6eb3a15b-e863-42cb-8004-ee251e82de57,7,62a99fdc-8ae3-4475-be0e-80c2c58c5b9a
6729458c-2b64-4a13-85b0-d07f407214f3,9,62a99fdc-8ae3-4475-be0e-80c2c58c5b9a
558ed828-0b96-47bb-90d2-4aba0435f91d,S6 Pro,62a99fdc-8ae3-4475-be0e-80c2c58c5b9a
791e1c39-dd74-4521-a117-46828c85ce19,X3 Pro,62a99fdc-8ae3-4475-be0e-80c2c58c5b9a
9f2dec57-e5a8-4d23-8b62-c26c39499824,X6 Pro,62a99fdc-8ae3-4475-be0e-80c2c58c5b9a
53227e97-f34a-4e64-a484-c32f93b1994f,2-Eleven,ff4aa5be-39ad-4269-9231-becfebcea214
edbf9539-8fd0-4ecd-bfb4-80eee74cf557,Eletre,ff4aa5be-39ad-4269-9231-becfebcea214
9597ad84-54cb-400b-bb6f-7910e26925cd,Elise,ff4aa5be-39ad-4269-9231-becfebcea214
d96aadda-a96c-4bbe-b193-edff4aa1b85a,Evora,ff4aa5be-39ad-4269-9231-becfebcea214
de3abc3b-4ce3-46d2-8f60-23553b4c39a0,Exige,ff4aa5be-39ad-4269-9231-becfebcea214
07bd53dc-3497-492e-8373-3e9c517538a8,7 SUV,ca0aacaf-a397-42b9-9ea5-b225c5a1c331
1a6e0c01-0e7c-4a5b-bc92-bb727577a99e,01,bc84926c-3f08-4f78-b5c2-5e6ad1ebc1c2
d01fb617-66bc-4db8-b970-2911057ca749,02,bc84926c-3f08-4f78-b5c2-5e6ad1ebc1c2
819fc34b-3f26-4006-b95d-f8dc5acfc576,03,bc84926c-3f08-4f78-b5c2-5e6ad1ebc1c2
00bc3695-b306-4ead-b80a-6467dcbfe723,05,bc84926c-3f08-4f78-b5c2-5e6ad1ebc1c2
bc9e77a9-8d3b-4c63-9a01-3b7acf8a69a0,06,bc84926c-3f08-4f78-b5c2-5e6ad1ebc1c2
1aff4ab4-6c7c-44f0-b4ad-a0ff252238b2,08,bc84926c-3f08-4f78-b5c2-5e6ad1ebc1c2
32946833-1afb-49f7-98df-4650464998be,09,bc84926c-3f08-4f78-b5c2-5e6ad1ebc1c2
afeb9fc6-5f88-40a2-bb3b-ae43777bd43d,B1,0defd5ad-0ae0-41c5-aeee-f5426ddd9dbb
c5084c4c-06d3-4e8d-a51f-fd707dc8dfe7,B2,0defd5ad-0ae0-41c5-aeee-f5426ddd9dbb
f7555b10-5ac0-4d6f-8896-9717c19e3037,3200 GT,5c6b7b53-a3ea-4f43-a9bf-4b5f51836509
ec8f0c3a-3fc7-435e-a137-384c5cb4a6ad,Coupe,5c6b7b53-a3ea-4f43-a9bf-4b5f51836509
9fb05482-1fff-463a-8367-d46fbc609fb2,Ghibli,5c6b7b53-a3ea-4f43-a9bf-4b5f51836509
6a6cfd5a-32b2-49ab-bf4a-a33483a178be,GranCabrio,5c6b7b53-a3ea-4f43-a9bf-4b5f51836509
5fb8bfe8-3a21-4b21-aa27-3362ae95d49b,GranSport,5c6b7b53-a3ea-4f43-a9bf-4b5f51836509
8cdf40bf-6190-45b1-a114-e1135e33b5b7,GranTurismo,5c6b7b53-a3ea-4f43-a9bf-4b5f51836509
84711a18-a82e-416f-a477-be525117fa1f,Grecale,5c6b7b53-a3ea-4f43-a9bf-4b5f51836509
f7882166-ee6d-4e0b-bbe5-e29e3a77b3e4,Levante,5c6b7b53-a3ea-4f43-a9bf-4b5f51836509
9c2d5a21-d9cb-4466-9e0e-b8473d663413,MC20,5c6b7b53-a3ea-4f43-a9bf-4b5f51836509
63a0def6-6938-495a-8cab-ae8ad5c4f4fa,Quattroporte,5c6b7b53-a3ea-4f43-a9bf-4b5f51836509
51673822-5659-413e-a21c-83d6fd8c60d0,Spyder,5c6b7b53-a3ea-4f43-a9bf-4b5f51836509
274bc177-49c3-469b-9c5d-eb6e6450ffb2,D60,0c113042-bffa-4f25-9ce7-ba7816d1d60d
24a14d7e-5c6e-45c8-8616-c07a6a1a2987,D90,0c113042-bffa-4f25-9ce7-ba7816d1d60d
8f66aff2-983f-4e6d-ba96-b4b8c41a1c36,D90 Pro,0c113042-bffa-4f25-9ce7-ba7816d1d60d
bc9415e2-18a5-4de4-a157-7c25af28eb56,EG10,0c113042-bffa-4f25-9ce7-ba7816d1d60d
3faa66f4-589d-44dd-a40d-5c12435dd246,EUNIQ 5,0c113042-bffa-4f25-9ce7-ba7816d1d60d
1b927bf9-bf33-4216-8d0d-df8e74c1ef8f,EUNIQ 6,0c113042-bffa-4f25-9ce7-ba7816d1d60d
7a036b8b-af80-4cb4-8c99-ec952c2f1565,G10,0c113042-bffa-4f25-9ce7-ba7816d1d60d
70836b10-1a88-4087-80f0-ed9370588c88,G20,0c113042-bffa-4f25-9ce7-ba7816d1d60d
f5c3baf8-f93c-430c-993a-2dae0936f63c,G20 Plus,0c113042-bffa-4f25-9ce7-ba7816d1d60d
60934bd9-9223-4cf7-9d93-bbe934d12bae,G50,0c113042-bffa-4f25-9ce7-ba7816d1d60d
ca2659d7-54c0-4014-99a2-4ae027adfbea,G50 Plus,0c113042-bffa-4f25-9ce7-ba7816d1d60d
0a89e136-4630-4ad1-8e89-57ede0931d33,G90,0c113042-bffa-4f25-9ce7-ba7816d1d60d
74944c31-56cd-4640-b1b9-45104e4bc9f8,MIFA 5,0c113042-bffa-4f25-9ce7-ba7816d1d60d
f9f61585-f376-41d7-8a46-3fd2dc850108,MIFA 6,0c113042-bffa-4f25-9ce7-ba7816d1d60d
a343c2af-e7c4-468c-8f34-7dc0b251ac79,MIFA 9,0c113042-bffa-4f25-9ce7-ba7816d1d60d
25cbf3ac-8b10-4076-9114-338bad60c4af,Territory,0c113042-bffa-4f25-9ce7-ba7816d1d60d
d8617754-731b-48f1-98b1-7fec14aa5e18,57,f1a19392-55e4-4bf5-8e7e-6017d81b5bfe
91d6dc29-4673-418a-a2a8-c27baa20d8b5,62,f1a19392-55e4-4bf5-8e7e-6017d81b5bfe
1927523b-0aa0-4243-a277-5c73129d423c,323,499621a3-788e-4e1c-b7cd-7014440451aa
c0bb5f93-82d0-4003-bc3e-751fd8be46e5,323C,499621a3-788e-4e1c-b7cd-7014440451aa
0541cb95-9130-4daf-989a-8276bfd2192c,626,499621a3-788e-4e1c-b7cd-7014440451aa
fa34eb25-8961-4774-9e96-b010faec12e6,Atenza,499621a3-788e-4e1c-b7cd-7014440451aa
4c4756fe-6792-4bca-933e-f4c0f329c852,Autozam AZ-1,499621a3-788e-4e1c-b7cd-7014440451aa
43d77eba-b15c-4c7a-af5e-392868d38ee9,Autozam AZ-3,499621a3-788e-4e1c-b7cd-7014440451aa
fcd9b82c-1150-4982-abd4-2fabe6e1c9ba,Autozam Clef,499621a3-788e-4e1c-b7cd-7014440451aa
b588646d-49d4-4aa8-b472-d2dfdb318628,Axela,499621a3-788e-4e1c-b7cd-7014440451aa
96c00aec-4926-4358-921a-bb9e3a8e8c2c,AZ-Offroad,499621a3-788e-4e1c-b7cd-7014440451aa
b625cc4c-9c65-4a89-9381-5dbfd8767656,AZ-Wagon,499621a3-788e-4e1c-b7cd-7014440451aa
47646991-b1c7-4992-bdb8-0388dd43a924,Biante,499621a3-788e-4e1c-b7cd-7014440451aa
0688ed59-249f-4e9f-9d31-aa86b1c984d2,Bongo,499621a3-788e-4e1c-b7cd-7014440451aa
902b450a-7248-4473-8674-5eee3b25518e,Bongo Brawny,499621a3-788e-4e1c-b7cd-7014440451aa
f6cb520f-e060-4979-a93e-deae3f57037e,Bongo Friendee,499621a3-788e-4e1c-b7cd-7014440451aa
3cc4905c-286b-41ad-91a9-90c5ff7beede,B-Series,499621a3-788e-4e1c-b7cd-7014440451aa
97f2d080-74eb-4214-9dfd-369993f7aa34,BT-50,499621a3-788e-4e1c-b7cd-7014440451aa
c32603de-f933-45bd-9be2-0a56f53dc956,Capella,499621a3-788e-4e1c-b7cd-7014440451aa
bed7394a-f374-4d92-acb2-bcb469f236af,Carol,499621a3-788e-4e1c-b7cd-7014440451aa
54858ce1-3246-4907-8391-c09d51503c88,Chantez,499621a3-788e-4e1c-b7cd-7014440451aa
6f682227-a696-4ccb-b1c7-16611d32eea1,Cosmo,499621a3-788e-4e1c-b7cd-7014440451aa
8bf212bb-4ee7-4186-821d-d8207d0113ff,Cronos,499621a3-788e-4e1c-b7cd-7014440451aa
f2507832-badc-4842-a4f7-2b12b965cdc9,CX-3,499621a3-788e-4e1c-b7cd-7014440451aa
fdf44f23-aa4b-4fe1-84a9-4916f6a974ed,CX-30,499621a3-788e-4e1c-b7cd-7014440451aa
40189d9d-aae9-4c43-8500-ba81b5b7171c,CX-4,499621a3-788e-4e1c-b7cd-7014440451aa
ab7d4893-14f0-4e0a-b121-d6de4d554cc3,CX-5,499621a3-788e-4e1c-b7cd-7014440451aa
a5413660-0ebb-45a3-977d-c92f6c949ab8,CX-50,499621a3-788e-4e1c-b7cd-7014440451aa
ccc07530-9c02-44e8-b352-737103a299b9,CX-60,499621a3-788e-4e1c-b7cd-7014440451aa
4193c52d-22d2-4b8a-ae50-ea7f012ab95f,CX-7,499621a3-788e-4e1c-b7cd-7014440451aa
f0433b98-ac6d-4898-aa36-c86aa6e014d9,CX-8,499621a3-788e-4e1c-b7cd-7014440451aa
688bfc3d-9869-4eb5-8260-851bf5c509b9,CX-9,499621a3-788e-4e1c-b7cd-7014440451aa
01c74116-f4ae-4873-b42c-0b1081179e5a,CX-90,499621a3-788e-4e1c-b7cd-7014440451aa
c46dbffb-a3ba-4394-9a8a-ee5dae882904,Demio,499621a3-788e-4e1c-b7cd-7014440451aa
f5f7aaa7-4cc1-4d2d-8d50-eba2adeb059c,Efini MPV,499621a3-788e-4e1c-b7cd-7014440451aa
af97874b-499d-44fd-9a7d-96c04427eb14,Efini MS-6,499621a3-788e-4e1c-b7cd-7014440451aa
2fe1087f-4397-45f6-8a21-1db0eb13bbfb,Efini MS-8,499621a3-788e-4e1c-b7cd-7014440451aa
9b6fcb7a-3dc8-47fa-b8ab-b193fb42ae58,Efini MS-9,499621a3-788e-4e1c-b7cd-7014440451aa
643a1031-972c-44e2-9336-c30599f4e8c7,Efini RX-7,499621a3-788e-4e1c-b7cd-7014440451aa
79f87db8-698c-4647-9b0a-f22f2a8f5289,Etude,499621a3-788e-4e1c-b7cd-7014440451aa
8068cf71-22cc-4fc3-970f-ec0f3f8a2a7e,Eunos 100,499621a3-788e-4e1c-b7cd-7014440451aa
2a5b933f-c3a2-4066-9d97-beb88a28e6c1,Eunos 300,499621a3-788e-4e1c-b7cd-7014440451aa
ce573360-5210-4a83-94d4-24517f2254ee,Eunos 500,499621a3-788e-4e1c-b7cd-7014440451aa
ce5f6052-37f9-4657-b465-f81dd8046253,Eunos 800,499621a3-788e-4e1c-b7cd-7014440451aa
ed955e6c-f74a-4361-8cee-9edd10262278,Eunos Cargo,499621a3-788e-4e1c-b7cd-7014440451aa
4aacd1a1-0cc3-4aff-885b-0cb487826656,Eunos Cosmo,499621a3-788e-4e1c-b7cd-7014440451aa
9f02137d-3f24-4ec4-b2cb-48a1e6e78b27,Eunos Presso,499621a3-788e-4e1c-b7cd-7014440451aa
b013fa08-090b-4a74-866a-5fe58deeab00,Eunos Roadster,499621a3-788e-4e1c-b7cd-7014440451aa
a6c5fb7f-9f6f-46dc-82a4-c0aad2507342,EZ-6,499621a3-788e-4e1c-b7cd-7014440451aa
c6097eca-54d7-42b5-8a51-91a349d0166a,Familia,499621a3-788e-4e1c-b7cd-7014440451aa
07c2a336-d17d-49b3-b97e-18fa6730b95d,Familia S-Wagon,499621a3-788e-4e1c-b7cd-7014440451aa
902ec657-9017-4059-9e2b-89728a6f563e,Flair,499621a3-788e-4e1c-b7cd-7014440451aa
9fa0ad25-c44a-4ba0-8fd9-7e3205fbcb14,Flair Crossover,499621a3-788e-4e1c-b7cd-7014440451aa
7ecc6301-e2e2-40fd-946f-94e186887c9e,Flair Wagon,499621a3-788e-4e1c-b7cd-7014440451aa
861da0ed-a513-42af-a285-82f0e24b0da2,Grand Familia,499621a3-788e-4e1c-b7cd-7014440451aa
726fb576-dd64-47ea-8a4d-de71619a61f8,Lantis,499621a3-788e-4e1c-b7cd-7014440451aa
6cd901be-7013-4f1f-b0f3-6e3f9f5cfb65,Luce,499621a3-788e-4e1c-b7cd-7014440451aa
d06c4c6f-e619-4a02-85aa-762cc58c08e9,Mazda2,499621a3-788e-4e1c-b7cd-7014440451aa
60185d7e-4855-4abc-8056-ad63ceb845c6,Mazda3,499621a3-788e-4e1c-b7cd-7014440451aa
a6210555-9095-415f-a44f-c6c0410b69db,Mazda3 MPS,499621a3-788e-4e1c-b7cd-7014440451aa
ed6e2dd5-5052-43d6-8d56-6214d148b88b,Mazda5,499621a3-788e-4e1c-b7cd-7014440451aa
2287b980-2c2f-4261-bae7-7f8821a91ccc,Mazda6,499621a3-788e-4e1c-b7cd-7014440451aa
7faedf69-6342-4c25-813b-115a207599e2,Mazda6 MPS,499621a3-788e-4e1c-b7cd-7014440451aa
49ebe646-31b5-4d87-8dab-393dc3663dd2,Millenia,499621a3-788e-4e1c-b7cd-7014440451aa
7cb7b126-545f-47a2-9353-1e45c9a6c827,MPV,499621a3-788e-4e1c-b7cd-7014440451aa
ebd5dd66-7820-4b3b-aa4f-68dd9ba0c8ce,MX-30,499621a3-788e-4e1c-b7cd-7014440451aa
3e82a2a7-6d78-437a-889e-d3a2707a1f81,MX-5,499621a3-788e-4e1c-b7cd-7014440451aa
c85e7876-5293-4f8b-a8e6-5485ff8b35b8,MX-6,499621a3-788e-4e1c-b7cd-7014440451aa
8144edd0-f8e6-4b7c-b1a4-fcef82417ddc,Persona,499621a3-788e-4e1c-b7cd-7014440451aa
8c19c725-35d6-4774-b0f9-f54002dc1f90,Premacy,499621a3-788e-4e1c-b7cd-7014440451aa
bfc70e9c-8f27-4e5e-9c88-86901f1c3e70,Proceed,499621a3-788e-4e1c-b7cd-7014440451aa
f6bb32d7-5deb-4228-be81-6439d7e1687c,Proceed Levante,499621a3-788e-4e1c-b7cd-7014440451aa
546aae2e-4e27-493d-8018-91d7758278f6,Proceed Marvie,499621a3-788e-4e1c-b7cd-7014440451aa
53db626e-d26d-40d7-9d43-7e8d6f4f1d90,Revue,499621a3-788e-4e1c-b7cd-7014440451aa
b699e1d3-fd60-4cce-9e64-0347ddfae44f,Roadster,499621a3-788e-4e1c-b7cd-7014440451aa
6cb5c2a3-d0a5-4da6-8104-db0d0554378c,RX-7,499621a3-788e-4e1c-b7cd-7014440451aa
d1550eca-5603-4f22-91f3-138760d5e110,RX-8,499621a3-788e-4e1c-b7cd-7014440451aa
ebb9bfd0-7487-4e71-9f35-0cbbd37a61f8,Savanna,499621a3-788e-4e1c-b7cd-7014440451aa
789e080e-b0f9-44a8-bc8d-48a04ea06d99,Savanna RX-7,499621a3-788e-4e1c-b7cd-7014440451aa
db6b8199-86dc-4452-8b5c-f0adaf7c6179,Scrum,499621a3-788e-4e1c-b7cd-7014440451aa
d311bf10-ce96-4c5e-9dd5-cc9aeb16a51c,Sentia,499621a3-788e-4e1c-b7cd-7014440451aa
efda571e-1223-465c-8bf5-90f940b9c21d,Spiano,499621a3-788e-4e1c-b7cd-7014440451aa
4cb90d03-734e-480c-b99c-3169b85f3da4,Tribute,499621a3-788e-4e1c-b7cd-7014440451aa
6a20803f-e4c2-4c9b-ada6-d507eaf85de5,Verisa,499621a3-788e-4e1c-b7cd-7014440451aa
54b9cd0d-c547-489d-8b6f-a78fba8e1bf9,Xedos 9,499621a3-788e-4e1c-b7cd-7014440451aa
785f4906-9e4d-4332-a91e-8497c01fb7bc,540C,0d0ca80f-924d-4b74-b605-38b472d2e024
275d1a89-219d-466e-88e9-864576064bbd,570GT,0d0ca80f-924d-4b74-b605-38b472d2e024
a2bad91b-15a2-4349-8cc3-7f7b922be518,720S,0d0ca80f-924d-4b74-b605-38b472d2e024
caa4edd9-ca6f-4eaa-afd3-272281f48b85,Artura,0d0ca80f-924d-4b74-b605-38b472d2e024
fa1f9d49-f3cc-4b59-a9fc-c57e4b97e119,P1,0d0ca80f-924d-4b74-b605-38b472d2e024
e20362b0-e0f6-49a7-9843-31866094fe38,190,4fab5119-2185-44ce-84f1-e42c26a59b50
3deb4a9e-6970-4497-bd0b-cf49ef167acf,A-Class,4fab5119-2185-44ce-84f1-e42c26a59b50
b6df9bc3-c106-4639-8044-6496d8bc1c91,AMG GT,4fab5119-2185-44ce-84f1-e42c26a59b50
b4197f5d-d043-4022-a0d2-0ea6d3945cf4,B-Class,4fab5119-2185-44ce-84f1-e42c26a59b50
18cefcce-e841-4424-9ac4-f53a62103717,C-Class,4fab5119-2185-44ce-84f1-e42c26a59b50
b5ec9f4e-3067-4ce4-8c18-5b42ddd77c0b,Citan,4fab5119-2185-44ce-84f1-e42c26a59b50
48fb9558-8bfe-477a-936a-f4bdbd1c213e,CLA-Class,4fab5119-2185-44ce-84f1-e42c26a59b50
4063bd5f-7622-4bae-9816-937bad80ddb1,CLC-Class,4fab5119-2185-44ce-84f1-e42c26a59b50
d48faba9-2524-4e6f-b580-202ef413025c,CL-Class,4fab5119-2185-44ce-84f1-e42c26a59b50
df60771e-f78e-4a13-a1d6-8904826ab32f,CLE-Class,4fab5119-2185-44ce-84f1-e42c26a59b50
919fc9ef-e48d-403d-95be-9629bc58c12f,CLK-Class,4fab5119-2185-44ce-84f1-e42c26a59b50
538a2cb1-4caf-40af-90e6-c3580f159265,CLS-Class,4fab5119-2185-44ce-84f1-e42c26a59b50
0f73c073-bfcd-480c-a2d0-5c580bf62218,E-Class,4fab5119-2185-44ce-84f1-e42c26a59b50
3671265f-d1b1-42fa-b9c6-15c4733ae327,EQA,4fab5119-2185-44ce-84f1-e42c26a59b50
ca64efb3-f3ee-4008-bcda-c9195e74fcea,EQB,4fab5119-2185-44ce-84f1-e42c26a59b50
49e9edb1-1865-4d95-86d4-72457cfd6eff,EQC,4fab5119-2185-44ce-84f1-e42c26a59b50
1cacd806-7dca-4fad-adb3-ad6867b9e691,EQE,4fab5119-2185-44ce-84f1-e42c26a59b50
d254d9bc-2cad-4326-8c5f-89790c07df8d,EQE SUV,4fab5119-2185-44ce-84f1-e42c26a59b50
dccd86d5-e1d0-43a3-92fa-19efae177c50,EQS,4fab5119-2185-44ce-84f1-e42c26a59b50
62962e2b-cf17-4757-b901-7c8b60a80a96,EQS SUV,4fab5119-2185-44ce-84f1-e42c26a59b50
9cade402-24f9-4955-bab3-eebfab1316f2,EQV,4fab5119-2185-44ce-84f1-e42c26a59b50
1ff408d3-e623-4d11-b2f8-b245100c9bc7,G-Class,4fab5119-2185-44ce-84f1-e42c26a59b50
f36b5c67-2ce0-4557-8bfd-08cb272a5662,GLA-Class,4fab5119-2185-44ce-84f1-e42c26a59b50
0385b131-9d1c-4e00-99b1-228b26a452f1,GLB-Class,4fab5119-2185-44ce-84f1-e42c26a59b50
f1ea941f-56a2-4f23-b3ab-69478bb5f004,GLC,4fab5119-2185-44ce-84f1-e42c26a59b50
91141b7c-dc83-4b05-85a9-1e8e07e1289d,GLC Coupe,4fab5119-2185-44ce-84f1-e42c26a59b50
a77234f9-499c-4f9d-a57a-5859e05681b2,GL-Class,4fab5119-2185-44ce-84f1-e42c26a59b50
be2531ff-53cf-4f2c-b8ab-8dee96df8ae5,GLE,4fab5119-2185-44ce-84f1-e42c26a59b50
74c0bebc-a046-4d0e-8dbe-f617f827c34f,GLE Coupe,4fab5119-2185-44ce-84f1-e42c26a59b50
aa68bfc3-8df7-4c8a-b89e-2bc88f855b60,GLK-Class,4fab5119-2185-44ce-84f1-e42c26a59b50
b6a56f9e-a840-409a-9652-6968fd60f6cb,GLS-Class,4fab5119-2185-44ce-84f1-e42c26a59b50
0bca4811-3787-4de8-9ba5-c5bdbdc17844,M-Class,4fab5119-2185-44ce-84f1-e42c26a59b50
d1916039-6413-4ead-b2a7-504776bbafe2,R-Class,4fab5119-2185-44ce-84f1-e42c26a59b50
095f82c5-b0fd-4e19-94db-6909f74f76b4,S-Class,4fab5119-2185-44ce-84f1-e42c26a59b50
d83ee3ee-1021-4c88-a9e1-c6342dfc852f,SLC-Class,4fab5119-2185-44ce-84f1-e42c26a59b50
3dbd530b-d9ff-4fec-a89e-cfecc8eec3ca,SL-Class,4fab5119-2185-44ce-84f1-e42c26a59b50
4c27f9d3-5dbe-4e8d-8105-cfb29872a01f,SLK-Class,4fab5119-2185-44ce-84f1-e42c26a59b50
45b28b01-7247-40c2-8ce6-fc09fe816825,SLR McLaren,4fab5119-2185-44ce-84f1-e42c26a59b50
fe5e9906-2f3f-4e4f-9bec-f0703e1d3de3,SLS AMG,4fab5119-2185-44ce-84f1-e42c26a59b50
edd645e2-ec44-4158-9330-d4c9ab6f8885,Vaneo,4fab5119-2185-44ce-84f1-e42c26a59b50
c986885d-e298-4eb0-bef9-71acca6bba18,V-Class,4fab5119-2185-44ce-84f1-e42c26a59b50
d311acb8-4ed4-4c30-bf23-dc7f8dd50d73,Viano,4fab5119-2185-44ce-84f1-e42c26a59b50
abfc5127-3fea-4086-8eba-459a7cec6df5,Vito,4fab5119-2185-44ce-84f1-e42c26a59b50
7617c8dc-c1e9-42df-b2ad-e1de36a14c08,W108,4fab5119-2185-44ce-84f1-e42c26a59b50
cfdd2985-0a1d-41be-a17e-fb23649d7d92,W111,4fab5119-2185-44ce-84f1-e42c26a59b50
0afa2f4f-8785-44d3-9d29-7b4fce3fe0f2,W114,4fab5119-2185-44ce-84f1-e42c26a59b50
5d42b511-ee32-4532-87aa-3baee69a279d,W115,4fab5119-2185-44ce-84f1-e42c26a59b50
d16c69df-cf9e-4fdd-95be-9c51d9c0b3df,W123,4fab5119-2185-44ce-84f1-e42c26a59b50
a7da266f-d15d-4aa5-a1b6-a7efa08ced46,W128,4fab5119-2185-44ce-84f1-e42c26a59b50
343686f4-dc6d-4955-86b4-8ad0573f1473,W136,4fab5119-2185-44ce-84f1-e42c26a59b50
81275035-6783-4dfc-a1a2-d199ef6c4a7b,W143,4fab5119-2185-44ce-84f1-e42c26a59b50
665f5058-e80b-47e8-b7ad-679584d244d0,W180,4fab5119-2185-44ce-84f1-e42c26a59b50
78420b7b-04ed-43a3-8e02-af250093c8f6,W187,4fab5119-2185-44ce-84f1-e42c26a59b50
8943ab8d-64d8-4baa-9cc4-3404343bf1b1,W189,4fab5119-2185-44ce-84f1-e42c26a59b50
9ad86a62-a797-41b5-8156-3fddfa8dd8d0,X-Class,4fab5119-2185-44ce-84f1-e42c26a59b50
a9848540-a31b-49e4-86fa-bdc0105c8fb0,Cougar,f64a4b37-4d9b-402b-ae1a-d225830afcad
1f310b3f-78eb-4e63-9c74-3816b29a900c,Grand Marquis,f64a4b37-4d9b-402b-ae1a-d225830afcad
7867f475-3664-4c9d-94b1-2c2c12a723e8,Mariner,f64a4b37-4d9b-402b-ae1a-d225830afcad
9695fd51-ea91-4ff2-ae1d-4981606dffd9,Milan,f64a4b37-4d9b-402b-ae1a-d225830afcad
68205eb0-eede-4a11-9914-082b4c7c524d,Montego,f64a4b37-4d9b-402b-ae1a-d225830afcad
80864035-7912-4b75-ad3f-e7218e556e6c,Mountaineer,f64a4b37-4d9b-402b-ae1a-d225830afcad
0c457b7a-0a74-43ba-bbce-6924b4071b95,Sable,f64a4b37-4d9b-402b-ae1a-d225830afcad
8aa93941-e5d9-4cf4-932b-3e6c9da7a7f3,Topaz,f64a4b37-4d9b-402b-ae1a-d225830afcad
770be58e-09eb-4f2b-9e2f-96d7e34ebad7,3,21a00bbb-9777-4a03-8a4e-6767fdd513c8
330b6253-0323-489c-bf85-5c998d5f6af5,5,21a00bbb-9777-4a03-8a4e-6767fdd513c8
f355ea54-dfc5-4241-ac72-542f92bacc0b,5 Scorpio,21a00bbb-9777-4a03-8a4e-6767fdd513c8
7bfa3dc2-e4f4-4fff-92e3-6b472bfdf600,6,21a00bbb-9777-4a03-8a4e-6767fdd513c8
91e31d23-7b58-45e8-9da9-c1e5e4062300,6 Pro,21a00bbb-9777-4a03-8a4e-6767fdd513c8
9f02b78a-ba92-404a-9dc4-ba2b1f0a3ef3,7,21a00bbb-9777-4a03-8a4e-6767fdd513c8
5322785f-6a83-408f-b6bd-e88cc1108766,Cyberster,21a00bbb-9777-4a03-8a4e-6767fdd513c8
6d35ae41-26ff-475a-861d-cb17702ebcc6,EZS,21a00bbb-9777-4a03-8a4e-6767fdd513c8
81d8f70b-dd7e-4c4a-9d90-33e5aee92fef,HS,21a00bbb-9777-4a03-8a4e-6767fdd513c8
cf2415d0-9df8-4121-ad3b-007e52b86b7b,Mulan,21a00bbb-9777-4a03-8a4e-6767fdd513c8
dac9c820-88a4-4bc4-b9c1-375b904e9a59,One,21a00bbb-9777-4a03-8a4e-6767fdd513c8
8b2ff3b9-b3c3-4d44-a81c-0e9322ff2a67,Pilot,21a00bbb-9777-4a03-8a4e-6767fdd513c8
41026a69-9367-4b27-9fba-88d3729f2878,Rui Teng,21a00bbb-9777-4a03-8a4e-6767fdd513c8
23c5482e-bfe8-474d-b22d-db854323bdb5,Sharp,21a00bbb-9777-4a03-8a4e-6767fdd513c8
d5cbb950-42ca-4241-a917-c763394acb91,TF,21a00bbb-9777-4a03-8a4e-6767fdd513c8
0ab0c73e-cc0b-4d7f-981b-b96009c1c57f,ZS,21a00bbb-9777-4a03-8a4e-6767fdd513c8
7af66dea-145a-4fc6-ac41-c11515725841,I,6d92b963-b0a0-4a38-bc89-ac429b833fc1
c901a757-9a1a-4783-ba33-e80a5fa3ad04,Cabrio,b23fcea5-0025-4cd6-9454-ae06fac0a78d
052abb69-4266-43bb-a46d-e07d0144d682,Classic,b23fcea5-0025-4cd6-9454-ae06fac0a78d
85253ba1-f666-4cbf-b122-e44b7ca9fc65,Clubman,b23fcea5-0025-4cd6-9454-ae06fac0a78d
26d07a88-30a2-4ce5-b488-edfd1aa26d8c,Countryman,b23fcea5-0025-4cd6-9454-ae06fac0a78d
cb48b495-e315-463e-9708-b084e6298742,Coupe,b23fcea5-0025-4cd6-9454-ae06fac0a78d
05e5d195-11e5-4cd1-97fd-e40701f61c3b,Crossover,b23fcea5-0025-4cd6-9454-ae06fac0a78d
64b5652a-5942-461c-906f-44ec32e75da9,Hatch,b23fcea5-0025-4cd6-9454-ae06fac0a78d
1e2f2c27-1a52-4a97-885a-bf18fbda6779,Paceman,b23fcea5-0025-4cd6-9454-ae06fac0a78d
f1974ad0-0b37-45b1-a84d-669ef9d2396b,Roadster,b23fcea5-0025-4cd6-9454-ae06fac0a78d
88dd4308-f11c-49d7-9823-ec1648d51889,3000GT,ddb71c19-72e1-4fbe-acd6-33a57339fc73
db0b769d-af36-44e8-90f8-81ed2a11ea4e,Airtrek,ddb71c19-72e1-4fbe-acd6-33a57339fc73
cc1e6368-667d-45e2-b42f-a69b9f1a1f70,Aspire,ddb71c19-72e1-4fbe-acd6-33a57339fc73
e24dd579-6522-4f4a-a192-e2f5c9ef983a,ASX,ddb71c19-72e1-4fbe-acd6-33a57339fc73
80f055b9-d2cc-4233-85fd-cca3b6a961d0,Attrage,ddb71c19-72e1-4fbe-acd6-33a57339fc73
42368072-161c-420d-8338-b3a9779a7ded,Bravo,ddb71c19-72e1-4fbe-acd6-33a57339fc73
063f729d-886e-4f9c-852c-9fcb27270f16,Carisma,ddb71c19-72e1-4fbe-acd6-33a57339fc73
102c4ca7-5d9a-42c8-bf37-97b10eed16f9,Celeste,ddb71c19-72e1-4fbe-acd6-33a57339fc73
94874481-7a64-4acc-bfdc-7e6e484c6dcd,Challenger,ddb71c19-72e1-4fbe-acd6-33a57339fc73
71484dec-6901-4e11-87a0-8093abf5a3de,Chariot,ddb71c19-72e1-4fbe-acd6-33a57339fc73
11b86b55-4ada-4b25-90b3-af80cce151f6,Chariot Grandis,ddb71c19-72e1-4fbe-acd6-33a57339fc73
67106769-402e-4512-9c63-0928abec4da1,Colt,ddb71c19-72e1-4fbe-acd6-33a57339fc73
1c458f9f-b8e2-4eff-97f6-2a46ace75859,Colt Plus,ddb71c19-72e1-4fbe-acd6-33a57339fc73
1524504a-5e9c-4de4-8a6c-d65f2cd171b9,Cordia,ddb71c19-72e1-4fbe-acd6-33a57339fc73
b2afb276-d1bb-4443-9e56-9a66083bfa2c,Debonair,ddb71c19-72e1-4fbe-acd6-33a57339fc73
f26de2df-3a7a-4fdb-8fa8-219fb38c1342,Delica,ddb71c19-72e1-4fbe-acd6-33a57339fc73
f2c8a384-a775-4211-ba32-8dd42ac2d5c8,Delica D:2,ddb71c19-72e1-4fbe-acd6-33a57339fc73
b4c7046e-c4da-43fc-bf05-4f6be1ed0d45,Delica D:3,ddb71c19-72e1-4fbe-acd6-33a57339fc73
70256669-1667-4da9-8e25-d555b0ade4ee,Delica D:5,ddb71c19-72e1-4fbe-acd6-33a57339fc73
c4847d02-63de-4c9a-89a0-bd3ef16c7e15,Delica Mini,ddb71c19-72e1-4fbe-acd6-33a57339fc73
70c815bc-c9fc-4646-8e67-ca6d9fe83212,Diamante,ddb71c19-72e1-4fbe-acd6-33a57339fc73
f34f9f51-317c-43fb-b72e-3776e7dc094d,Dignity,ddb71c19-72e1-4fbe-acd6-33a57339fc73
48695ca1-24ae-4058-ac84-e1c1190770a3,Dion,ddb71c19-72e1-4fbe-acd6-33a57339fc73
a15d7f3f-9511-4567-aea1-f132b43680cd,Eclipse,ddb71c19-72e1-4fbe-acd6-33a57339fc73
72636a9a-53b9-498d-a27e-54659e7064c0,Eclipse Cross,ddb71c19-72e1-4fbe-acd6-33a57339fc73
6d7d1073-a181-461d-973a-8ba8b8a21e09,eK Active,ddb71c19-72e1-4fbe-acd6-33a57339fc73
060b36fc-5ba2-4038-947f-8f6e9afc4f6b,eK classy,ddb71c19-72e1-4fbe-acd6-33a57339fc73
b834da7f-ab8a-4b6d-b72f-835be450b119,eK Space,ddb71c19-72e1-4fbe-acd6-33a57339fc73
057d0234-0c51-4395-aa56-1091aab48055,eK Sport,ddb71c19-72e1-4fbe-acd6-33a57339fc73
01bdff49-9ec7-40a3-8bb6-8bd76d4a3922,eK Wagon,ddb71c19-72e1-4fbe-acd6-33a57339fc73
80cfc833-8f3f-4416-8909-72aee1c4c3aa,eK X,ddb71c19-72e1-4fbe-acd6-33a57339fc73
da231d7d-471b-4fc8-8f43-d83b2f62d75c,Emeraude,ddb71c19-72e1-4fbe-acd6-33a57339fc73
d61138fe-3b78-4530-b15d-65802ce7008d,Endeavor,ddb71c19-72e1-4fbe-acd6-33a57339fc73
8785b754-c03c-424d-8715-04718be399f7,Eterna,ddb71c19-72e1-4fbe-acd6-33a57339fc73
4bbd022a-2095-4db4-b7c7-cf4d0ed32119,Freeca,ddb71c19-72e1-4fbe-acd6-33a57339fc73
d20c244d-8a74-447a-91e6-88536400333c,FTO,ddb71c19-72e1-4fbe-acd6-33a57339fc73
1fff0371-322d-4156-a021-c6352ce2b8d5,Galant,ddb71c19-72e1-4fbe-acd6-33a57339fc73
f1e185f7-c811-49ba-b374-cd5a6480698b,Galant Fortis,ddb71c19-72e1-4fbe-acd6-33a57339fc73
5ffe59e3-24ec-42e3-9f4c-f289abb1cf49,Grandis,ddb71c19-72e1-4fbe-acd6-33a57339fc73
df2a4832-71b3-4b30-8c66-ce5a11f85646,GTO,ddb71c19-72e1-4fbe-acd6-33a57339fc73
70ad3ac5-0590-4c87-a810-00723dee30ce,Jeep,ddb71c19-72e1-4fbe-acd6-33a57339fc73
e3e2ab26-3099-4bc2-afaf-0b348eb78e0f,L200,ddb71c19-72e1-4fbe-acd6-33a57339fc73
66846fa5-67dd-4ad7-a803-4496adb2c96d,Lancer,ddb71c19-72e1-4fbe-acd6-33a57339fc73
745db432-0852-49f5-a4d4-34a7fcae1833,Lancer Cedia,ddb71c19-72e1-4fbe-acd6-33a57339fc73
7c800b86-fe18-4c7d-81e9-898248baaea5,Lancer Evolution,ddb71c19-72e1-4fbe-acd6-33a57339fc73
5533e828-dcee-41ac-be8d-bcefe78a9785,Legnum,ddb71c19-72e1-4fbe-acd6-33a57339fc73
43ea583f-2510-4e5e-8633-1e9756efe3fc,Libero,ddb71c19-72e1-4fbe-acd6-33a57339fc73
00e7290b-e895-4e39-884d-7f5be33a891d,Minica,ddb71c19-72e1-4fbe-acd6-33a57339fc73
43a631de-628b-41cc-84b5-d2f1d7586cf1,Minicab,ddb71c19-72e1-4fbe-acd6-33a57339fc73
8ba9e666-f354-40da-b3b9-0859dca7fe94,Minicab MiEV,ddb71c19-72e1-4fbe-acd6-33a57339fc73
4c58cff0-37c3-4aa2-8214-4e1d515980ea,Minica Toppo,ddb71c19-72e1-4fbe-acd6-33a57339fc73
f683b39c-34ea-4e0e-b9b9-8d3e37edf4dd,Mirage,ddb71c19-72e1-4fbe-acd6-33a57339fc73
07c9e94f-cf1c-44ab-87c0-edc721e66ad1,Mirage Dingo,ddb71c19-72e1-4fbe-acd6-33a57339fc73
1d3bca07-f77d-487a-ae46-c1b6ee33c8c8,Montero,ddb71c19-72e1-4fbe-acd6-33a57339fc73
4894f5ac-c024-4877-b858-718edaee7fba,Montero Sport,ddb71c19-72e1-4fbe-acd6-33a57339fc73
33a8d712-5815-45b9-b51f-11302fc93952,Outlander,ddb71c19-72e1-4fbe-acd6-33a57339fc73
fae8c840-b2f9-42be-bb82-071ccd331069,Outlander Sport,ddb71c19-72e1-4fbe-acd6-33a57339fc73
5a8dcfc4-7ee1-4a2a-b103-2f81a7cda979,Pajero,ddb71c19-72e1-4fbe-acd6-33a57339fc73
fd2c5af7-354e-46fe-9a3e-f3c4c755548b,Pajero iO,ddb71c19-72e1-4fbe-acd6-33a57339fc73
9fb7c7b6-9713-4b34-bb72-429e35698c5d,Pajero Junior,ddb71c19-72e1-4fbe-acd6-33a57339fc73
08603f69-683e-47da-9607-61edc4ae9eca,Pajero Mini,ddb71c19-72e1-4fbe-acd6-33a57339fc73
d95f324c-2808-4965-924e-577ad5c44c91,Pajero Pinin,ddb71c19-72e1-4fbe-acd6-33a57339fc73
91fb0206-21b5-4a77-9438-cc944aa26c9e,Pajero Sport,ddb71c19-72e1-4fbe-acd6-33a57339fc73
1e6d8008-2423-4578-8542-7c18048149b9,Pistachio,ddb71c19-72e1-4fbe-acd6-33a57339fc73
3206ca33-dcf4-4da5-91f9-f6d9add9cd82,Proudia,ddb71c19-72e1-4fbe-acd6-33a57339fc73
e6d3a983-d1bb-4b3b-9f72-e3059b48a623,Raider,ddb71c19-72e1-4fbe-acd6-33a57339fc73
3a427bf6-35ce-4f4c-8ff8-77b6aa0ce65d,RVR,ddb71c19-72e1-4fbe-acd6-33a57339fc73
6cd8ba25-e82c-47c8-9459-8a2c293f1455,Savrin,ddb71c19-72e1-4fbe-acd6-33a57339fc73
088aae78-77a7-4c17-b8cf-19a2194107bd,Sigma,ddb71c19-72e1-4fbe-acd6-33a57339fc73
f27d86d0-5ab5-44e3-a263-203f42708a46,Space Star,ddb71c19-72e1-4fbe-acd6-33a57339fc73
3724fd98-a098-44ac-9f0b-95da1818dbcb,Starion,ddb71c19-72e1-4fbe-acd6-33a57339fc73
c6097405-9c1d-474d-88de-93092005345f,Strada,ddb71c19-72e1-4fbe-acd6-33a57339fc73
e017232f-d322-4774-a160-c417c1a6e625,Toppo BJ,ddb71c19-72e1-4fbe-acd6-33a57339fc73
2fd0c334-66fa-41fa-83bf-6cf034e10765,Toppo BJ Wide,ddb71c19-72e1-4fbe-acd6-33a57339fc73
250ad74f-ddce-4cf8-b80c-23af1cf0c507,Town Box,ddb71c19-72e1-4fbe-acd6-33a57339fc73
8ca22d76-1443-459a-9bfe-52131cbecfe0,Town Box Wide,ddb71c19-72e1-4fbe-acd6-33a57339fc73
c3b18398-30d2-4f87-b413-11a4e09098df,Tredia,ddb71c19-72e1-4fbe-acd6-33a57339fc73
453f5190-7331-4ecb-9ff9-ba2f8fbc62d6,Triton,ddb71c19-72e1-4fbe-acd6-33a57339fc73
19689216-1d4f-4191-877b-5ee90f231415,Xpander,ddb71c19-72e1-4fbe-acd6-33a57339fc73
e1a8e7ad-3559-4a61-aa9e-f24f34a03a58,Xpander Cross,ddb71c19-72e1-4fbe-acd6-33a57339fc73
a1bd7e38-2feb-40c0-9631-f08e6833f83c,Buddy,2cd02ad8-3832-49b8-9af2-6b44c94a4c11
c55810fe-f52c-4297-8dc5-4c0b458e7ae9,Galue,2cd02ad8-3832-49b8-9af2-6b44c94a4c11
98fc4fb6-5f37-4a12-9c6f-749933d97c35,Galue204,2cd02ad8-3832-49b8-9af2-6b44c94a4c11
a6d9b214-ba86-48d0-9825-103630eed60d,Galue Classic,2cd02ad8-3832-49b8-9af2-6b44c94a4c11
4a343b9b-8c4d-48ee-b424-b0a06a9ea267,Himiko,2cd02ad8-3832-49b8-9af2-6b44c94a4c11
75d035e2-1d24-4341-99dc-62b41efba9a9,Le-Seyde,2cd02ad8-3832-49b8-9af2-6b44c94a4c11
3d9b3857-0330-46f1-8555-7d2a73e1456d,Nouera,2cd02ad8-3832-49b8-9af2-6b44c94a4c11
ff73c3f2-f95b-4b18-a278-c9a4445424e8,Rock Star,2cd02ad8-3832-49b8-9af2-6b44c94a4c11
d1cb7416-06eb-4ab9-b125-3a91e638d074,Ryoga,2cd02ad8-3832-49b8-9af2-6b44c94a4c11
ee64bae6-5c83-4168-a446-41ed88afec2f,Ryugi,2cd02ad8-3832-49b8-9af2-6b44c94a4c11
4349949a-c948-42e0-9948-4e7f5fe33792,Viewt,2cd02ad8-3832-49b8-9af2-6b44c94a4c11
80cf8e8b-dc40-417f-82ef-0da9427886e8,Zero 1,2cd02ad8-3832-49b8-9af2-6b44c94a4c11
3c7bf804-ce30-44e8-b9c6-d9901f5aafa0,EC6,f21dc699-e049-4b4c-bba7-ddc309b60d87
f62414c4-7e5b-4163-90f2-c2be77c7cd37,EL7,f21dc699-e049-4b4c-bba7-ddc309b60d87
495cff48-fcd0-427f-bd3c-74894fcb36c0,ES6,f21dc699-e049-4b4c-bba7-ddc309b60d87
c88c0336-38e1-441e-93ce-b7e9ca1c1118,ES7,f21dc699-e049-4b4c-bba7-ddc309b60d87
afa82a86-84b9-4d7c-ab7b-5b7e70c4b149,ES8,f21dc699-e049-4b4c-bba7-ddc309b60d87
63655d74-d450-496b-8869-c2b7674a43f4,ET5,f21dc699-e049-4b4c-bba7-ddc309b60d87
37428952-c309-434c-bffb-c5d1c201dc7c,ET7,f21dc699-e049-4b4c-bba7-ddc309b60d87
71d11e62-88fa-429c-ab45-852216a9cc72,180SX,351932b9-b83b-49c1-a46e-23bd0f2fdee2
451096bf-cacf-4e02-81c4-dddab0b96ddd,200SX,351932b9-b83b-49c1-a46e-23bd0f2fdee2
a131a397-f5cf-4d4b-961a-f9401545aef1,240SX,351932b9-b83b-49c1-a46e-23bd0f2fdee2
62009f4f-0c3e-40f6-8afc-054e8cc4dd7e,350Z,351932b9-b83b-49c1-a46e-23bd0f2fdee2
35b26c6a-3f20-44b3-9e74-d78b097b7bd6,370Z,351932b9-b83b-49c1-a46e-23bd0f2fdee2
f14f28eb-8894-48d6-9dbe-fb75d4fa1261,AD,351932b9-b83b-49c1-a46e-23bd0f2fdee2
4d25fc60-e124-45e1-96ce-dc52eb8bf0e3,Almera,351932b9-b83b-49c1-a46e-23bd0f2fdee2
644d647e-ed79-4a4f-8950-63030048f446,Almera Classic,351932b9-b83b-49c1-a46e-23bd0f2fdee2
73614769-1fa0-4eee-9497-e053eab212e0,Altima,351932b9-b83b-49c1-a46e-23bd0f2fdee2
59f5816c-a04e-4262-b155-9d5718aba1f5,Ariya,351932b9-b83b-49c1-a46e-23bd0f2fdee2
0e7cb300-bd2e-4ce7-931a-11199a2dc750,Armada,351932b9-b83b-49c1-a46e-23bd0f2fdee2
7b8417ee-ae36-46c1-a55a-55f868203f53,Aura,351932b9-b83b-49c1-a46e-23bd0f2fdee2
79a5da00-4cf2-4d05-892e-b352ade5af44,Auster,351932b9-b83b-49c1-a46e-23bd0f2fdee2
e99f7fc6-acc6-4884-a7c5-b4bd09ef3831,Avenir,351932b9-b83b-49c1-a46e-23bd0f2fdee2
766e9743-af59-4f0e-bac0-a96710a3a66a,Avenir Salut,351932b9-b83b-49c1-a46e-23bd0f2fdee2
1e659d3a-2c97-4220-9116-5a1cab9dae9d,Bassara,351932b9-b83b-49c1-a46e-23bd0f2fdee2
6336144c-8b2e-4b67-a927-d18fc829bbf9,BE-1,351932b9-b83b-49c1-a46e-23bd0f2fdee2
122c5ac6-dd34-41d2-b77e-42d82e3265dd,Bluebird,351932b9-b83b-49c1-a46e-23bd0f2fdee2
6a7064c3-c820-4453-9c9e-7042c026d3e4,Bluebird Sylphy,351932b9-b83b-49c1-a46e-23bd0f2fdee2
2cede9dc-a7e0-4f31-9751-6e07c648c521,Caravan,351932b9-b83b-49c1-a46e-23bd0f2fdee2
7a978263-1ebe-4d2f-a0ac-b3b0f9ce00c4,Caravan Elgrand,351932b9-b83b-49c1-a46e-23bd0f2fdee2
7be904d6-003d-49b9-8482-435baa6d4ecc,Cedric,351932b9-b83b-49c1-a46e-23bd0f2fdee2
2fc98764-d407-4e17-98fb-daa75d69d741,Cedric Cima,351932b9-b83b-49c1-a46e-23bd0f2fdee2
6b285c14-fbc8-45b9-9b43-11c5b184df51,Cefiro,351932b9-b83b-49c1-a46e-23bd0f2fdee2
a247deb8-80b9-47bf-ba3b-d1216e077da8,Cima,351932b9-b83b-49c1-a46e-23bd0f2fdee2
36bbd84d-8dfc-4d9b-b381-2d834c39fae4,Clipper,351932b9-b83b-49c1-a46e-23bd0f2fdee2
bb8eea97-8b00-4412-b545-48824ca75aa5,Clipper EV,351932b9-b83b-49c1-a46e-23bd0f2fdee2
851fbe71-9cf2-4a28-94d3-3006108d2275,Crew,351932b9-b83b-49c1-a46e-23bd0f2fdee2
605124d0-0384-45e2-9fe1-b013a72d9077,Cube,351932b9-b83b-49c1-a46e-23bd0f2fdee2
cbac3bbd-5b96-4343-95e7-cfbcbadc7319,Cube Cubic,351932b9-b83b-49c1-a46e-23bd0f2fdee2
c1bd98b4-8671-4e62-a38f-ce2cd445c2a7,Datsun,351932b9-b83b-49c1-a46e-23bd0f2fdee2
ae0a816e-55e3-40f1-952e-d4bd2b570e1a,DAYZ,351932b9-b83b-49c1-a46e-23bd0f2fdee2
8930c752-ddec-4128-85c8-676105c86547,Dualis,351932b9-b83b-49c1-a46e-23bd0f2fdee2
b91feb8c-41d0-4642-a00b-fc745bd21550,Elgrand,351932b9-b83b-49c1-a46e-23bd0f2fdee2
fed0e0dd-faaa-459b-a166-8a275d2223ef,e-NV200,351932b9-b83b-49c1-a46e-23bd0f2fdee2
0139fa29-bf98-4a6e-9292-9a7179bf12ad,Exa,351932b9-b83b-49c1-a46e-23bd0f2fdee2
cfef90e6-e30e-4366-a60c-7857c9162e1a,Expert,351932b9-b83b-49c1-a46e-23bd0f2fdee2
37a6d71f-8395-4f66-b75c-626300c8abde,Fairlady Z,351932b9-b83b-49c1-a46e-23bd0f2fdee2
21f93353-6b8d-4892-b2bf-fc4016c3979e,Figaro,351932b9-b83b-49c1-a46e-23bd0f2fdee2
90a7b0d4-d064-4c52-81ea-07004507394e,Frontier,351932b9-b83b-49c1-a46e-23bd0f2fdee2
819a594e-346e-4e06-9e06-dbcbf5900d14,Fuga,351932b9-b83b-49c1-a46e-23bd0f2fdee2
030e7e2f-7a90-432a-811a-6ce8201c4cab,Gloria,351932b9-b83b-49c1-a46e-23bd0f2fdee2
c53843d3-894c-4be6-b195-809c152e9a74,Gloria Cima,351932b9-b83b-49c1-a46e-23bd0f2fdee2
5f748038-2f03-4d23-93b2-aac6c8990756,GT-R,351932b9-b83b-49c1-a46e-23bd0f2fdee2
d712fee1-5bbb-4b68-88e7-c74d0ebc5d3b,Homy,351932b9-b83b-49c1-a46e-23bd0f2fdee2
d368b806-3577-471a-a1c4-e0744ce91d7e,Homy Elgrand,351932b9-b83b-49c1-a46e-23bd0f2fdee2
426555df-69b7-4c7b-bd87-e29bab8c5d72,Hypermini,351932b9-b83b-49c1-a46e-23bd0f2fdee2
8de57a22-c0b9-498f-a44f-4fbc7e83e606,Juke,351932b9-b83b-49c1-a46e-23bd0f2fdee2
b9e36a50-f010-4c7b-a081-a1c152a3e5bf,Kicks,351932b9-b83b-49c1-a46e-23bd0f2fdee2
e9079986-4ad0-4b03-9379-7438f8382b08,Lafesta,351932b9-b83b-49c1-a46e-23bd0f2fdee2
e4974b44-06f5-4d32-b3ee-950db5260c4c,Langley,351932b9-b83b-49c1-a46e-23bd0f2fdee2
5311b31e-3fc3-4d7c-bc98-fe3fd9061286,Largo,351932b9-b83b-49c1-a46e-23bd0f2fdee2
43ef4d66-615c-46c3-aa4e-e53611b0759b,Laurel,351932b9-b83b-49c1-a46e-23bd0f2fdee2
1e671946-d0a1-4acc-a01b-bd6151e7f0b4,Laurel Spirit,351932b9-b83b-49c1-a46e-23bd0f2fdee2
6003eb82-a2af-43c0-b435-f89f0de8eb0f,Leaf,351932b9-b83b-49c1-a46e-23bd0f2fdee2
717df203-0273-433b-bd06-32ebf0cd1aed,Leopard,351932b9-b83b-49c1-a46e-23bd0f2fdee2
6d5efaf6-a950-4e8a-a1da-e92cd70be8d1,Liberta Villa,351932b9-b83b-49c1-a46e-23bd0f2fdee2
8e8a9377-fdc5-4086-8654-4b421fbbec0c,Liberty,351932b9-b83b-49c1-a46e-23bd0f2fdee2
6fef0094-a933-4536-93e7-0b58e082a680,Lucino,351932b9-b83b-49c1-a46e-23bd0f2fdee2
848c1428-9454-4492-812a-c2bc1ae32630,March,351932b9-b83b-49c1-a46e-23bd0f2fdee2
a401b7ca-578d-4988-ac38-a888c169f45d,March Box,351932b9-b83b-49c1-a46e-23bd0f2fdee2
e797c568-fca1-4d5f-946d-32375aa53e04,Maxima,351932b9-b83b-49c1-a46e-23bd0f2fdee2
715b2f81-1c24-4bf5-8ef1-eba2122f530f,Micra,351932b9-b83b-49c1-a46e-23bd0f2fdee2
8d9169ce-48c5-4626-9939-758b543eb9f2,Micra C+C,351932b9-b83b-49c1-a46e-23bd0f2fdee2
63e66ef2-6420-42df-a7ce-b10db36a78bb,Mistral,351932b9-b83b-49c1-a46e-23bd0f2fdee2
23f02a98-2cff-4961-8fb0-019257973a7a,Moco,351932b9-b83b-49c1-a46e-23bd0f2fdee2
f93ace0f-1374-4e02-8db9-71a2b35de580,Murano,351932b9-b83b-49c1-a46e-23bd0f2fdee2
e73cf273-ca6c-40f2-90d4-d50450c64b91,Navara,351932b9-b83b-49c1-a46e-23bd0f2fdee2
2a327e67-9fd3-4260-891f-22ae53ec7a97,Note,351932b9-b83b-49c1-a46e-23bd0f2fdee2
73e06ee6-c19b-442d-84aa-e155a379bd38,NP300,351932b9-b83b-49c1-a46e-23bd0f2fdee2
be0f36f9-6a67-42e0-8548-d41c213f5fe4,NV100 Clipper,351932b9-b83b-49c1-a46e-23bd0f2fdee2
cefbad0a-57f8-4055-9b33-f46fe8226fbc,NV200,351932b9-b83b-49c1-a46e-23bd0f2fdee2
7c4caaa8-b552-42c7-83b0-26e86e31f974,NV350 Caravan,351932b9-b83b-49c1-a46e-23bd0f2fdee2
180ede43-060b-4a29-aa34-33b73b6e7c0a,NX-Coupe,351932b9-b83b-49c1-a46e-23bd0f2fdee2
cb7cc1fe-398d-4901-a6df-bf83c4d891f4,Otti,351932b9-b83b-49c1-a46e-23bd0f2fdee2
7f530d9b-4a9c-4a74-850b-7fc1234a0927,Pao,351932b9-b83b-49c1-a46e-23bd0f2fdee2
70ac5716-effa-4a78-a548-b4b967ecd921,Pathfinder,351932b9-b83b-49c1-a46e-23bd0f2fdee2
4516b966-cad1-4a1c-b8b3-0047249f0a79,Patrol,351932b9-b83b-49c1-a46e-23bd0f2fdee2
6cc7c46c-8324-4f8b-8e32-f8a7c48340bb,Pickup,351932b9-b83b-49c1-a46e-23bd0f2fdee2
5c3e000e-66dd-4d19-9aeb-c85829c47c83,Pixo,351932b9-b83b-49c1-a46e-23bd0f2fdee2
efe5160b-1723-4ea8-943c-70877d7f456b,Prairie,351932b9-b83b-49c1-a46e-23bd0f2fdee2
9b3f4d02-e9c0-41a2-b288-2425c058c152,Prairie Joy,351932b9-b83b-49c1-a46e-23bd0f2fdee2
1b79efd8-bbe9-4840-b15b-0ece9744684a,Presage,351932b9-b83b-49c1-a46e-23bd0f2fdee2
b838ff17-3161-4035-a98c-62016962c74a,Presea,351932b9-b83b-49c1-a46e-23bd0f2fdee2
85c09070-1971-4837-8f66-a05bcc3c0fcb,President,351932b9-b83b-49c1-a46e-23bd0f2fdee2
ff94fc46-fd5a-4edf-9263-f482172ade9f,Primera,351932b9-b83b-49c1-a46e-23bd0f2fdee2
71b1fa5f-d3c3-41c2-987e-a15a3283e354,Primera Camino,351932b9-b83b-49c1-a46e-23bd0f2fdee2
91f72128-45d9-4134-bd88-0660834a7dd0,Pulsar,351932b9-b83b-49c1-a46e-23bd0f2fdee2
c4f1ec68-b144-40bd-b518-29aa66948c7f,Qashqai,351932b9-b83b-49c1-a46e-23bd0f2fdee2
5514f287-f8be-4065-96dd-fcd978274a96,Qashqai+2,351932b9-b83b-49c1-a46e-23bd0f2fdee2
dc472f20-86c5-45e1-8399-434792098205,Quest,351932b9-b83b-49c1-a46e-23bd0f2fdee2
ff960415-5dc0-496c-8c13-20deb6b342cc,Rasheen,351932b9-b83b-49c1-a46e-23bd0f2fdee2
87d0c7cf-ff47-470b-b833-a6b25e88c4fd,R'nessa,351932b9-b83b-49c1-a46e-23bd0f2fdee2
9ed68c6c-dbf6-4992-a8c0-b011d3c6f498,Rogue,351932b9-b83b-49c1-a46e-23bd0f2fdee2
206a2eda-7e12-41fc-a9ee-871422724362,Rogue Sport,351932b9-b83b-49c1-a46e-23bd0f2fdee2
bcc31b4e-2284-4b3a-b313-72b739a0bbc7,Roox,351932b9-b83b-49c1-a46e-23bd0f2fdee2
7f097cac-f2d2-4b97-ba24-a675db6c2012,Safari,351932b9-b83b-49c1-a46e-23bd0f2fdee2
238a69af-8041-422a-b3db-65ecba7b6d53,Sakura,351932b9-b83b-49c1-a46e-23bd0f2fdee2
246f9397-dddf-40e0-88f3-5c49b79d53ed,S-Cargo,351932b9-b83b-49c1-a46e-23bd0f2fdee2
99cb8cc8-6f7b-4e15-b000-ab0e274f51a4,Sentra,351932b9-b83b-49c1-a46e-23bd0f2fdee2
726cf93c-f55d-4a3a-8b71-7972dd0404d3,Serena,351932b9-b83b-49c1-a46e-23bd0f2fdee2
16c2ab4e-ecb9-474a-81fc-379d8898b84d,Silvia,351932b9-b83b-49c1-a46e-23bd0f2fdee2
e2a5c8bf-6e8f-4a0e-bfd7-962aee62824d,Skyline,351932b9-b83b-49c1-a46e-23bd0f2fdee2
5ae1f738-82fc-4128-ae61-fb28d69e842f,Skyline GT-R,351932b9-b83b-49c1-a46e-23bd0f2fdee2
88d539cd-a20e-4f23-b3b8-15a869a1e8b6,Stagea,351932b9-b83b-49c1-a46e-23bd0f2fdee2
356aa1a9-f3ae-4f84-b7cb-026256f3e037,Stanza,351932b9-b83b-49c1-a46e-23bd0f2fdee2
9f12895a-a498-42ab-a3df-0bb4d59e31c8,Sunny,351932b9-b83b-49c1-a46e-23bd0f2fdee2
ea5b978a-9bd0-41f8-8df6-22402a5c0ddb,Sunny California,351932b9-b83b-49c1-a46e-23bd0f2fdee2
0a0d294f-3560-412a-96fc-0d357bac7ef7,Sunny RZ-1,351932b9-b83b-49c1-a46e-23bd0f2fdee2
23e27802-11c4-4386-9cff-4d673a473a67,Sylphy,351932b9-b83b-49c1-a46e-23bd0f2fdee2
5cb3bd9b-26b2-42e8-99c8-69eec576b210,Teana,351932b9-b83b-49c1-a46e-23bd0f2fdee2
857c89da-70b5-43a8-ae47-7927d16e8ba8,Terra,351932b9-b83b-49c1-a46e-23bd0f2fdee2
be194214-b3a4-4202-b5e7-f3de18408a82,Terrano,351932b9-b83b-49c1-a46e-23bd0f2fdee2
851977ff-be17-4805-a9b4-a380db8c779e,Terrano II,351932b9-b83b-49c1-a46e-23bd0f2fdee2
a69daf7f-2737-44e9-b7da-cf9459015994,Terrano Regulus,351932b9-b83b-49c1-a46e-23bd0f2fdee2
f09fe58d-5858-4257-844c-e67fc1bb2bea,Tiida,351932b9-b83b-49c1-a46e-23bd0f2fdee2
b045a25c-fe2a-4526-a5d5-e1e10f555366,Tiida Latio,351932b9-b83b-49c1-a46e-23bd0f2fdee2
413a7a74-14ce-4746-b1d6-11f3ad40f090,Tino,351932b9-b83b-49c1-a46e-23bd0f2fdee2
2144e57c-fde6-47cf-a4fa-18a3418ecd06,Titan,351932b9-b83b-49c1-a46e-23bd0f2fdee2
52e62915-7812-42e3-a04f-e319bfa3ae8e,Vanette Serena,351932b9-b83b-49c1-a46e-23bd0f2fdee2
86f74d33-6860-4e88-8f03-3df1a811f25f,Versa,351932b9-b83b-49c1-a46e-23bd0f2fdee2
84656558-a378-499b-8663-55b34484b4d0,Violet,351932b9-b83b-49c1-a46e-23bd0f2fdee2
31e66868-a95c-4883-a641-ee3b36ea11f1,Volkswagen Santana,351932b9-b83b-49c1-a46e-23bd0f2fdee2
368c0ff1-94ab-4036-9f53-33f08d501f9e,Wingroad,351932b9-b83b-49c1-a46e-23bd0f2fdee2
edc49e6b-61de-4682-8c16-5ec0a2a2a6fc,Xterra,351932b9-b83b-49c1-a46e-23bd0f2fdee2
fff12093-31ee-4f8b-b2e7-26bbf4be3e4e,X-Trail,351932b9-b83b-49c1-a46e-23bd0f2fdee2
a796cd71-9b97-4c27-a9ec-849ee23b3f4f,Z,351932b9-b83b-49c1-a46e-23bd0f2fdee2
3240d9ca-9ea3-478c-b04f-c872234ca654,Achieva,cde98d7a-de76-49ef-a8ff-09581ac9d816
7f9c9516-156e-422b-a2b2-4c7a979e8e68,Alero,cde98d7a-de76-49ef-a8ff-09581ac9d816
d2659d06-131b-40df-9552-279319e5731b,Aurora,cde98d7a-de76-49ef-a8ff-09581ac9d816
c62f7342-3099-4dfc-89e4-d4ecfc577fcc,Bravada,cde98d7a-de76-49ef-a8ff-09581ac9d816
cbe4a65a-2032-439e-972b-61fd45b00993,C5,c0a6bada-c122-431d-8337-718b80608f4c
6244d4a5-ddce-448d-b9c0-703829f568ed,S5,c0a6bada-c122-431d-8337-718b80608f4c
246d7101-43ec-4ffa-8ab9-333614f986cf,S5 GT,c0a6bada-c122-431d-8337-718b80608f4c
4328fcab-6a2d-4070-9c1c-75505d6240d1,Adam,2ec9d8d4-99e9-44e5-b4b0-0879e2a809ef
d099768f-4cc7-4af5-b65a-b6f6d61b5cb9,Ampera,2ec9d8d4-99e9-44e5-b4b0-0879e2a809ef
e5028cec-6c94-49e1-9bfc-6d2f25eee950,Antara,2ec9d8d4-99e9-44e5-b4b0-0879e2a809ef
b0658961-656d-41aa-8b66-127d428ea439,Astra,2ec9d8d4-99e9-44e5-b4b0-0879e2a809ef
8af6290c-2145-4555-9b61-8dfdeeb102d9,Astra Family,2ec9d8d4-99e9-44e5-b4b0-0879e2a809ef
c9dcbc4d-8c7f-4ec4-a77d-b72f95ce61cd,Astra GTC,2ec9d8d4-99e9-44e5-b4b0-0879e2a809ef
3211ecbf-f834-4dd6-8614-6555d42ac0d4,Calibra,2ec9d8d4-99e9-44e5-b4b0-0879e2a809ef
0d1ff378-73b4-4ac7-ad4e-cb9531d632d6,Cascada,2ec9d8d4-99e9-44e5-b4b0-0879e2a809ef
fef82148-81a7-44ff-bf0e-5ae7abca7d16,Combo,2ec9d8d4-99e9-44e5-b4b0-0879e2a809ef
8fb26b28-c106-4ec1-b56a-0eae13780885,Corsa,2ec9d8d4-99e9-44e5-b4b0-0879e2a809ef
f6ea5c9f-8169-436b-8a51-5e30b893387a,Crossland,2ec9d8d4-99e9-44e5-b4b0-0879e2a809ef
f04f873f-183f-4395-b6b7-af4d3603567a,Frontera,2ec9d8d4-99e9-44e5-b4b0-0879e2a809ef
a22eb660-e2eb-4c10-87eb-8a064885d7ba,Grandland X,2ec9d8d4-99e9-44e5-b4b0-0879e2a809ef
d4def5bd-8651-4259-8f2b-4c0e16e24d85,Insignia,2ec9d8d4-99e9-44e5-b4b0-0879e2a809ef
e6cbc9b9-2856-4603-b611-19207e2ae6d5,Kadett,2ec9d8d4-99e9-44e5-b4b0-0879e2a809ef
1149335f-b3ee-4d97-9240-0b3d3a937850,Meriva,2ec9d8d4-99e9-44e5-b4b0-0879e2a809ef
84c197c3-80ef-4be3-8715-7830de8fe554,Mokka,2ec9d8d4-99e9-44e5-b4b0-0879e2a809ef
fa3abf80-4022-47ec-81f9-a732688f6bff,Monterey,2ec9d8d4-99e9-44e5-b4b0-0879e2a809ef
7fcf8849-59e0-430b-aa4c-3d5c9c16fff0,Omega,2ec9d8d4-99e9-44e5-b4b0-0879e2a809ef
f67adb78-5bd6-4a84-afc1-69b78d1c860c,Signum,2ec9d8d4-99e9-44e5-b4b0-0879e2a809ef
3ffd428d-f1d5-4634-b63a-bde35b66b81e,Tigra,2ec9d8d4-99e9-44e5-b4b0-0879e2a809ef
b5a3b930-e883-4f1c-b2ab-7b92987919a3,Vectra,2ec9d8d4-99e9-44e5-b4b0-0879e2a809ef
2d505af7-fb26-4838-add6-6f3436059746,Vita,2ec9d8d4-99e9-44e5-b4b0-0879e2a809ef
71835483-3645-4f92-b703-713ff19a2304,Vivaro,2ec9d8d4-99e9-44e5-b4b0-0879e2a809ef
830dc948-2b2f-4aae-9494-1c7dfc7867e0,Zafira,2ec9d8d4-99e9-44e5-b4b0-0879e2a809ef
b524fbd8-bf52-41bb-aa84-97b86c51707b,Zafira Life,2ec9d8d4-99e9-44e5-b4b0-0879e2a809ef
313b0952-d638-4744-95a7-99f2f49d4cba,03,ad616891-ae98-474b-961e-4a6387e345e1
f5ba33f5-776e-4426-80e4-ea5a226f1dff,Ballet Cat,ad616891-ae98-474b-961e-4a6387e345e1
8b083a18-8c84-462a-84b5-ef924c0eff88,Black Cat,ad616891-ae98-474b-961e-4a6387e345e1
96267f49-2833-42da-8215-772b15cc4ccc,Good Cat,ad616891-ae98-474b-961e-4a6387e345e1
1b0c130f-6dc1-4f34-8848-6a49cb2cd1ad,Lightning Cat,ad616891-ae98-474b-961e-4a6387e345e1
a4d6090a-a8c7-4a29-afb8-6a8631689494,Mecha Dragon,ad616891-ae98-474b-961e-4a6387e345e1
f054cd7f-6c8e-4ac5-8d06-cf1a75d14ae4,White Cat,ad616891-ae98-474b-961e-4a6387e345e1
44fe75c3-700d-469c-9e73-f85d42fdef4f,COS1,f268cee0-147e-467a-88ce-4e6722056548
cfda22e3-4f3b-4bda-9a4d-5e2776ce68b7,COS1 GT,f268cee0-147e-467a-88ce-4e6722056548
832e3177-1875-4822-b65d-0481f84bb597,COS1 Pro,f268cee0-147e-467a-88ce-4e6722056548
540bbff7-8a02-478b-a18f-9e3b9c8d09c7,COS3,f268cee0-147e-467a-88ce-4e6722056548
2129e911-96de-4446-9c5c-87cd6d0187eb,COS5,f268cee0-147e-467a-88ce-4e6722056548
4c3b4b39-c41a-4c5a-9142-0ba56a9703e9,Cosmos,f268cee0-147e-467a-88ce-4e6722056548
07d620fa-7dc4-4f1c-a61b-b593b4cc61c7,X5,f268cee0-147e-467a-88ce-4e6722056548
96838b4c-8bdf-4cc7-b219-2e4864a11f87,X5 Plus,f268cee0-147e-467a-88ce-4e6722056548
cf04d833-a5ef-424a-9689-8586301ff5bf,X7,f268cee0-147e-467a-88ce-4e6722056548
5c0002a8-7207-4065-9f76-92fdbbc32bf6,X7 Plus,f268cee0-147e-467a-88ce-4e6722056548
40b8d03c-403e-4b06-aa65-739d8ab95aa5,Z6,f268cee0-147e-467a-88ce-4e6722056548
2ea9f3ff-8de2-42fc-b006-c52a8124d958,Paladin,77db59c6-0a2e-4597-b13c-d5ed691567ed
e4b82af6-a087-45b9-a2d6-50dee7376baf,Zonda,df6d4f38-da73-4625-a743-7e42fa6021a8
7f98a27a-c153-47f1-b459-2f9d950f2451,Alza,63e806b1-822e-41a7-9a20-bccfdea6ed42
fc1d9b4b-fb35-4c09-9aeb-fc2138e461e2,Aruz,63e806b1-822e-41a7-9a20-bccfdea6ed42
b30e9b1e-eeae-413b-8fbc-ba5a05cc2be6,Ativa,63e806b1-822e-41a7-9a20-bccfdea6ed42
6a096834-e1b2-4fe1-91ee-294ae14f5e97,Axia,63e806b1-822e-41a7-9a20-bccfdea6ed42
8f6f9074-39a6-4ce0-a713-a8c5f09c9bce,Bezza,63e806b1-822e-41a7-9a20-bccfdea6ed42
a903113a-ed34-47b8-80f6-c9d97fff836f,Myvi,63e806b1-822e-41a7-9a20-bccfdea6ed42
dd8f3d65-35ea-4999-a47d-4dcf14e55b71,1007,6fe944c7-8791-4f32-b96e-94902a5d6209
ed250c25-6b72-47d5-8313-beac57783bfe,106,6fe944c7-8791-4f32-b96e-94902a5d6209
c09d1a4f-83fe-44cc-8e3e-55e13c96967f,107,6fe944c7-8791-4f32-b96e-94902a5d6209
e2d82ba3-f79c-4bf7-816d-d97486fe6611,108,6fe944c7-8791-4f32-b96e-94902a5d6209
e6f4dbb1-d15f-41f0-868e-73db8cafaee8,2008,6fe944c7-8791-4f32-b96e-94902a5d6209
1aa0d3a4-77db-4431-8bd5-894c50de5f58,203,6fe944c7-8791-4f32-b96e-94902a5d6209
afad07b5-a22a-4d38-acf9-87708b4b218a,205,6fe944c7-8791-4f32-b96e-94902a5d6209
84141468-a332-456a-9967-9f0fab4c065e,206,6fe944c7-8791-4f32-b96e-94902a5d6209
f5c13956-1f61-4659-9ef8-3db9f793f68f,207,6fe944c7-8791-4f32-b96e-94902a5d6209
ff375425-fbd1-4662-bf60-cbfb30a4f5b1,207i,6fe944c7-8791-4f32-b96e-94902a5d6209
80d3b346-e545-44c2-8ac1-b9579ce1c91d,208,6fe944c7-8791-4f32-b96e-94902a5d6209
8210288c-36ad-4415-aa74-e0b57119c54e,3008,6fe944c7-8791-4f32-b96e-94902a5d6209
13a19f1c-807e-4edb-886d-ec1dcde60487,301,6fe944c7-8791-4f32-b96e-94902a5d6209
83c55e08-f0e5-4cc7-9ba3-d7d2d15132e7,305,6fe944c7-8791-4f32-b96e-94902a5d6209
dc63a1f0-521e-46b3-b986-b22fabc543e2,306,6fe944c7-8791-4f32-b96e-94902a5d6209
daca988e-949a-468c-a3fc-ea52998463ec,307,6fe944c7-8791-4f32-b96e-94902a5d6209
c411551e-7328-4723-8f48-a7671cb31f28,308,6fe944c7-8791-4f32-b96e-94902a5d6209
267eb312-b5f6-4356-8162-8f3d04ad3ac4,309,6fe944c7-8791-4f32-b96e-94902a5d6209
e760ff8a-b162-4fc8-9198-2b833549a909,4007,6fe944c7-8791-4f32-b96e-94902a5d6209
a91e177d-de8d-4fdf-b250-bc3f9349d6e9,4008,6fe944c7-8791-4f32-b96e-94902a5d6209
4b3d6e30-f94b-47c0-9685-185fa818d70e,405,6fe944c7-8791-4f32-b96e-94902a5d6209
7fa0b5c2-bf62-43a2-8837-2e2a2a0a3150,406,6fe944c7-8791-4f32-b96e-94902a5d6209
21096156-d17d-4fdd-90e9-9de744d4d6d8,407,6fe944c7-8791-4f32-b96e-94902a5d6209
b20d2041-82ed-43aa-9263-d73ef4bc66dc,408,6fe944c7-8791-4f32-b96e-94902a5d6209
f51656d1-e9b6-49a3-90e7-7c970bed8358,5008,6fe944c7-8791-4f32-b96e-94902a5d6209
490b65e5-e9bd-4fb0-8d1f-8508a1eae706,504,6fe944c7-8791-4f32-b96e-94902a5d6209
2563e441-7f99-4ff2-898a-4920889c2204,508,6fe944c7-8791-4f32-b96e-94902a5d6209
a1edec89-525c-4ef2-8132-fd75f614195d,605,6fe944c7-8791-4f32-b96e-94902a5d6209
48746b87-8c9a-4565-ac73-e17dba842f42,607,6fe944c7-8791-4f32-b96e-94902a5d6209
4d1f2f56-4c39-49bc-8fb5-1be1e0721062,806,6fe944c7-8791-4f32-b96e-94902a5d6209
1a8c0474-474f-4fa9-afa7-ed2442227fa7,807,6fe944c7-8791-4f32-b96e-94902a5d6209
f016fabc-317a-46e1-b030-f1daa5a522b3,Bipper,6fe944c7-8791-4f32-b96e-94902a5d6209
32b9acc1-f359-440c-952f-81892c261658,Expert,6fe944c7-8791-4f32-b96e-94902a5d6209
34388735-4490-4aae-818f-2101f775219d,iOn,6fe944c7-8791-4f32-b96e-94902a5d6209
d7e065ec-152f-4e8b-b5e9-08bb9494e1cb,Partner,6fe944c7-8791-4f32-b96e-94902a5d6209
0ad84c9f-8f0e-4a2a-9211-21dc84250b53,Partner Origin,6fe944c7-8791-4f32-b96e-94902a5d6209
8f05541c-4e5d-4819-8737-5523c5d70f30,Partner Tepee,6fe944c7-8791-4f32-b96e-94902a5d6209
78c29087-1741-4781-ab38-d09953708369,RCZ,6fe944c7-8791-4f32-b96e-94902a5d6209
f374030e-8e12-4c26-8492-b2f97a9827cb,Traveller,6fe944c7-8791-4f32-b96e-94902a5d6209
72767a5c-bcb9-4b38-ba96-0ca1d55368bc,Porter,930cd544-f587-4c71-9b72-cfed592098e5
e995a420-480d-4792-84a7-8bdefebcef79,Vespa 400,930cd544-f587-4c71-9b72-cfed592098e5
c119a40b-1908-45ad-b88a-afe3e52d21e9,Breeze,516f97fc-761c-45ce-b916-20cf53634a2a
ad0268ab-8a46-43d3-a45e-d5097fad9b91,Laser,516f97fc-761c-45ce-b916-20cf53634a2a
789cac89-830c-4c0b-affc-6d4527fd5fb1,Neon,516f97fc-761c-45ce-b916-20cf53634a2a
0397b838-112d-4a0b-945c-065e141de960,Prowler,516f97fc-761c-45ce-b916-20cf53634a2a
0101bce8-70ab-4ee3-b90a-a794355f2766,Voyager,516f97fc-761c-45ce-b916-20cf53634a2a
a77efeb7-3660-4693-917d-e810a03e8030,01,5e0c0df8-23ee-4e45-97b3-09b2df487e66
361ed5d1-5a9a-4298-b1da-5e23cd140321,1,438a8f4a-889c-4802-aac4-9a2f8061a7bb
6a387267-4583-4c1f-9ad8-eca7447805b8,2,438a8f4a-889c-4802-aac4-9a2f8061a7bb
c27c7398-e6bc-4516-9f3d-94e7ce193297,3,438a8f4a-889c-4802-aac4-9a2f8061a7bb
9a357602-1422-4fe9-9c27-20d8010aab58,4,438a8f4a-889c-4802-aac4-9a2f8061a7bb
7fd6906d-4cfd-4e66-9fe4-55fb931f68b2,6000,89fe5ade-a281-469b-9568-8a2a21d3c651
9ce3416b-1432-4ff3-8f6d-22cda9512c0f,Aztek,89fe5ade-a281-469b-9568-8a2a21d3c651
7e896a48-8394-44bc-8bdd-555c6a7cbe91,Bonneville,89fe5ade-a281-469b-9568-8a2a21d3c651
d25313ae-c6c4-4623-9309-91e53636dc52,Fiero,89fe5ade-a281-469b-9568-8a2a21d3c651
9a2de3e4-3843-43e3-b12d-49ea2a12b3cf,Firebird,89fe5ade-a281-469b-9568-8a2a21d3c651
71e0cd47-be03-4adf-aa11-7afd582f5ec8,G6,89fe5ade-a281-469b-9568-8a2a21d3c651
4052f880-1d06-4476-82ce-445262a08e09,Grand Am,89fe5ade-a281-469b-9568-8a2a21d3c651
adb15b1b-eb50-477c-885e-d5420cae55ea,Grand Prix,89fe5ade-a281-469b-9568-8a2a21d3c651
dcb3d21a-c02f-4413-b32f-f71cc18190ef,GTO,89fe5ade-a281-469b-9568-8a2a21d3c651
6c1a32be-304d-41b0-a0f6-eef687918242,Lemans,89fe5ade-a281-469b-9568-8a2a21d3c651
838e39df-97d1-4150-96ae-5c764a789267,Montana,89fe5ade-a281-469b-9568-8a2a21d3c651
93e12e7b-daf0-4a88-9e26-fe7ade636863,Solstice,89fe5ade-a281-469b-9568-8a2a21d3c651
a23ac906-3f06-4c5c-b718-001e6afb6c80,Sunbird,89fe5ade-a281-469b-9568-8a2a21d3c651
d711d3bb-4e7a-4ac2-94f1-309dbf72bdc9,Sunfire,89fe5ade-a281-469b-9568-8a2a21d3c651
824b024b-ea51-4e83-8cd3-81133a1e4399,Torrent,89fe5ade-a281-469b-9568-8a2a21d3c651
0f23874b-e52b-41fe-b3b2-74eb0f89ab0b,Trans Sport,89fe5ade-a281-469b-9568-8a2a21d3c651
daea2267-31b4-4373-8a2d-252e2b296457,Vibe,89fe5ade-a281-469b-9568-8a2a21d3c651
f96bf4b9-1cb9-4675-a99f-6b4d927a5d2c,356,b76afe63-40ed-4172-85f7-073a92932b93
e78d3c2f-28e4-47f2-9e8f-29765fdbf327,911,b76afe63-40ed-4172-85f7-073a92932b93
d4f735c3-2c82-44c2-9aff-63d68e331fa6,918,b76afe63-40ed-4172-85f7-073a92932b93
a2497163-65eb-48aa-9716-45eef9ba5f96,924,b76afe63-40ed-4172-85f7-073a92932b93
fa5e7aea-1333-4a2d-b30b-d4726c02b657,928,b76afe63-40ed-4172-85f7-073a92932b93
750e5e3b-3828-4c06-b86a-0e4a9ed26533,944,b76afe63-40ed-4172-85f7-073a92932b93
49d40087-33ea-4df9-a918-c3ca8e688301,968,b76afe63-40ed-4172-85f7-073a92932b93
94431a11-92ab-4794-b86c-327631ea9934,Boxster,b76afe63-40ed-4172-85f7-073a92932b93
3ed2999d-6011-4eba-9893-86486a46e74d,Carrera GT,b76afe63-40ed-4172-85f7-073a92932b93
1ea2ba0b-0114-4137-a975-4bf0952869ae,Cayenne,b76afe63-40ed-4172-85f7-073a92932b93
b6a47a17-8dc4-41cf-a381-386591098709,Cayenne Coupe,b76afe63-40ed-4172-85f7-073a92932b93
fc71e92c-e7dc-4b72-a185-6922169e9259,Cayman,b76afe63-40ed-4172-85f7-073a92932b93
a5b3b2cc-6d3d-46be-b428-9de5fdb35db1,Macan,b76afe63-40ed-4172-85f7-073a92932b93
ce06a22a-1018-411a-b644-6fa71faf2c11,Panamera,b76afe63-40ed-4172-85f7-073a92932b93
981160c9-4776-4777-862a-5d53fdcce8d9,Taycan,b76afe63-40ed-4172-85f7-073a92932b93
670dcb2d-61ef-409f-96e7-fe030f8ee968,Taga,21988f0b-c0d7-4e9b-8d2b-0d2831381627
daf267d4-dcc6-4692-95b1-3c06e634267b,Taga H,21988f0b-c0d7-4e9b-8d2b-0d2831381627
431761a6-cd21-462c-a345-972674984eba,1500,8a9dd258-9b0a-4ae4-8312-65e737b6557a
2c54d643-d723-4a9e-a6a9-02d9e8c22ae2,2500,8a9dd258-9b0a-4ae4-8312-65e737b6557a
781a946e-bbb6-47ec-8ffa-65898829ce1d,3500,8a9dd258-9b0a-4ae4-8312-65e737b6557a
aec48bdd-2d04-4fa7-9254-651d697f9974,Gentra,4c61fd74-74cd-441a-9220-0280dc0aa877
1b91329b-7c18-4417-8b19-8ceb00894ba2,Matiz,4c61fd74-74cd-441a-9220-0280dc0aa877
390f116f-877b-4640-8762-a2055bdabd6b,Nexia R3,4c61fd74-74cd-441a-9220-0280dc0aa877
a0154d19-67d7-4933-920f-ff743d6e5d86,R2,4c61fd74-74cd-441a-9220-0280dc0aa877
4a7f854f-00a6-4293-805c-dee8fea5ce4e,R4,4c61fd74-74cd-441a-9220-0280dc0aa877
e7d2e948-4933-487f-8b23-d45116b2ad35,11,9b6c504f-084c-4868-ad72-c22ce8f73a35
0745c74b-54c5-48f5-91ca-281ca1047fd7,19,9b6c504f-084c-4868-ad72-c22ce8f73a35
efab98ee-eb60-4b70-a8a5-8815fa02f518,21,9b6c504f-084c-4868-ad72-c22ce8f73a35
019aa100-50b4-4861-847f-9ddf7ee87656,25,9b6c504f-084c-4868-ad72-c22ce8f73a35
3ae1252a-5dce-4dc4-8edc-aabf20355a44,Arkana,9b6c504f-084c-4868-ad72-c22ce8f73a35
261ea01c-680e-4724-a2ed-8d932c387400,Austral,9b6c504f-084c-4868-ad72-c22ce8f73a35
88908570-e255-4342-b351-76ab25bf0ca5,Avantime,9b6c504f-084c-4868-ad72-c22ce8f73a35
657efcb4-466f-444d-abd6-ba6ac844838b,Clio,9b6c504f-084c-4868-ad72-c22ce8f73a35
3e743a0f-eec9-45f4-b3b2-b85ad5869ff6,Dokker,9b6c504f-084c-4868-ad72-c22ce8f73a35
97c26b65-b8d5-4a5f-bb43-8b39933b2183,Dokker Stepway,9b6c504f-084c-4868-ad72-c22ce8f73a35
e11667c8-8c87-45b3-bad0-b434b820ffbe,Duster,9b6c504f-084c-4868-ad72-c22ce8f73a35
1362b86c-052b-45fc-b7e7-cd5598f59342,Espace,9b6c504f-084c-4868-ad72-c22ce8f73a35
ad7d3923-9527-4450-b320-192e9d0624d8,Estafette,9b6c504f-084c-4868-ad72-c22ce8f73a35
bea4313a-8dbd-425c-939d-8cfe8c3166c5,Express,9b6c504f-084c-4868-ad72-c22ce8f73a35
e5085578-413a-42e8-bc9d-83aa54dbabfa,Fluence,9b6c504f-084c-4868-ad72-c22ce8f73a35
df3c21fb-6f15-4979-97c7-b72c6302b54d,Fluence Z.E.,9b6c504f-084c-4868-ad72-c22ce8f73a35
a1a28d4e-8b9d-4485-bf4e-b4477a5c59f1,Grand Scenic,9b6c504f-084c-4868-ad72-c22ce8f73a35
8f9bbd2b-cdea-4932-9b92-284a4ba96154,Kadjar,9b6c504f-084c-4868-ad72-c22ce8f73a35
4a906dac-7899-4557-9eb9-b952c017fceb,Kangoo,9b6c504f-084c-4868-ad72-c22ce8f73a35
51205dd1-98b2-4059-8708-de07e321a258,Kangoo Z.E.,9b6c504f-084c-4868-ad72-c22ce8f73a35
0ebea004-4af4-44f4-a8f0-356ff1422d81,Kaptur,9b6c504f-084c-4868-ad72-c22ce8f73a35
16658644-7c5a-412e-8802-d500f61cc07b,Koleos,9b6c504f-084c-4868-ad72-c22ce8f73a35
13943a60-c084-4921-9598-35e9a2854765,KWID,9b6c504f-084c-4868-ad72-c22ce8f73a35
de96cb12-bcfb-4d82-8fdf-96fa2e92557a,Laguna,9b6c504f-084c-4868-ad72-c22ce8f73a35
0a22d28b-05b7-4173-a257-60106183b1e5,Latitude,9b6c504f-084c-4868-ad72-c22ce8f73a35
8d96e9ca-8cd1-439a-a5d4-8c3b30fde2c6,Lodgy,9b6c504f-084c-4868-ad72-c22ce8f73a35
1ef7fc7c-4aba-46e0-82db-3f93c50e012c,Logan,9b6c504f-084c-4868-ad72-c22ce8f73a35
2417d38c-77a2-4337-989d-c8ce6009af01,Logan Stepway,9b6c504f-084c-4868-ad72-c22ce8f73a35
e31e38e3-54dc-446d-bbae-352b054b99c1,Lutecia,9b6c504f-084c-4868-ad72-c22ce8f73a35
e9bb89f2-9e3c-4df9-9a31-2d57410dbcff,Megane,9b6c504f-084c-4868-ad72-c22ce8f73a35
5daea99b-d7fd-4388-8599-a74a9c83f599,Modus,9b6c504f-084c-4868-ad72-c22ce8f73a35
4789577d-6add-47a5-aa91-bc0b4ca0632a,R5,9b6c504f-084c-4868-ad72-c22ce8f73a35
2f54ffcf-ef9f-4850-84b5-920e4896ac3f,R9,9b6c504f-084c-4868-ad72-c22ce8f73a35
a14d84d7-9492-4ad9-9831-3563b61f68b5,Safrane,9b6c504f-084c-4868-ad72-c22ce8f73a35
01dfc294-1aaf-4c3f-9309-5151ef2cd380,Sandero,9b6c504f-084c-4868-ad72-c22ce8f73a35
6d1eba2d-c90f-436c-a8fd-cf21b144355b,Sandero Stepway,9b6c504f-084c-4868-ad72-c22ce8f73a35
1e8f49d7-2b47-41b5-bced-e7beb99f49b0,Scenic,9b6c504f-084c-4868-ad72-c22ce8f73a35
fbb70a79-9caa-497c-bc2c-fc2569a0d9ef,Scenic RX4,9b6c504f-084c-4868-ad72-c22ce8f73a35
7666b9b4-4021-48c0-b9cc-f6c4b87900b5,Sport Spider,9b6c504f-084c-4868-ad72-c22ce8f73a35
686fd50b-cfdf-448b-b3f4-21587eceb220,Symbol,9b6c504f-084c-4868-ad72-c22ce8f73a35
f7457993-3005-4574-bbfd-50cce412c264,Talisman,9b6c504f-084c-4868-ad72-c22ce8f73a35
77cbe5fb-8164-46c0-9678-35ca710f1a51,Trafic,9b6c504f-084c-4868-ad72-c22ce8f73a35
40397eb1-4dc7-44c9-8570-daa03a4a7f1d,Twingo,9b6c504f-084c-4868-ad72-c22ce8f73a35
6b90d01b-8136-413f-8a61-2427e6d2e279,Twizy,9b6c504f-084c-4868-ad72-c22ce8f73a35
7b9a44e7-ba4c-4d71-b5b8-bf9ffd73e463,Vel Satis,9b6c504f-084c-4868-ad72-c22ce8f73a35
6848f913-529b-4e71-bff1-e71fb7ad9293,Wind,9b6c504f-084c-4868-ad72-c22ce8f73a35
f671d0c9-2678-420f-8874-9a85b499e153,ZOE,9b6c504f-084c-4868-ad72-c22ce8f73a35
0ee1e3a4-0987-4942-b69a-2264cda8d022,QM3,e5a5924a-d665-47c6-9f32-9c0d750fb1e8
7bf5e3ed-989a-4474-a2be-691aa1eb42db,SM3 Z.E.,e5a5924a-d665-47c6-9f32-9c0d750fb1e8
fe5e9bfd-55ba-4cd9-b310-c48b66d3d56a,Nevera,9a3c8569-2072-4051-967f-0fd399a89dc7
c024c04b-7cbd-41e0-8396-ee6b77f77ca3,ER6,eeb569e7-2cbf-473a-8deb-b66ddf82b4ed
4642944b-a715-4b2c-a008-ba55eabf019f,F7,eeb569e7-2cbf-473a-8deb-b66ddf82b4ed
b1a287f1-cc63-4f87-b84f-3f5933d19d5e,Marvel R,eeb569e7-2cbf-473a-8deb-b66ddf82b4ed
646e622a-f860-4eb6-abfc-37b318d15268,R7,eeb569e7-2cbf-473a-8deb-b66ddf82b4ed
b466d4be-b69a-4b13-9b3d-12c074a7a2df,R1T,28972ee4-d5b4-4a73-83e9-9e4d797fe4ec
a9f0dbed-ce02-4cc9-aa10-145add85bdbf,950,e2bc4a80-9644-44d8-8586-75d26a2338cf
b70d0114-e3b3-43c2-829f-bea9674ab51e,Clever,e2bc4a80-9644-44d8-8586-75d26a2338cf
375934de-6646-406d-a9be-eba551019882,D7,e2bc4a80-9644-44d8-8586-75d26a2338cf
9d014053-724c-45fb-a38b-4a6cb0f4c064,E50,e2bc4a80-9644-44d8-8586-75d26a2338cf
f3e130e2-b06b-495b-a413-eee8e88e690c,e950,e2bc4a80-9644-44d8-8586-75d26a2338cf
d2dd1d27-de82-451b-b040-2adef3782d34,ei5,e2bc4a80-9644-44d8-8586-75d26a2338cf
0a955242-e0e2-4119-a187-73b4e02649a3,ei6,e2bc4a80-9644-44d8-8586-75d26a2338cf
1d8e94b2-beae-4ff1-921a-1b386ab720c4,i5,e2bc4a80-9644-44d8-8586-75d26a2338cf
e15def5e-996b-42ba-8511-b78289a79340,i6,e2bc4a80-9644-44d8-8586-75d26a2338cf
4b3157f1-1a57-4d9d-8dad-8a0e748a8f04,i6 Max,e2bc4a80-9644-44d8-8586-75d26a2338cf
fa24dc60-2574-4cc3-8cfb-0d8e69f15130,i6 Plus,e2bc4a80-9644-44d8-8586-75d26a2338cf
54abf29f-212d-4eb4-9b85-fd6fed059d15,iMAX8,e2bc4a80-9644-44d8-8586-75d26a2338cf
8a2fca72-4ea0-4197-b8fb-eb0ba946ecc4,Marvel X,e2bc4a80-9644-44d8-8586-75d26a2338cf
21691c38-e852-4986-afc0-184f371d75c1,RX3,e2bc4a80-9644-44d8-8586-75d26a2338cf
8679307e-3284-41c8-8920-fc7b3815ff55,RX3 Pro,e2bc4a80-9644-44d8-8586-75d26a2338cf
e0935239-5357-4db6-bef7-f136e0231300,RX5,e2bc4a80-9644-44d8-8586-75d26a2338cf
17292adc-8899-44b0-b209-4b3f1bee705c,RX5 Max,e2bc4a80-9644-44d8-8586-75d26a2338cf
46b81f1e-c94f-4ba3-8cfb-1132ac8f9dff,RX5 Plus,e2bc4a80-9644-44d8-8586-75d26a2338cf
7240b06e-de59-4775-8a73-52adc3f56067,RX8,e2bc4a80-9644-44d8-8586-75d26a2338cf
6a063c8b-7b47-4ffd-9da6-52190f683c0d,RX9,e2bc4a80-9644-44d8-8586-75d26a2338cf
68515439-0760-4df9-81c9-c9f1f9d5ad5b,20/25,d5bd8476-8de4-4973-8a5d-3e150f1bd288
53b61cc6-c32d-494e-af2f-c84f2dc375d8,Corniche,d5bd8476-8de4-4973-8a5d-3e150f1bd288
15d409b4-29cc-4276-8d7b-4db052ed9720,Cullinan,d5bd8476-8de4-4973-8a5d-3e150f1bd288
a7590f99-3020-4fe7-acbf-6b7d6fa9ed77,Dawn,d5bd8476-8de4-4973-8a5d-3e150f1bd288
cf2516df-0c64-49e2-8550-0c7ea0449f80,Ghost,d5bd8476-8de4-4973-8a5d-3e150f1bd288
b9419019-5c55-4e45-8e91-77ce818ac367,Park Ward,d5bd8476-8de4-4973-8a5d-3e150f1bd288
3983ebfa-d53c-431e-a4a3-09bbef2361ee,Phantom,d5bd8476-8de4-4973-8a5d-3e150f1bd288
808661d6-5eb7-4690-a239-06858badf4e6,Silver Cloud,d5bd8476-8de4-4973-8a5d-3e150f1bd288
749238e1-e8a3-437e-8b6f-72d9c0648dba,Silver Seraph,d5bd8476-8de4-4973-8a5d-3e150f1bd288
3ee712f3-1ea5-4d71-94ba-456b6bcbc4e1,Silver Spirit,d5bd8476-8de4-4973-8a5d-3e150f1bd288
e2ce764b-7a37-4b04-9d73-684050612b2f,Silver Spur,d5bd8476-8de4-4973-8a5d-3e150f1bd288
663ae564-8b03-412d-ab04-28150d28c5ef,Spectre,d5bd8476-8de4-4973-8a5d-3e150f1bd288
93e1088b-7471-4414-b106-15c581a1899b,Wraith,d5bd8476-8de4-4973-8a5d-3e150f1bd288
7c9b66d7-b47b-46fe-9e4b-078ee71c587b,200,3d11c501-6954-4223-9103-4762cb1b5ada
fd5ef3cf-a6ac-46b8-bf0b-39654f7437e3,25,3d11c501-6954-4223-9103-4762cb1b5ada
9549d1af-019b-4a2a-ba50-b5e3a7e00af9,400,3d11c501-6954-4223-9103-4762cb1b5ada
68550d2d-8e4a-4c91-8920-c530bceb605f,45,3d11c501-6954-4223-9103-4762cb1b5ada
e6f537c3-930e-448e-af2d-3d6a92f03ac4,600,3d11c501-6954-4223-9103-4762cb1b5ada
54124be9-bc6a-4952-9908-c8d959c921f7,75,3d11c501-6954-4223-9103-4762cb1b5ada
318d1581-99d1-44a6-a584-544339848664,800,3d11c501-6954-4223-9103-4762cb1b5ada
ed70d5ed-1dda-4879-84fd-f4a33d06da7c,Streetwise,3d11c501-6954-4223-9103-4762cb1b5ada
5daa2d6d-f278-44bd-bed7-0c6ae47abcbd,9-3,5d35fdf6-d3b8-4c4c-8722-dd7fbb689a80
467ada02-77ab-4d98-a160-200b3bac2d9b,9-5,5d35fdf6-d3b8-4c4c-8722-dd7fbb689a80
547a1056-9c25-445a-8b13-a4846a2f9155,Saina,c446bbc3-29a0-4264-a05f-5b58359ebaee
1f290444-e006-4fc2-86d9-464c63d14632,Shahin,c446bbc3-29a0-4264-a05f-5b58359ebaee
84b13648-08db-42f4-83f3-1c45daffb866,Tiba,c446bbc3-29a0-4264-a05f-5b58359ebaee
4a44cffd-36af-4cc6-acc9-bc9ce197ba24,EV Light Truck,3f35acec-8e6a-461c-830c-3ffdf32bc885
d4a061f8-fa8d-4eb8-95cb-e80d9dad4862,Semi-trailer Tractor,3f35acec-8e6a-461c-830c-3ffdf32bc885
4da89499-8632-4e84-b285-2a1943fb2d0e,SKT Series,3f35acec-8e6a-461c-830c-3ffdf32bc885
126b01a6-038d-4250-a5db-12ac5151ce32,Astra,d7054898-5c06-4fd6-b416-014f438927b8
9e9ced13-796f-4533-8730-af982d3957b8,Aura,d7054898-5c06-4fd6-b416-014f438927b8
debe69cc-7dc1-47d5-b7e2-8c2b64961ad3,Ion,d7054898-5c06-4fd6-b416-014f438927b8
dc90c965-5712-4daf-938a-ef22d77dbc7a,L-Series,d7054898-5c06-4fd6-b416-014f438927b8
733b3ce8-6a01-4e4a-bd13-ebf8103b88e4,Outlook,d7054898-5c06-4fd6-b416-014f438927b8
4dbcd211-abfd-4fb0-9fbf-6f60990acb96,Relay,d7054898-5c06-4fd6-b416-014f438927b8
9691b1d9-61b7-47c0-bba3-80dacdc92570,Sky,d7054898-5c06-4fd6-b416-014f438927b8
691ff827-675c-4a0c-8fed-e4730d4df808,S-Series,d7054898-5c06-4fd6-b416-014f438927b8
968c891c-7444-42aa-863a-3cc1182adf50,Vue,d7054898-5c06-4fd6-b416-014f438927b8
4518b135-0849-4cc2-984d-40b490a7f818,xB,468759b5-ebdc-462a-9c73-5833318ff0ba
6a9a3030-bffa-4c78-9887-7a8c2b71cd41,xD,468759b5-ebdc-462a-9c73-5833318ff0ba
847564b7-887b-4e02-a9da-caea0436bd66,Alhambra,d013ef72-d166-422a-a7a6-4112f895a635
2276ffa5-ac4a-4715-b915-e72fb6cef3f4,Altea,d013ef72-d166-422a-a7a6-4112f895a635
76a73e75-0a8a-4df5-810b-85415ede5841,Cordoba,d013ef72-d166-422a-a7a6-4112f895a635
10a5ad61-20f7-435a-bd25-68404576907d,Ibiza,d013ef72-d166-422a-a7a6-4112f895a635
8898e075-37f0-47d1-90db-ba299cf0edf0,Inca,d013ef72-d166-422a-a7a6-4112f895a635
a16eb13e-600c-4388-8363-9dd7d1f50bc9,Leon,d013ef72-d166-422a-a7a6-4112f895a635
02c14cd6-9b25-4946-8099-d5097b0b5175,Tarraco,d013ef72-d166-422a-a7a6-4112f895a635
9c241864-fc8c-42d9-813e-4061cd89cf99,Terra,d013ef72-d166-422a-a7a6-4112f895a635
034b6745-ef80-4b29-bc96-c987c99a18ee,SF5,0f2cf4c8-3e9d-409b-8b70-adafda71e936
2e6c8f7a-2616-497d-8b33-d0ade9cf0d1e,X30,092d2cfa-119d-4de5-8b2d-f3fa44ddd225
cfaec4f3-2f5f-49bd-8820-aa8716db665f,Sceo,6c280274-e22b-4de4-8f5c-bf5e9e72b600
6456777a-fcd9-4823-8ee8-753364bd42c3,100,af1096fa-1363-4626-8ea7-eac53fc62d23
a98bda72-bc4e-40b7-9484-ef0a97eb3f6f,Citigo,af1096fa-1363-4626-8ea7-eac53fc62d23
6944bbee-1bb3-4dbe-81f1-b31304e4cef2,Enyaq iV,af1096fa-1363-4626-8ea7-eac53fc62d23
239d86ff-3a24-4b8b-9cf9-8d984d7ac1db,Fabia,af1096fa-1363-4626-8ea7-eac53fc62d23
a2ae694d-d9c5-4877-9a2e-bd06c2843ce0,Favorit,af1096fa-1363-4626-8ea7-eac53fc62d23
fd67f3bf-62b3-4770-a1b2-64e1ca59e74f,Felicia,af1096fa-1363-4626-8ea7-eac53fc62d23
c4ab22e6-1f7e-4e9e-8f61-4833aae16f21,Forman,af1096fa-1363-4626-8ea7-eac53fc62d23
5753f83c-c550-46dd-aed6-0b7ac55be1f5,Kamiq,af1096fa-1363-4626-8ea7-eac53fc62d23
2d4d443f-7563-409c-a38d-2c8f10ed004c,Karoq,af1096fa-1363-4626-8ea7-eac53fc62d23
30ee8468-cf2d-4132-9a39-aaa023558018,Kodiaq,af1096fa-1363-4626-8ea7-eac53fc62d23
55e89fd2-2511-4f3e-9118-c0da97d6a177,Kodiaq GT,af1096fa-1363-4626-8ea7-eac53fc62d23
f60596e7-7087-48d1-b456-c86210edd97d,Octavia,af1096fa-1363-4626-8ea7-eac53fc62d23
77af7464-abe9-4904-9f10-cba52358cdce,Rapid,af1096fa-1363-4626-8ea7-eac53fc62d23
63da6c1a-8969-40ff-9ec3-8cedaf2cabda,Roomster,af1096fa-1363-4626-8ea7-eac53fc62d23
babd453e-6c25-47f9-9ae0-3426fe2f8b3d,Scala,af1096fa-1363-4626-8ea7-eac53fc62d23
6201f757-7894-4928-91b3-c45e9047b795,Superb,af1096fa-1363-4626-8ea7-eac53fc62d23
7efb77c3-e9b0-47bd-b107-5c331c0d6c50,Yeti,af1096fa-1363-4626-8ea7-eac53fc62d23
62c34f35-ec18-42c7-8059-56eef91d1626,ET5,d0c724b4-b5d9-42eb-9609-16d0edc6db05
2b8aa54f-919e-467d-ab31-57fbf226bed8,HT-i,d0c724b4-b5d9-42eb-9609-16d0edc6db05
ec2023c3-0d3c-4859-a0ce-7952b500a46c,#1,60c43a31-ade8-44ec-aa22-38b0c9eef1bd
7c000637-76b6-4449-a44b-4dfc97af6902,#3,60c43a31-ade8-44ec-aa22-38b0c9eef1bd
0d092976-105d-4dfb-94d8-655dc0985ee7,City,60c43a31-ade8-44ec-aa22-38b0c9eef1bd
dd83251b-f9da-40f9-8a03-8999015e0e44,Crossblade,60c43a31-ade8-44ec-aa22-38b0c9eef1bd
e5674fe3-786b-49ad-a2da-3a71d8c5545e,Forfour,60c43a31-ade8-44ec-aa22-38b0c9eef1bd
e862a8c8-fb19-4798-9777-feeaf5fadaab,Fortwo,60c43a31-ade8-44ec-aa22-38b0c9eef1bd
25879202-be56-4b1e-9a96-583b9075c357,Roadster,60c43a31-ade8-44ec-aa22-38b0c9eef1bd
37f4b3c3-8bc0-4724-973c-50d7e9468239,HC,a37270fd-bb76-429d-a146-7b9b5099608d
24255c0d-69aa-4422-b35c-e9b829330fc8,HS,a37270fd-bb76-429d-a146-7b9b5099608d
92fad3ce-35f2-4b19-b25d-5802ac447bd2,KRS,a37270fd-bb76-429d-a146-7b9b5099608d
9d2c2ac9-8ecd-4d16-a035-6c05f6881579,KRX,a37270fd-bb76-429d-a146-7b9b5099608d
5cce5129-5add-4751-9ec5-1ee5dbcc827b,A5,1a359e6d-65ea-4594-a77c-f2feb526102f
6b0b0b59-5e2c-4426-afad-ed63146e2f10,DX3,1a359e6d-65ea-4594-a77c-f2feb526102f
d99f7957-b6c3-4061-a9dc-ea0293da6d6a,DX5,1a359e6d-65ea-4594-a77c-f2feb526102f
45836037-f0f1-4ea8-a317-edc40c070897,DX7 Prime,1a359e6d-65ea-4594-a77c-f2feb526102f
a2a3fa8f-037f-41f1-97f4-cc9b66170f32,DX7 XingYue,1a359e6d-65ea-4594-a77c-f2feb526102f
152eae46-8d79-4783-84a0-5819ac218afe,DX8S,1a359e6d-65ea-4594-a77c-f2feb526102f
5f000f2b-2ab0-49ce-829d-a2aa02db6b32,Lioncel,1a359e6d-65ea-4594-a77c-f2feb526102f
4e3946c0-3d5e-48ab-8cd8-b5dd9511bca1,Actyon,e658283e-00f5-455a-8396-f463d7720d86
602140d1-ef61-496d-bfb4-740bdd578dd0,Actyon Sports,e658283e-00f5-455a-8396-f463d7720d86
84d6daa9-acf7-4ed6-af86-d4d06855ad6e,Chairman,e658283e-00f5-455a-8396-f463d7720d86
434949bc-1236-4f68-8e74-3af82c28d5c1,Korando,e658283e-00f5-455a-8396-f463d7720d86
37a916f8-78d7-475a-8b2b-982f30a59ec5,Korando Family,e658283e-00f5-455a-8396-f463d7720d86
f554f791-b655-4da1-bb19-8371f6208414,Korando Sports,e658283e-00f5-455a-8396-f463d7720d86
3bdf009f-fc3e-480d-93d1-6a5d62f7dae1,Korando Turismo,e658283e-00f5-455a-8396-f463d7720d86
77c7052f-6387-4b26-93dd-1c172823bb98,Kyron,e658283e-00f5-455a-8396-f463d7720d86
c8027375-618d-4916-b547-6e157d81187d,Musso,e658283e-00f5-455a-8396-f463d7720d86
260c55aa-0632-469d-b178-049e31df52a8,Musso Sports,e658283e-00f5-455a-8396-f463d7720d86
8a255b02-e01d-4e41-885a-5e94929bef9c,Nomad,e658283e-00f5-455a-8396-f463d7720d86
6ffb68b9-b571-49e4-8670-0df5ef5419c6,Rexton,e658283e-00f5-455a-8396-f463d7720d86
3e804592-82b6-452f-834f-9f32830d6761,Rexton Sports,e658283e-00f5-455a-8396-f463d7720d86
c3de5953-a2d1-4ad7-b780-d6f165eb01b1,Rodius,e658283e-00f5-455a-8396-f463d7720d86
19c2bbdd-bc95-43ba-a5ed-5d7ce318c8a0,Stavic,e658283e-00f5-455a-8396-f463d7720d86
ebc7f227-4e86-446c-851d-6066ebcc451c,Tivoli,e658283e-00f5-455a-8396-f463d7720d86
351969d1-b7c8-4c08-8c03-270b78338378,Torres,e658283e-00f5-455a-8396-f463d7720d86
31fd4e9a-1355-484f-8593-48056ed9aed5,Alcyone,aeb95bfe-19a6-4fc9-b1f8-a6494d23129a
6f86cec3-4b03-4a52-8be5-2bdcd3bebb0e,Ascent,aeb95bfe-19a6-4fc9-b1f8-a6494d23129a
062a6b2e-be8a-4ff5-a2db-0f5c65798b08,B9 Tribeca,aeb95bfe-19a6-4fc9-b1f8-a6494d23129a
6435ac24-2f48-4c00-8ecf-c41bed2d9b31,BRZ,aeb95bfe-19a6-4fc9-b1f8-a6494d23129a
a1f716df-04be-492f-bd7d-08417e27b4b1,Chiffon,aeb95bfe-19a6-4fc9-b1f8-a6494d23129a
82f257b2-be8c-40c1-85e5-b04ed3c1c338,Crosstrek,aeb95bfe-19a6-4fc9-b1f8-a6494d23129a
2daa1b62-b07c-4cc7-ac55-57ad12656b8d,Dex,aeb95bfe-19a6-4fc9-b1f8-a6494d23129a
4457a15d-a687-4978-90a4-bbe75cd883b7,Dias Wagon,aeb95bfe-19a6-4fc9-b1f8-a6494d23129a
63f3b8c5-3f89-4b1f-bf0f-76bdb723760a,Domingo,aeb95bfe-19a6-4fc9-b1f8-a6494d23129a
31e40360-2f39-413d-bbeb-e5de4fd698f3,Exiga,aeb95bfe-19a6-4fc9-b1f8-a6494d23129a
64d2ce5d-edcb-4383-a7bb-11b6fa4d327a,Exiga Crossover 7,aeb95bfe-19a6-4fc9-b1f8-a6494d23129a
a6c46fb2-e091-4a24-90f1-5f1615865a77,Forester,aeb95bfe-19a6-4fc9-b1f8-a6494d23129a
c0872d95-066c-4df7-a528-b2d819d403ab,Impreza,aeb95bfe-19a6-4fc9-b1f8-a6494d23129a
0256b900-9aa8-4d1d-a411-dce2561aeecc,Impreza WRX,aeb95bfe-19a6-4fc9-b1f8-a6494d23129a
90f8d306-b581-4013-bcae-9e2c17c9dfe7,Impreza WRX STI,aeb95bfe-19a6-4fc9-b1f8-a6494d23129a
ca649cd9-9a1e-4d8b-8b7a-4038cc8ebe5d,Impreza XV,aeb95bfe-19a6-4fc9-b1f8-a6494d23129a
e247d394-5851-4331-99ec-be33d3754be5,Justy,aeb95bfe-19a6-4fc9-b1f8-a6494d23129a
5ec6d410-b266-4c68-a2e0-0ca1a5ba93d9,Layback,aeb95bfe-19a6-4fc9-b1f8-a6494d23129a
bb1d6e0f-b408-434b-b279-2861009d9aa1,Legacy,aeb95bfe-19a6-4fc9-b1f8-a6494d23129a
4d670977-7d6d-4eff-8284-fa6fd2aa6723,Legacy B4,aeb95bfe-19a6-4fc9-b1f8-a6494d23129a
cda30375-17da-4efe-a881-ebcad84fa73e,Legacy Lancaster,aeb95bfe-19a6-4fc9-b1f8-a6494d23129a
2d20a404-fe59-4a1b-b545-27c19b3f8b3d,Leone,aeb95bfe-19a6-4fc9-b1f8-a6494d23129a
5f845443-ab83-4323-98fe-2abc3a195c02,Levorg,aeb95bfe-19a6-4fc9-b1f8-a6494d23129a
394f9db0-6b0d-47ac-bb43-0bf5b91ce1f1,Lucra,aeb95bfe-19a6-4fc9-b1f8-a6494d23129a
382c2d87-4117-42bc-bcba-66dc736fe153,Outback,aeb95bfe-19a6-4fc9-b1f8-a6494d23129a
49b58d44-3ead-4b5c-9f31-f08297ce3745,Pleo,aeb95bfe-19a6-4fc9-b1f8-a6494d23129a
1ee41f9f-9765-492d-b8c3-08be3aea9dee,Pleo Plus,aeb95bfe-19a6-4fc9-b1f8-a6494d23129a
9482a232-a711-4f38-bd16-cdeecce1538e,R1,aeb95bfe-19a6-4fc9-b1f8-a6494d23129a
2f421ec2-a87b-450a-b27c-c1188f93c2d5,R2,aeb95bfe-19a6-4fc9-b1f8-a6494d23129a
941b906d-7e82-448b-8734-81aca53e026f,Rex,aeb95bfe-19a6-4fc9-b1f8-a6494d23129a
4e9f9803-b682-41a8-a1a1-7e4529e54d5b,Sambar,aeb95bfe-19a6-4fc9-b1f8-a6494d23129a
360942de-7882-4e59-9748-d335c416eff8,Solterra,aeb95bfe-19a6-4fc9-b1f8-a6494d23129a
0acdaf76-81ed-4f54-98f0-a966cc487e00,Stella,aeb95bfe-19a6-4fc9-b1f8-a6494d23129a
14abacf0-0272-4a75-9d2e-5070af15600b,Traviq,aeb95bfe-19a6-4fc9-b1f8-a6494d23129a
27d5e353-4d9f-40cd-9396-73ed5c45e5d1,Trezia,aeb95bfe-19a6-4fc9-b1f8-a6494d23129a
a25600f0-39fe-44dd-94c8-0552d02ad3a1,Tribeca,aeb95bfe-19a6-4fc9-b1f8-a6494d23129a
ee9e23cd-ffb9-4850-b92b-59e9c33d2dd2,Vivio,aeb95bfe-19a6-4fc9-b1f8-a6494d23129a
57e4c871-5e5c-491a-864d-fa037a59578b,XV,aeb95bfe-19a6-4fc9-b1f8-a6494d23129a
843756a0-0885-45c1-a1b9-7457646056a1,Aerio,061c5514-954f-49e4-9147-0052f383bc4c
ba68579b-a266-435c-a334-089944308f26,Alto,061c5514-954f-49e4-9147-0052f383bc4c
0462ef86-6b42-4c40-93d8-e954c7240a96,Alto Lapin,061c5514-954f-49e4-9147-0052f383bc4c
0ffd2af0-979c-4d8d-9314-0a287363f005,Baleno,061c5514-954f-49e4-9147-0052f383bc4c
a4acafaa-9c35-4db5-86ce-3346ac39d3da,Cappuccino,061c5514-954f-49e4-9147-0052f383bc4c
4cc47386-f04a-4882-8fe3-e0a365b54f5e,Cara,061c5514-954f-49e4-9147-0052f383bc4c
5cc090ce-7de5-4419-a8bc-dbae53e0f9d6,Carry Van,061c5514-954f-49e4-9147-0052f383bc4c
f0f4ac29-c5b6-40f0-b15c-41d7186407b6,Cervo,061c5514-954f-49e4-9147-0052f383bc4c
b18173ae-163f-4b07-870c-0fed1308ae87,Ciaz,061c5514-954f-49e4-9147-0052f383bc4c
2d2fb471-362b-4512-ab9f-c90717c7074b,Cultus,061c5514-954f-49e4-9147-0052f383bc4c
e61f42f3-cf2c-45e3-919d-b99363e30a15,Eeco,061c5514-954f-49e4-9147-0052f383bc4c
2167e7a4-1323-4ff8-b490-2b85dfa7aca1,Ertiga,061c5514-954f-49e4-9147-0052f383bc4c
8c11ab48-cd0e-4090-a055-a5954cef5392,Escudo,061c5514-954f-49e4-9147-0052f383bc4c
7b29e168-b568-4e1c-88fc-a0588daf3e14,Every,061c5514-954f-49e4-9147-0052f383bc4c
41e449fb-deb3-4b4d-857c-d9ef12940158,Forenza,061c5514-954f-49e4-9147-0052f383bc4c
a832eb23-e562-4f9d-8268-4326c2b402d6,Grand Escudo,061c5514-954f-49e4-9147-0052f383bc4c
23116a88-87b9-40ef-a11d-48463942fda9,Grand Vitara,061c5514-954f-49e4-9147-0052f383bc4c
8c572ccf-853b-4070-aa8d-66338bd96f7d,Grand Vitara XL-7,061c5514-954f-49e4-9147-0052f383bc4c
09d33de1-5c9f-48b4-943e-fdaf124938c6,Hustler,061c5514-954f-49e4-9147-0052f383bc4c
f93c9010-4585-452e-9e05-203fd83fb573,Ignis,061c5514-954f-49e4-9147-0052f383bc4c
b1260941-f185-4ce0-9273-bb5b4e5875e7,Jimny,061c5514-954f-49e4-9147-0052f383bc4c
8e822f4d-2945-400e-bf62-cd90792c6e82,Jimny Sierra,061c5514-954f-49e4-9147-0052f383bc4c
5a5ead56-ea1d-40b1-bf4d-ea6175b9378d,Jimny Wide,061c5514-954f-49e4-9147-0052f383bc4c
f4fde48d-c367-4ff0-b266-3343535a4465,Kei,061c5514-954f-49e4-9147-0052f383bc4c
276bb82d-46be-420f-86be-506b93db1847,Kizashi,061c5514-954f-49e4-9147-0052f383bc4c
a07db464-9dd6-4d9b-a4d2-a9cd67f06e8b,Landy,061c5514-954f-49e4-9147-0052f383bc4c
45642290-5f69-4b2d-b300-d5a00a4ca767,Mighty Boy,061c5514-954f-49e4-9147-0052f383bc4c
31371788-3268-4368-b6bd-1b6d8cb9b51e,MR Wagon,061c5514-954f-49e4-9147-0052f383bc4c
18da7e59-95a1-4d7e-a775-01be6183a0fd,Reno,061c5514-954f-49e4-9147-0052f383bc4c
360ac12d-ccb1-45f0-8775-302f0fbca8b7,S-Cross,061c5514-954f-49e4-9147-0052f383bc4c
7f4d9b35-d8c5-4e1c-8a98-34fbd7204d1a,Solio,061c5514-954f-49e4-9147-0052f383bc4c
330bb0a5-1d12-4544-bcf0-09d1ee47d3b0,Spacia,061c5514-954f-49e4-9147-0052f383bc4c
fac817d3-0164-4324-8104-0831f4d4f058,Splash,061c5514-954f-49e4-9147-0052f383bc4c
5c15566d-446f-4d73-8b23-0708a6de4f46,Swift,061c5514-954f-49e4-9147-0052f383bc4c
2b782769-a064-4236-9168-377b1ce11bb2,SX4,061c5514-954f-49e4-9147-0052f383bc4c
21666680-a90a-420e-8cef-3fd16874b073,Twin,061c5514-954f-49e4-9147-0052f383bc4c
86d64d4f-762d-4738-b4a8-28d1c64f5eea,Verona,061c5514-954f-49e4-9147-0052f383bc4c
caf2f4bc-5d8e-4a1f-94f3-5fa906abccda,Vitara,061c5514-954f-49e4-9147-0052f383bc4c
36bff4bf-8ffd-4d99-ad45-fa621e69633c,Wagon R,061c5514-954f-49e4-9147-0052f383bc4c
eddb08ed-e3bc-4451-af7f-98a424e8eb29,Wagon R Plus,061c5514-954f-49e4-9147-0052f383bc4c
734ef655-ba88-4fb4-9a52-ad82a1f9be14,Wagon R Smile,061c5514-954f-49e4-9147-0052f383bc4c
2bf07f75-e48a-46a6-ab05-06a28e4ebcf8,Wagon R Solio,061c5514-954f-49e4-9147-0052f383bc4c
774d8c5d-5c3d-49a2-8a4e-7c460141f722,Wagon R Wide,061c5514-954f-49e4-9147-0052f383bc4c
bda1362e-ce15-4bd7-9a88-26bc640b74cd,Works,061c5514-954f-49e4-9147-0052f383bc4c
055638b3-62c9-4bfb-8e21-fa4601ff3b9b,X-90,061c5514-954f-49e4-9147-0052f383bc4c
ae8a3921-815a-4b1f-ae12-c486c3a05ef6,Xbee,061c5514-954f-49e4-9147-0052f383bc4c
eea777a5-e464-4ca8-a4cc-17925cf2ec50,XL7,061c5514-954f-49e4-9147-0052f383bc4c
5e1903c7-47cc-4269-aa88-2f922c224eec,G01,d1777599-2ad7-4e45-9d66-a6e48e2f4fa5
de4b08e7-beed-40e9-82b0-b6010878c101,G01F,d1777599-2ad7-4e45-9d66-a6e48e2f4fa5
1a431ef9-0e33-4c09-8062-a8262da8242c,G01FF,d1777599-2ad7-4e45-9d66-a6e48e2f4fa5
ecaa8078-2827-435b-9084-299f9ea509f9,G05,d1777599-2ad7-4e45-9d66-a6e48e2f4fa5
80f2b796-a909-4ee3-9101-669816a35a96,G05 Pro,d1777599-2ad7-4e45-9d66-a6e48e2f4fa5
3cc28d51-a77f-4ec9-a426-5e6dae9ae82e,Iron Man,d1777599-2ad7-4e45-9d66-a6e48e2f4fa5
e1514313-25d1-4687-a084-49e94bef827e,Tiger,d1777599-2ad7-4e45-9d66-a6e48e2f4fa5
35dda255-cdb6-4986-8062-aaa4e2637427,X3,d1777599-2ad7-4e45-9d66-a6e48e2f4fa5
1a689d43-4073-4b3f-b192-c3acd3efccbe,X7,d1777599-2ad7-4e45-9d66-a6e48e2f4fa5
dd3704af-d7c3-4e23-93d9-e162154ebdf9,300,4eb48aa6-4251-4fb1-bfa0-55ef555aec47
1ba322df-8cbb-451e-853e-3c19717e6de0,500,4eb48aa6-4251-4fb1-bfa0-55ef555aec47
341754c0-118b-44ad-9aee-90be28008361,700,4eb48aa6-4251-4fb1-bfa0-55ef555aec47
fbb781c4-0d1a-4c8a-83fd-8ea9249d646e,Cybertruck,c6c4a4a4-f0e7-47ee-b37c-252d428b273e
f25469c9-120a-4145-8df5-7c8546f2b59a,Model 3,c6c4a4a4-f0e7-47ee-b37c-252d428b273e
c10b5f7b-b8de-402c-8637-54aafb99556c,Model S,c6c4a4a4-f0e7-47ee-b37c-252d428b273e
694d652a-c6d6-4877-9799-244cc469b57d,Model X,c6c4a4a4-f0e7-47ee-b37c-252d428b273e
9c6a31b2-79bb-4284-a553-f2d31024ba3a,Model Y,c6c4a4a4-f0e7-47ee-b37c-252d428b273e
4125a755-5d40-4043-912e-c71df2ab7f00,Roadster,c6c4a4a4-f0e7-47ee-b37c-252d428b273e
3d59f162-dca2-4e69-9d4d-57bfd11ee6f8,Century,e217a631-95e5-41d1-9330-704b3efe2558
95f1b08f-9d16-491f-ba60-173b01a50be6,Admiral,5e655365-3605-4323-8dcc-41a5002a9e4c
f9a604b8-df05-44ae-ac66-01b709357de6,2000GT,e24d38f4-a5f1-4ccd-9794-444d2341afca
7a298df0-3985-4f79-943c-2c97752a4016,4Runner,e24d38f4-a5f1-4ccd-9794-444d2341afca
cad38589-da15-4da0-af4a-e138151da093,Allex,e24d38f4-a5f1-4ccd-9794-444d2341afca
3c92d381-4454-401b-8992-238a54d5799a,Allion,e24d38f4-a5f1-4ccd-9794-444d2341afca
0bd5dd21-8cc6-417a-a40c-f6a34bffb421,Alphard,e24d38f4-a5f1-4ccd-9794-444d2341afca
700056ae-7ac9-4e2d-b4e9-6af9b0062ca3,Altezza,e24d38f4-a5f1-4ccd-9794-444d2341afca
8d46a881-0c5a-4e17-a6a6-e620216dc9f8,Aqua,e24d38f4-a5f1-4ccd-9794-444d2341afca
0f0bedc5-c712-4c91-9a7e-6b2f525e6a4f,Aristo,e24d38f4-a5f1-4ccd-9794-444d2341afca
b51404e9-53c1-4c5e-91a7-5a73edad1d55,Auris,e24d38f4-a5f1-4ccd-9794-444d2341afca
ca8404f6-678d-434e-9990-91b4adce8e4e,Avalon,e24d38f4-a5f1-4ccd-9794-444d2341afca
426d734a-7961-45b8-8837-6f2c7254aef0,Avanza,e24d38f4-a5f1-4ccd-9794-444d2341afca
34b5f398-fa31-4ce4-a477-2cf4186cf58a,Avensis,e24d38f4-a5f1-4ccd-9794-444d2341afca
db95a6da-5bcc-4691-bd93-9a07b843cd26,Avensis Verso,e24d38f4-a5f1-4ccd-9794-444d2341afca
4887c2eb-91b7-487a-a07f-2b76d1e0770c,Aygo,e24d38f4-a5f1-4ccd-9794-444d2341afca
6cfd73d3-e0bf-49a3-b62d-120fe29e4aa7,bB,e24d38f4-a5f1-4ccd-9794-444d2341afca
d8335cca-2d65-4ec1-a5f7-6f1b374bb1bb,Belta,e24d38f4-a5f1-4ccd-9794-444d2341afca
94f3f0e6-5fef-4437-b8c0-b65bec59801c,Blade,e24d38f4-a5f1-4ccd-9794-444d2341afca
ac841660-c6f7-4d36-bad3-1e644b868852,Brevis,e24d38f4-a5f1-4ccd-9794-444d2341afca
21d9e128-e934-47da-86e0-1f9a976f77c0,bZ4X,e24d38f4-a5f1-4ccd-9794-444d2341afca
aeafe586-5a4c-4690-9304-963fa1494fa5,Caldina,e24d38f4-a5f1-4ccd-9794-444d2341afca
e255de1d-a2fc-4ba1-8759-9e9803ca9268,Cami,e24d38f4-a5f1-4ccd-9794-444d2341afca
0a733e0a-3b46-4edc-9778-2768ba35b73a,Camry,e24d38f4-a5f1-4ccd-9794-444d2341afca
1f7135ba-596b-4e66-a663-e52a66a4b316,Camry Gracia,e24d38f4-a5f1-4ccd-9794-444d2341afca
9c746324-842d-48fe-a2d5-47ef5a9b7202,Camry Prominent,e24d38f4-a5f1-4ccd-9794-444d2341afca
5c334c9e-1426-44ad-9dec-e51df78cabcd,Carina,e24d38f4-a5f1-4ccd-9794-444d2341afca
8dfbc5a0-5b7f-431d-a3e7-7c7309c02820,Carina E,e24d38f4-a5f1-4ccd-9794-444d2341afca
c7744875-7938-4a8a-be4a-4ec30b2b39c7,Carina ED,e24d38f4-a5f1-4ccd-9794-444d2341afca
8b0a8e2b-6eb6-4537-86ee-23e669834b7f,Cavalier,e24d38f4-a5f1-4ccd-9794-444d2341afca
74f7a068-8193-4c1a-bf05-b45484c1d225,Celica,e24d38f4-a5f1-4ccd-9794-444d2341afca
dbf7e285-e024-44bc-9413-2f9150e247cf,Celsior,e24d38f4-a5f1-4ccd-9794-444d2341afca
1a7ebdf1-1aed-4e73-a8ec-81d49c242938,Century,e24d38f4-a5f1-4ccd-9794-444d2341afca
e2f7d5da-0d7d-43e3-b8c5-31a26ca70d7a,Chaser,e24d38f4-a5f1-4ccd-9794-444d2341afca
84366c28-a016-4281-a37f-26c4c64d3504,C-HR,e24d38f4-a5f1-4ccd-9794-444d2341afca
ca46f800-9f5d-471e-9937-a754f99a1baa,Classic,e24d38f4-a5f1-4ccd-9794-444d2341afca
86a42475-310f-400e-b642-215bf869a2b9,Comfort,e24d38f4-a5f1-4ccd-9794-444d2341afca
534abca4-82fa-4c3e-b065-552d042a98f5,Corolla,e24d38f4-a5f1-4ccd-9794-444d2341afca
e09ff193-d757-485a-9814-b41eeed7a612,Corolla Axio,e24d38f4-a5f1-4ccd-9794-444d2341afca
01b00dda-ba8c-4b08-b1d8-73eeed26239f,Corolla Ceres,e24d38f4-a5f1-4ccd-9794-444d2341afca
c3b88fea-bd5d-4ebf-8733-0aa19fabc168,Corolla Cross,e24d38f4-a5f1-4ccd-9794-444d2341afca
8a2295b0-68b2-47c9-bae7-69655988ecfb,Corolla Fielder,e24d38f4-a5f1-4ccd-9794-444d2341afca
5a7afbf5-f38f-493a-9440-979662519482,Corolla FX,e24d38f4-a5f1-4ccd-9794-444d2341afca
21bbcb5d-5364-4267-8e12-51e5b5f4c725,Corolla II,e24d38f4-a5f1-4ccd-9794-444d2341afca
7cda4d21-a14d-4127-ba76-f02fc0c064ad,Corolla Levin,e24d38f4-a5f1-4ccd-9794-444d2341afca
81d15bc0-1247-49ab-9e80-7a1cc430e8d5,Corolla Rumion,e24d38f4-a5f1-4ccd-9794-444d2341afca
242b50b3-d1eb-49c7-8e6c-d12ed654549f,Corolla Runx,e24d38f4-a5f1-4ccd-9794-444d2341afca
53b1778f-b4fa-4f93-bc5e-e43a94b07509,Corolla Spacio,e24d38f4-a5f1-4ccd-9794-444d2341afca
c286d8c8-389e-4ead-a349-74f6b7909621,Corolla Verso,e24d38f4-a5f1-4ccd-9794-444d2341afca
d64a6685-ceec-4dee-8671-02bdfc632f02,Corona,e24d38f4-a5f1-4ccd-9794-444d2341afca
44136ec8-9f2d-473a-a2ad-7fb025819f07,Corona Exiv,e24d38f4-a5f1-4ccd-9794-444d2341afca
44187b95-2c96-45e4-9fcf-572dbe0a1ed1,Corona Premio,e24d38f4-a5f1-4ccd-9794-444d2341afca
469537eb-5759-48b3-8dae-f5c162155419,Corona SF,e24d38f4-a5f1-4ccd-9794-444d2341afca
1d953b2c-26f3-465f-a4dc-111d4b834aa5,Corsa,e24d38f4-a5f1-4ccd-9794-444d2341afca
8a2afc7d-ea96-46e9-8255-a328700f9656,C+pod,e24d38f4-a5f1-4ccd-9794-444d2341afca
6f7876e1-1b6e-452f-8834-afb6350730ef,Cresta,e24d38f4-a5f1-4ccd-9794-444d2341afca
0d3af962-cd3e-47c3-9111-ec56294c4c56,Crown,e24d38f4-a5f1-4ccd-9794-444d2341afca
2300ad6f-e8cc-49b9-bae6-aa633dd05071,Crown Kluger,e24d38f4-a5f1-4ccd-9794-444d2341afca
b23d1eac-3e39-474f-a6d4-6fe9b684f73f,Crown Majesta,e24d38f4-a5f1-4ccd-9794-444d2341afca
9c06d87e-ef48-45b0-bf20-ffd65c8daf77,Crown Vellfire,e24d38f4-a5f1-4ccd-9794-444d2341afca
78608fe2-e789-445b-b75a-d745d2d43910,Curren,e24d38f4-a5f1-4ccd-9794-444d2341afca
375b90ce-7e3d-4785-a792-9ee2dc0b2ae9,Cynos,e24d38f4-a5f1-4ccd-9794-444d2341afca
6c2171fa-8210-432e-991a-bf3ce9263357,Duet,e24d38f4-a5f1-4ccd-9794-444d2341afca
62eb4e8f-7b7f-4f66-a085-ca76ca40a046,Echo,e24d38f4-a5f1-4ccd-9794-444d2341afca
c95e7758-c9ea-43e4-8f46-e50216b315ca,Esquire,e24d38f4-a5f1-4ccd-9794-444d2341afca
0dcbb0c0-e6b9-4ea1-9fef-d374f6a3308b,Estima,e24d38f4-a5f1-4ccd-9794-444d2341afca
eb246410-9261-42ae-b99f-89d3da0a525e,Estima Emina,e24d38f4-a5f1-4ccd-9794-444d2341afca
1f53896c-d648-40a4-8bfc-a1befab8a6e8,Estima Lucida,e24d38f4-a5f1-4ccd-9794-444d2341afca
3cbf8348-ecf0-471d-a7a8-5082e2fd341a,FJ Cruiser,e24d38f4-a5f1-4ccd-9794-444d2341afca
7378662f-155b-429c-b2c7-83fad4e79ef7,Fortuner,e24d38f4-a5f1-4ccd-9794-444d2341afca
0124cd82-4949-46aa-a44b-7eb13b989ea4,Frontlander,e24d38f4-a5f1-4ccd-9794-444d2341afca
da23d6a7-352a-4bdd-a2a7-e8df10cedf51,Funcargo,e24d38f4-a5f1-4ccd-9794-444d2341afca
0f1c801b-6ae3-4a41-8d9c-53a70609097a,Gaia,e24d38f4-a5f1-4ccd-9794-444d2341afca
0e02af3c-9083-40ee-8a4b-3bebe2698a8d,GR 86,e24d38f4-a5f1-4ccd-9794-444d2341afca
c4ec7aa0-1157-4f88-a1d8-eb433b37db2b,GranAce,e24d38f4-a5f1-4ccd-9794-444d2341afca
03459362-083e-4e5d-88c2-fcce51d8e74b,Grand Hiace,e24d38f4-a5f1-4ccd-9794-444d2341afca
ab150977-d411-4696-9155-7aa600db2f1f,Grand Highlander,e24d38f4-a5f1-4ccd-9794-444d2341afca
8e262aab-98da-416c-abac-d1dd19a7c7d8,Granvia,e24d38f4-a5f1-4ccd-9794-444d2341afca
730014f5-768e-41d8-a391-d7a86e406dd4,GT 86,e24d38f4-a5f1-4ccd-9794-444d2341afca
4a3e516c-3ade-4eae-9fb9-081437c984e6,Harrier,e24d38f4-a5f1-4ccd-9794-444d2341afca
1c2f7a17-5d1b-451c-8abc-b524f33e573c,Hiace,e24d38f4-a5f1-4ccd-9794-444d2341afca
c12c301f-442f-4114-9e50-7983932e7646,Hiace Regius,e24d38f4-a5f1-4ccd-9794-444d2341afca
ab9040b3-e75a-4416-ad96-809d86ed84f0,Highlander,e24d38f4-a5f1-4ccd-9794-444d2341afca
bd471425-da92-47c5-afdc-9c004f1dabc7,Hilux,e24d38f4-a5f1-4ccd-9794-444d2341afca
7cdc4073-2cdc-465c-a5a3-e85d33795062,Hilux Surf,e24d38f4-a5f1-4ccd-9794-444d2341afca
4cd3d410-2813-4942-a015-6b9300aaa71d,Ipsum,e24d38f4-a5f1-4ccd-9794-444d2341afca
8ede4952-b7cb-4635-afaa-54eafe357e14,iQ,e24d38f4-a5f1-4ccd-9794-444d2341afca
830e4d86-742c-4296-b489-61bc03f9e445,Isis,e24d38f4-a5f1-4ccd-9794-444d2341afca
78f3733b-6958-416a-9096-19ffdc510898,ist,e24d38f4-a5f1-4ccd-9794-444d2341afca
bfe6f70a-5aef-460a-830f-98a3df2a56ae,Izoa,e24d38f4-a5f1-4ccd-9794-444d2341afca
07c7771d-c9b7-4532-b32c-382e749e7d33,JPN TAXI,e24d38f4-a5f1-4ccd-9794-444d2341afca
ebdab877-81dc-48c3-b72b-df3e113df1bd,Kluger V,e24d38f4-a5f1-4ccd-9794-444d2341afca
cfd598e4-324e-473c-802e-5e55d3ecbd91,Land Cruiser,e24d38f4-a5f1-4ccd-9794-444d2341afca
5b9d074f-85eb-460e-80de-9a9a8c044c66,Land Cruiser Cygnus,e24d38f4-a5f1-4ccd-9794-444d2341afca
60f29c9d-e677-47c4-9a58-8955058e37d1,Land Cruiser Prado,e24d38f4-a5f1-4ccd-9794-444d2341afca
5738381a-391b-415a-83c8-ac932435e6e2,Levin,e24d38f4-a5f1-4ccd-9794-444d2341afca
b14d5d57-f0bc-47e4-9e89-e5584622d126,Lite Ace,e24d38f4-a5f1-4ccd-9794-444d2341afca
e7c12e30-d8af-47b2-9166-75d2c3f46ab2,Lite Ace Noah,e24d38f4-a5f1-4ccd-9794-444d2341afca
b3b4dfd6-c267-404d-9008-3ad34606983f,Mark II,e24d38f4-a5f1-4ccd-9794-444d2341afca
e60cb56b-cc96-426b-983f-77884897c121,Mark II Wagon Blit,e24d38f4-a5f1-4ccd-9794-444d2341afca
9da992a7-a431-47bd-93cf-604bf0894a49,Mark II Wagon Qualis,e24d38f4-a5f1-4ccd-9794-444d2341afca
6699a543-f23a-4a4b-a8a4-404326aa92fd,Mark X,e24d38f4-a5f1-4ccd-9794-444d2341afca
cb36aff3-a027-4fb2-b074-dc3318fbdea6,Mark X Zio,e24d38f4-a5f1-4ccd-9794-444d2341afca
d55ad5aa-af60-4982-a45b-d0aa366853b2,Master Ace Surf,e24d38f4-a5f1-4ccd-9794-444d2341afca
83e40767-f286-4eb8-a81e-97f0f41fa5d3,Matrix,e24d38f4-a5f1-4ccd-9794-444d2341afca
3e552c6c-ee44-4de4-b79b-5f4c3f568383,Mega Cruiser,e24d38f4-a5f1-4ccd-9794-444d2341afca
58d51bb6-74d3-4637-8094-3658931633b5,MR2,e24d38f4-a5f1-4ccd-9794-444d2341afca
6d0b1ad9-dc23-47d5-b92b-842fd905aa6b,MR-S,e24d38f4-a5f1-4ccd-9794-444d2341afca
e4944b5a-13f7-40c7-b037-f98ce5f50232,Nadia,e24d38f4-a5f1-4ccd-9794-444d2341afca
759747b3-66d7-4d9c-9780-4586e0a54b39,Noah,e24d38f4-a5f1-4ccd-9794-444d2341afca
214cdb59-ee48-453d-8f91-001955ddb819,Opa,e24d38f4-a5f1-4ccd-9794-444d2341afca
6827d54b-f795-4882-b7cd-c7c98fbec5e8,Origin,e24d38f4-a5f1-4ccd-9794-444d2341afca
8c5109d3-fad0-4256-8926-da4ebfad291d,Passo,e24d38f4-a5f1-4ccd-9794-444d2341afca
7c7d8a52-19e8-4a89-baa7-1f7e34d5537a,Passo Sette,e24d38f4-a5f1-4ccd-9794-444d2341afca
9bb4a273-751f-4667-ad12-ce1ba5107cd8,Pixis Epoch,e24d38f4-a5f1-4ccd-9794-444d2341afca
37973c2e-882f-4180-b456-d77039f438ef,Pixis Joy,e24d38f4-a5f1-4ccd-9794-444d2341afca
19cbf48b-6d21-4c4c-b64f-55534d54968c,Pixis Mega,e24d38f4-a5f1-4ccd-9794-444d2341afca
62fe98b8-e1a6-492b-a3ed-d8f39e20e37a,Pixis Space,e24d38f4-a5f1-4ccd-9794-444d2341afca
f7a67c0c-893f-4a2c-afc8-73f316a4be68,Pixis Van,e24d38f4-a5f1-4ccd-9794-444d2341afca
6e5290ed-3c6d-4abd-9ff1-61effdb73694,Platz,e24d38f4-a5f1-4ccd-9794-444d2341afca
65d6cc9e-10e4-483e-af82-5a59dfbce5a9,Porte,e24d38f4-a5f1-4ccd-9794-444d2341afca
97ad9684-db76-4fea-87ee-9e6d24102b41,Premio,e24d38f4-a5f1-4ccd-9794-444d2341afca
e2bf5377-db62-466d-b421-a68316d9b231,Previa,e24d38f4-a5f1-4ccd-9794-444d2341afca
7c8944d3-e763-42a3-8f6f-c7b7024a5d94,Prius,e24d38f4-a5f1-4ccd-9794-444d2341afca
1ab2b251-d57f-4a08-9b7b-6aed92cfd1fa,Prius Alpha,e24d38f4-a5f1-4ccd-9794-444d2341afca
6c206482-665d-4865-bbd7-9992d00f1d7b,Prius C,e24d38f4-a5f1-4ccd-9794-444d2341afca
f1419fe4-2351-481a-bf21-9f051f224b21,Prius PHV,e24d38f4-a5f1-4ccd-9794-444d2341afca
fcaaa5fb-394a-44c3-946a-c1cc9900da3e,Prius Plus,e24d38f4-a5f1-4ccd-9794-444d2341afca
653f2b22-2a2d-48d7-980d-5179849041b6,Prius Prime,e24d38f4-a5f1-4ccd-9794-444d2341afca
f0db3561-ae47-42f9-aef8-ccebb1323688,Probox,e24d38f4-a5f1-4ccd-9794-444d2341afca
895679c2-ec70-425f-91f4-5a7bcdbdadb2,Progres,e24d38f4-a5f1-4ccd-9794-444d2341afca
aedf0fe8-114b-4e55-acde-740abdd2bb83,Pronard,e24d38f4-a5f1-4ccd-9794-444d2341afca
5a3ebf0c-d63a-46fd-8b36-2fabc4aa34e3,Ractis,e24d38f4-a5f1-4ccd-9794-444d2341afca
dcb6e927-2cec-49c7-86c5-308078d91a05,Raize,e24d38f4-a5f1-4ccd-9794-444d2341afca
29927876-1ab4-4657-851e-e1e10ce121ae,Raum,e24d38f4-a5f1-4ccd-9794-444d2341afca
6c4dfec5-f96e-4f72-91b2-012ce86e19fc,RAV4,e24d38f4-a5f1-4ccd-9794-444d2341afca
fe8f0472-24b7-4d0b-ad23-2d29ed4ebb5e,Regius,e24d38f4-a5f1-4ccd-9794-444d2341afca
f49941a9-16ce-460e-b628-f3dd53088218,Regius Ace,e24d38f4-a5f1-4ccd-9794-444d2341afca
03336eca-68dc-482e-82ac-ecab3edfe113,Roomy,e24d38f4-a5f1-4ccd-9794-444d2341afca
9feb365b-ad2c-47af-bb99-afddc522472c,Rush,e24d38f4-a5f1-4ccd-9794-444d2341afca
6a418e48-de9b-4f3f-be17-23dd3171a73c,Sai,e24d38f4-a5f1-4ccd-9794-444d2341afca
d5c8cf97-55dd-4fc1-9b43-d11f2fa5b23b,Scepter,e24d38f4-a5f1-4ccd-9794-444d2341afca
409dd486-d5b8-45c2-ba8e-4471495f95a5,Sequoia,e24d38f4-a5f1-4ccd-9794-444d2341afca
0f0ef49b-bd2d-433a-90c9-636ec8065af3,Sera,e24d38f4-a5f1-4ccd-9794-444d2341afca
52377115-d980-435e-8c8e-34ec7fecebe9,Sienna,e24d38f4-a5f1-4ccd-9794-444d2341afca
01535cf0-3ae5-4e4c-828d-f31eb734aef1,Sienta,e24d38f4-a5f1-4ccd-9794-444d2341afca
9f1e1137-ea14-45a3-aa62-6eb0cc631ca1,Soarer,e24d38f4-a5f1-4ccd-9794-444d2341afca
75ba60af-041e-4aa8-806c-345fea98477e,Solara,e24d38f4-a5f1-4ccd-9794-444d2341afca
eac81a03-f1b5-4019-bb20-524eb9d79016,Soluna,e24d38f4-a5f1-4ccd-9794-444d2341afca
015fa073-53bf-4125-b763-e43900e06a9c,Spade,e24d38f4-a5f1-4ccd-9794-444d2341afca
6c1b9aad-618d-4d7e-b2e1-288f0846dcbb,Sparky,e24d38f4-a5f1-4ccd-9794-444d2341afca
6945a378-7ceb-4f2f-9a30-2f2293a923a6,Sprinter,e24d38f4-a5f1-4ccd-9794-444d2341afca
1e854127-4741-4a04-a21e-1dda065b71c3,Sprinter Carib,e24d38f4-a5f1-4ccd-9794-444d2341afca
16e4315d-9137-4125-baf2-79610696ea18,Sprinter Marino,e24d38f4-a5f1-4ccd-9794-444d2341afca
4d7c9cda-b0ef-412c-a18a-1b3de6bdff8b,Sprinter Trueno,e24d38f4-a5f1-4ccd-9794-444d2341afca
fbaf9f45-c233-4ea3-8896-e16d343c2b26,Starlet,e24d38f4-a5f1-4ccd-9794-444d2341afca
9feda9d3-62a4-43ad-b5ba-e89a370e65e3,Succeed,e24d38f4-a5f1-4ccd-9794-444d2341afca
2ced537d-39e9-4ceb-a986-8b3d61b84b12,Supra,e24d38f4-a5f1-4ccd-9794-444d2341afca
ebdcb652-05c7-4be9-b3ed-69a7173a54ed,Tacoma,e24d38f4-a5f1-4ccd-9794-444d2341afca
622f1089-43d3-4fee-ac2a-3eefbed1fd8c,Tercel,e24d38f4-a5f1-4ccd-9794-444d2341afca
638dc862-e6af-4b94-8bbe-7c741eb701de,Touring Hiace,e24d38f4-a5f1-4ccd-9794-444d2341afca
588c389b-68b1-4673-bfee-bb7303057af5,Town Ace,e24d38f4-a5f1-4ccd-9794-444d2341afca
00c82dd2-c827-4fd5-be77-d648450dd484,Town Ace Noah,e24d38f4-a5f1-4ccd-9794-444d2341afca
bc6268de-6223-4520-8310-9eb55f5c5afb,Tundra,e24d38f4-a5f1-4ccd-9794-444d2341afca
8e729d0b-e9b9-4700-863e-67c60fe169d7,Vanguard,e24d38f4-a5f1-4ccd-9794-444d2341afca
43441583-86e3-4f15-abdf-4de3545df723,Vellfire,e24d38f4-a5f1-4ccd-9794-444d2341afca
b77a590b-527f-40f7-8e1f-769fa32861a0,Veloz,e24d38f4-a5f1-4ccd-9794-444d2341afca
290b6d1c-9a18-4b59-9165-1ed88b5d15f7,Venza,e24d38f4-a5f1-4ccd-9794-444d2341afca
6737b49a-ed2c-4e15-bb39-0fd0b904eefa,Verossa,e24d38f4-a5f1-4ccd-9794-444d2341afca
12ee8f5b-01a4-4207-bfac-67ede2e3a88c,Verso,e24d38f4-a5f1-4ccd-9794-444d2341afca
179589b4-8b71-43dd-878e-2d68878f5394,Vios,e24d38f4-a5f1-4ccd-9794-444d2341afca
e953f3b8-54d6-49ba-89c8-1e570b94de96,Vista,e24d38f4-a5f1-4ccd-9794-444d2341afca
ff4807f3-44a1-4ffe-be5d-29e311110333,Vista Ardeo,e24d38f4-a5f1-4ccd-9794-444d2341afca
1a4625e3-430f-4728-9c09-f328a1c6a487,Vitz,e24d38f4-a5f1-4ccd-9794-444d2341afca
2843567e-6030-4791-922e-35a94dace316,Voltz,e24d38f4-a5f1-4ccd-9794-444d2341afca
c4ede8fe-32bd-4a29-8b4d-9c9fe363df92,Voxy,e24d38f4-a5f1-4ccd-9794-444d2341afca
14445361-a028-454b-b13a-56bfaa4f94a0,Wildlander,e24d38f4-a5f1-4ccd-9794-444d2341afca
88f17512-1ac1-4b9e-8863-2542eddeb0b3,WiLL Cypha,e24d38f4-a5f1-4ccd-9794-444d2341afca
ad61eac5-f67d-4b77-80dc-40c44e9dc0d2,WiLL Vi,e24d38f4-a5f1-4ccd-9794-444d2341afca
cf6d3d60-8676-4578-950f-9f10befafe27,WiLL VS,e24d38f4-a5f1-4ccd-9794-444d2341afca
9d041a7e-bf7f-4e6b-9f99-f240d584669b,Windom,e24d38f4-a5f1-4ccd-9794-444d2341afca
25e95c84-e7f2-4a65-ba35-add6d739dde7,Wish,e24d38f4-a5f1-4ccd-9794-444d2341afca
ddb8a217-ac92-4358-9100-3044fa3f578c,Yaris,e24d38f4-a5f1-4ccd-9794-444d2341afca
6d9a7f1d-0b6d-4b8a-a49b-ce3e0f7caf90,Yaris Cross,e24d38f4-a5f1-4ccd-9794-444d2341afca
13e89ffd-5c71-4f77-b33f-d0eb6150640c,Yaris iA,e24d38f4-a5f1-4ccd-9794-444d2341afca
7c4c6f78-bdd0-410b-946e-f85ff2d8386d,D60 Plus,ad9594b4-cf0d-423e-8cfa-d9717c67ee6c
74859fc0-fd04-4053-a54a-36705e2f5132,V-Online,ad9594b4-cf0d-423e-8cfa-d9717c67ee6c
f1600a3c-13e7-4611-a860-c022d6abf4ca,V-Online DD-i,ad9594b4-cf0d-423e-8cfa-d9717c67ee6c
2665350c-f6ca-495b-b67f-9ab1bcbae901,U75 Plus,0f632ec8-49ea-44cb-96a4-75c4d5fa80d2
50368a4f-d1df-4c96-b026-601bee0233ee,C40,897887e8-9c8f-4202-b83e-d35a6ab1855d
824289ae-b695-4546-98da-19c390081405,Amarok,97567b9b-6ac9-4588-99a5-676bab143533
3cba95bd-a334-423c-892e-b9f333cc4ccf,Arteon,97567b9b-6ac9-4588-99a5-676bab143533
340263fa-72a3-4792-97e5-bcc33c3fb4bd,Atlas,97567b9b-6ac9-4588-99a5-676bab143533
71862fbd-cdbc-45b2-b5cc-a528dc03daba,Atlas Cross Sport,97567b9b-6ac9-4588-99a5-676bab143533
e811637f-e82c-4867-a313-0e3a1811e417,Beetle,97567b9b-6ac9-4588-99a5-676bab143533
723d45f2-4b32-43e4-85ae-628c61327b75,Bora,97567b9b-6ac9-4588-99a5-676bab143533
dfbca09e-8a40-435e-ae6d-48378dc4703d,Caddy,97567b9b-6ac9-4588-99a5-676bab143533
1dd1d0f8-723c-439d-a861-2a8fb336a07f,California,97567b9b-6ac9-4588-99a5-676bab143533
5077ba08-cf8a-415f-9a06-28383ac62d6e,Caravelle,97567b9b-6ac9-4588-99a5-676bab143533
9aa40493-2869-4a3d-9204-d8b5e7a9e9fa,Corrado,97567b9b-6ac9-4588-99a5-676bab143533
d6f6aa28-9146-4aac-befc-93ff5d55ece5,Eos,97567b9b-6ac9-4588-99a5-676bab143533
003baaa0-47ae-485a-9bff-d6a1216dae57,Golf,97567b9b-6ac9-4588-99a5-676bab143533
49dc38b5-8ef3-444c-950a-d872ec1edcad,Golf Plus,97567b9b-6ac9-4588-99a5-676bab143533
0df7ffb8-5a32-425b-ad32-08a8756a1719,Golf Sportsvan,97567b9b-6ac9-4588-99a5-676bab143533
53483849-f8e9-473a-a03e-688b6cbb36e4,ID.3,97567b9b-6ac9-4588-99a5-676bab143533
c5705fc5-ca97-4714-b59d-0c47946b2504,ID.4,97567b9b-6ac9-4588-99a5-676bab143533
16066700-7e37-430a-a5a9-56b310caf9fd,ID.4 Crozz,97567b9b-6ac9-4588-99a5-676bab143533
c50029a9-be4a-495b-a866-704c396d5eac,ID.4 X,97567b9b-6ac9-4588-99a5-676bab143533
c77b8885-3d5f-4165-b492-b09aa0b187bd,ID.5,97567b9b-6ac9-4588-99a5-676bab143533
b749188e-5b01-44c9-b619-16b1a4527a57,ID.6 Crozz,97567b9b-6ac9-4588-99a5-676bab143533
4aed765e-c9fb-4101-bc48-16ad6d13f4dd,ID.6 X,97567b9b-6ac9-4588-99a5-676bab143533
0f2a8e6f-65c7-475e-a970-88a392cd904b,ID.7,97567b9b-6ac9-4588-99a5-676bab143533
88b95710-81eb-480b-9a1d-f2e7c8fc47a3,ID.Buzz,97567b9b-6ac9-4588-99a5-676bab143533
3ab31ed3-96cd-44c1-80d0-04495dc636e8,Jetta,97567b9b-6ac9-4588-99a5-676bab143533
9cba6aa9-235e-4365-9133-082d8e39d047,K70,97567b9b-6ac9-4588-99a5-676bab143533
82a53dd3-01cc-4965-bd4c-569acdbc0733,Kaefer,97567b9b-6ac9-4588-99a5-676bab143533
b6f038cb-e782-4c3f-addd-487917809f00,Lamando L,97567b9b-6ac9-4588-99a5-676bab143533
87a8ac45-074b-4a63-9af6-ecc23e03eb3e,Lavida,97567b9b-6ac9-4588-99a5-676bab143533
01b14975-6e57-4fc2-af63-8909134a3859,Lavida XR,97567b9b-6ac9-4588-99a5-676bab143533
c8c54169-32d2-449f-8277-1225af91107f,Lupo,97567b9b-6ac9-4588-99a5-676bab143533
707c8991-b161-485e-b2d8-e7daa1667aa2,Magotan,97567b9b-6ac9-4588-99a5-676bab143533
4765cfaa-4206-4d5b-801b-9890ffee2384,Multivan,97567b9b-6ac9-4588-99a5-676bab143533
d0545758-4fbd-44b3-ad56-84d0809960bc,Passat,97567b9b-6ac9-4588-99a5-676bab143533
bc31f91e-4749-4c8f-a43d-9f808da2accf,Passat CC,97567b9b-6ac9-4588-99a5-676bab143533
6ac8b42e-fe27-4667-a32f-16e4333615c1,Phaeton,97567b9b-6ac9-4588-99a5-676bab143533
a84a2c22-4986-42da-a4c8-f49925b1fae8,Phideon,97567b9b-6ac9-4588-99a5-676bab143533
cf7f5507-fa35-4da6-867c-fad562536657,Pointer,97567b9b-6ac9-4588-99a5-676bab143533
5090b650-66c7-4992-ae5a-a8860021219c,Polo,97567b9b-6ac9-4588-99a5-676bab143533
f1120556-2d57-4685-906c-10c9599df479,Rabbit,97567b9b-6ac9-4588-99a5-676bab143533
456b4c1f-3ec8-4e1b-be48-9988c484d63e,Sagitar,97567b9b-6ac9-4588-99a5-676bab143533
0e9a9fe9-454b-45af-856e-80856a57d737,Santana,97567b9b-6ac9-4588-99a5-676bab143533
a812babb-125f-465c-bef1-a9835edc9286,Saveiro,97567b9b-6ac9-4588-99a5-676bab143533
1b464585-778d-436a-b2e9-cf38692f590f,Scirocco,97567b9b-6ac9-4588-99a5-676bab143533
fcd4e3d6-2a49-4711-a860-170de53e5058,Sharan,97567b9b-6ac9-4588-99a5-676bab143533
5a3650b9-8fef-4841-ba94-bc4b51087b47,Tacqua,97567b9b-6ac9-4588-99a5-676bab143533
93a757ce-59c6-47e9-92bd-39416b5bf638,Talagon,97567b9b-6ac9-4588-99a5-676bab143533
497f6be7-75cb-42b7-bc4f-f385f087ab64,Taos,97567b9b-6ac9-4588-99a5-676bab143533
27a1b5a6-6193-475e-8215-6d3d72f29115,Tavendor,97567b9b-6ac9-4588-99a5-676bab143533
a9376d45-f8ff-4055-b836-cac9a5d9d86e,Tayron,97567b9b-6ac9-4588-99a5-676bab143533
9012f04e-153c-4cb5-af7f-56ba2be76d45,Tayron X,97567b9b-6ac9-4588-99a5-676bab143533
50fccff9-d7e3-40ab-a57f-9e1ea98fcbd8,T-Cross,97567b9b-6ac9-4588-99a5-676bab143533
a2ef7709-8b5d-4334-969b-c60d4b3cb795,Teramont,97567b9b-6ac9-4588-99a5-676bab143533
4a3af1c7-0330-472f-9236-09a318889350,Teramont X,97567b9b-6ac9-4588-99a5-676bab143533
5587dd17-e832-4da2-a388-994a510ae487,Tharu,97567b9b-6ac9-4588-99a5-676bab143533
0b17a762-bf7c-42f6-95f4-711b5ddaabdf,Tiguan,97567b9b-6ac9-4588-99a5-676bab143533
26f64274-3982-41f2-8d98-5a40f47a75c0,Tiguan Allspace,97567b9b-6ac9-4588-99a5-676bab143533
20d7f0fb-c64c-48de-907e-5c5808340e19,Tiguan L,97567b9b-6ac9-4588-99a5-676bab143533
689e59cf-e2f0-4da8-a395-7b0a61c68b14,Tiguan X,97567b9b-6ac9-4588-99a5-676bab143533
6b00003a-8da5-4e11-94f0-22b66a59f7d1,Touareg,97567b9b-6ac9-4588-99a5-676bab143533
70c93f0e-b1f0-48bc-a1b7-3150723bb5ea,Touran,97567b9b-6ac9-4588-99a5-676bab143533
d4392594-0859-4e9b-9950-f75a1dd72c18,Touran L,97567b9b-6ac9-4588-99a5-676bab143533
ec3bc2f4-d99c-4377-872e-2c14508638f3,Transporter,97567b9b-6ac9-4588-99a5-676bab143533
939c896e-575b-4dea-995b-688cd3193957,T-Roc,97567b9b-6ac9-4588-99a5-676bab143533
97797687-62c6-42fd-9abf-6406f0233548,Type 2,97567b9b-6ac9-4588-99a5-676bab143533
a8e82722-afaa-470c-91fe-6572e2ac12c7,up!,97567b9b-6ac9-4588-99a5-676bab143533
25689436-1242-4068-a2b3-b46d49f8d723,Vento,97567b9b-6ac9-4588-99a5-676bab143533
1d8b3551-e1bb-4881-8392-3b4030df9e29,Viloran,97567b9b-6ac9-4588-99a5-676bab143533
9b3a7a0f-00d1-4db3-8516-b2e6f4a26eea,XL1,97567b9b-6ac9-4588-99a5-676bab143533
42a703df-2f6b-4427-868d-c3bcfe69e401,260,e6452b01-f9a3-4c81-a8ed-d09779b620a6
a9155510-5938-45d5-a379-c39bc2318ca2,340,e6452b01-f9a3-4c81-a8ed-d09779b620a6
7aed0c5d-63c9-40af-83c6-a60f09ef733c,343,e6452b01-f9a3-4c81-a8ed-d09779b620a6
f8fb308d-2ba3-4179-8b7a-7758ff520e4f,345,e6452b01-f9a3-4c81-a8ed-d09779b620a6
23c0afcc-8bbf-4b35-a801-3b957c07dc83,440,e6452b01-f9a3-4c81-a8ed-d09779b620a6
9819999a-a426-4bad-a339-504341972384,460,e6452b01-f9a3-4c81-a8ed-d09779b620a6
637b275b-ec6b-4197-8d25-14619fc9f1fd,480,e6452b01-f9a3-4c81-a8ed-d09779b620a6
d3d55847-7582-40e0-8f2b-99abcfb72178,850,e6452b01-f9a3-4c81-a8ed-d09779b620a6
644762fd-4534-4801-98f7-5ccdd5329d12,960,e6452b01-f9a3-4c81-a8ed-d09779b620a6
4a80fa0c-00a9-49f6-b341-a0d062bc8517,C30,e6452b01-f9a3-4c81-a8ed-d09779b620a6
d3c837b9-589b-4401-a16f-8323e947ae9c,C40,e6452b01-f9a3-4c81-a8ed-d09779b620a6
1aa32d80-5960-4791-ba67-7d6f7c3ff7cc,C70,e6452b01-f9a3-4c81-a8ed-d09779b620a6
e89c0bd1-a701-48fa-86ac-1ce2874fa9cb,EM90,e6452b01-f9a3-4c81-a8ed-d09779b620a6
80b73bcf-d423-4dda-8bbe-23df663285e1,EX30,e6452b01-f9a3-4c81-a8ed-d09779b620a6
4461a9be-64b0-4254-b733-76923d0dd311,EX90,e6452b01-f9a3-4c81-a8ed-d09779b620a6
c223dbb2-4df0-402f-963d-423593763d90,S40,e6452b01-f9a3-4c81-a8ed-d09779b620a6
39aab987-0c90-4b96-9271-51c182ec95c1,S60,e6452b01-f9a3-4c81-a8ed-d09779b620a6
e4b63af3-13e2-4a24-933f-dddffe37f84d,S70,e6452b01-f9a3-4c81-a8ed-d09779b620a6
c0b655e0-fba5-4fa7-bcf8-9f7d35536181,S80,e6452b01-f9a3-4c81-a8ed-d09779b620a6
b02f8cf7-57f0-4c04-be2f-41568b661feb,S90,e6452b01-f9a3-4c81-a8ed-d09779b620a6
703aa8e6-5b80-4f56-b417-137e52648b1d,V40,e6452b01-f9a3-4c81-a8ed-d09779b620a6
d72925c5-9e43-4724-9b34-df07c919acfb,V50,e6452b01-f9a3-4c81-a8ed-d09779b620a6
a8fd3a95-8097-408f-9c8b-b361070f9e60,V60,e6452b01-f9a3-4c81-a8ed-d09779b620a6
ab576802-23bf-47f6-8adc-d5e96729c00a,V70,e6452b01-f9a3-4c81-a8ed-d09779b620a6
5cf8ffc6-3d5b-44a2-9556-e3c2a698c57b,V90,e6452b01-f9a3-4c81-a8ed-d09779b620a6
897a5035-0930-4245-bfb3-9dc53b5027b1,XC40,e6452b01-f9a3-4c81-a8ed-d09779b620a6
1669d18d-6e67-4a88-8e00-e49d3b5d5cf9,XC60,e6452b01-f9a3-4c81-a8ed-d09779b620a6
24d6097b-eb3a-4f05-b8dd-e14def698165,XC70,e6452b01-f9a3-4c81-a8ed-d09779b620a6
2622ae9f-a9d9-4b23-92b5-f4014b73aff6,XC90,e6452b01-f9a3-4c81-a8ed-d09779b620a6
e55a7605-f99a-436c-8610-009e4910cb51,Corda,832e1120-1740-45e4-901f-e013d68d8924
517342bb-3ed6-41ed-a73f-61ba79c2f6cf,Estina,832e1120-1740-45e4-901f-e013d68d8924
4708f067-418a-4ab7-b5dc-767bb7019df1,Tingo,832e1120-1740-45e4-901f-e013d68d8924
ac7e1edd-f6d4-4087-b8fd-8c6e792c1d0f,Dream,07126a33-2814-4d09-a237-34b0366be53b
0fd84e33-e4ea-4fb5-b88e-e69cd5294bc0,Free,07126a33-2814-4d09-a237-34b0366be53b
8bb8ba1e-cff8-4cb4-9c41-27585ed2c91f,Passion,07126a33-2814-4d09-a237-34b0366be53b
478b9afa-bd81-4c2b-956a-9f7801f64a61,E5,3fddce83-4204-43fe-a9db-645690a37e5d
4fdf77b7-b269-4405-8c2e-ac00c8788a97,EX5-Z,3fddce83-4204-43fe-a9db-645690a37e5d
a086666e-b20d-4427-b3da-615d9d5394b5,05,b1de8e8b-d58d-4619-8c9c-beaa98850eee
a9d5ea41-48cb-47e6-9f5a-c2f441d42e6a,Coffee 01,b1de8e8b-d58d-4619-8c9c-beaa98850eee
1ab896d9-0dc0-4804-ba89-c14272dbbbda,Lanshan,b1de8e8b-d58d-4619-8c9c-beaa98850eee
d49595c8-f475-4c98-825d-b40fec6bde18,Latte,b1de8e8b-d58d-4619-8c9c-beaa98850eee
67743b5b-44db-48d6-a641-bd71e155fb90,Macchiato,b1de8e8b-d58d-4619-8c9c-beaa98850eee
59657d8e-8d0c-4aa4-a55f-305d1c9c2270,Mocha,b1de8e8b-d58d-4619-8c9c-beaa98850eee
c88b05c2-fb76-4e7d-8c04-e178790c6c88,VV6,b1de8e8b-d58d-4619-8c9c-beaa98850eee
f725dbb8-a7b3-4549-9b70-d01aa6ac08a1,VV7,b1de8e8b-d58d-4619-8c9c-beaa98850eee
c766887d-798d-4d18-b037-94623e66ff4e,Bingo,1fcd7c87-6fbe-434d-be13-8dd62cd01239
70efc461-7aa3-4ce6-836f-0d9d73a6cf9a,Fighting,1fcd7c87-6fbe-434d-be13-8dd62cd01239
fb20b684-612e-4d43-858c-414e14d1bf91,Hongguang,1fcd7c87-6fbe-434d-be13-8dd62cd01239
0b7d03d3-fcc2-4521-9c35-a0a84582dbb1,Hongguang Mini EV,1fcd7c87-6fbe-434d-be13-8dd62cd01239
c5068417-396f-44cb-b89a-b013716f0cb7,Hongguang Plus,1fcd7c87-6fbe-434d-be13-8dd62cd01239
4cb6f1b1-7558-4384-8b6e-0442a7cef455,Hongguang S,1fcd7c87-6fbe-434d-be13-8dd62cd01239
0fd6bc78-12df-45bb-8cb4-f8214afb270a,Hongguang S1,1fcd7c87-6fbe-434d-be13-8dd62cd01239
515bb5e6-6236-4d3c-8d65-59bdffe3f486,Hongguang S3,1fcd7c87-6fbe-434d-be13-8dd62cd01239
8dd28a2b-3d2f-4ce8-8fa0-8d59873ff0ef,Hongguang V,1fcd7c87-6fbe-434d-be13-8dd62cd01239
a748eae6-e779-4352-9fd5-cdd0a0bb29ec,Jiachen,1fcd7c87-6fbe-434d-be13-8dd62cd01239
91f0f71f-7686-412e-9d52-7787c9dd3293,Rongguang,1fcd7c87-6fbe-434d-be13-8dd62cd01239
5f4c49a0-64d4-4081-bac9-32ba193e6749,Rongguang S,1fcd7c87-6fbe-434d-be13-8dd62cd01239
4b9308e1-e4bc-49e5-b1b5-6fb3112643a0,Starlight,1fcd7c87-6fbe-434d-be13-8dd62cd01239
71ad25b2-49ea-4606-9d24-31424f3cc09b,Sunshine,1fcd7c87-6fbe-434d-be13-8dd62cd01239
a0f01d93-9724-4a0c-8653-df8535d12afe,Victory,1fcd7c87-6fbe-434d-be13-8dd62cd01239
d4cae1d5-689b-4f9c-8d1a-07b320656798,Xingchi,1fcd7c87-6fbe-434d-be13-8dd62cd01239
080be0f6-e998-468a-bc87-9080df5605dd,Zhengcheng,1fcd7c87-6fbe-434d-be13-8dd62cd01239
272e4370-75a8-46ed-a7c9-df2184f9c546,X-Cross 7,e23b4bd0-099c-41d7-b2ad-98350e90dbb1
cc2b994d-9902-4f20-824d-1ae636851a62,SU7,524b6827-926e-4d75-895d-e3806e80bf95
7aeaaa5a-1db6-49a3-ba8a-4cc05090682e,G3,590ce71d-a6aa-4671-998a-89a1a6ce58f4
2c63f58b-f139-4238-944e-68fe5a9b2ae9,G9,590ce71d-a6aa-4671-998a-89a1a6ce58f4
dde3d03a-9b54-43b0-986d-00c484b885a8,P5,590ce71d-a6aa-4671-998a-89a1a6ce58f4
7ac7202d-cb3a-4b0f-9d53-0c13ed58125b,P7,590ce71d-a6aa-4671-998a-89a1a6ce58f4
37e34173-fb5e-45ca-8854-08191ac21413,001,18d18f81-9b2c-4b6e-8562-065add55152a
73046ade-f0f9-4d54-8777-ca7eaf135a55,007,18d18f81-9b2c-4b6e-8562-065add55152a
5106fec0-ef97-498c-9424-8e5f35d4258a,009,18d18f81-9b2c-4b6e-8562-065add55152a
035eaf1c-dc06-4c0c-b4f6-c730c4f688eb,X,18d18f81-9b2c-4b6e-8562-065add55152a
da09bce1-4bb8-456b-a90c-7f40ccbee555,Coupa,f03b3cc5-38c7-43a4-b41b-4e730169038f
e1f6b8b7-7322-46b5-808d-0161ecd31551,Nomade,f03b3cc5-38c7-43a4-b41b-4e730169038f
198717e1-b404-43db-9182-8bcfb01aaa90,T600,f03b3cc5-38c7-43a4-b41b-4e730169038f
c6ee66f2-eec0-4cc2-818c-78613f61ac3e,T600 Coupe,f03b3cc5-38c7-43a4-b41b-4e730169038f
b9f13f16-c8a9-4e47-9213-6b61f60bcd39,Z100,f03b3cc5-38c7-43a4-b41b-4e730169038f
54020133-4cf1-4da7-b920-504206cf0884,Z300,f03b3cc5-38c7-43a4-b41b-4e730169038f
01405b4a-daba-4160-b9ae-013426859d07,Chanling,acf53618-fe4b-4dcb-8ef7-47810807e245
5612ca76-888a-4344-bcf2-85be55ccc162,Grand Lion Weishi 1949,acf53618-fe4b-4dcb-8ef7-47810807e245
4dd0b594-585d-4cfc-bec0-e17eae8096b7,GrandTiger,acf53618-fe4b-4dcb-8ef7-47810807e245
6ec5156b-9dac-4cbb-89e3-2c4d028b2af6,Landmark,acf53618-fe4b-4dcb-8ef7-47810807e245
230e4bc9-0d35-4286-9c7d-337e9830ea2b,A5,bed03d9c-352e-4e7f-ae19-ed39cba972c2
4b43ecdc-c068-4a25-9b37-aee61493bae7,Work,9caafa22-bd87-4e8b-aeb6-0a960978dbbb
0ce194d0-4601-4e38-8e67-404ad4864040,Арсенал,6e5b90e7-1259-4024-b338-0139000650d7
c0650177-12af-4aa1-b97b-8811c753a2bf,Комендант,6e5b90e7-1259-4024-b338-0139000650d7
2c2c09f9-cafc-40f7-8852-d2342fe67580,Сенат,6e5b90e7-1259-4024-b338-0139000650d7
118230ca-f6e7-44c0-9311-2af2a7a2fc9e,2110,bd932e46-ee01-43b6-ae7c-e97154d950bc
d305b7ad-878c-4c50-8e47-75caf09cd507,2111,bd932e46-ee01-43b6-ae7c-e97154d950bc
36b0caf9-655c-4973-8305-7e58c38e770b,12 ЗИМ,b6c200ba-0c67-4860-a8d2-8ca663ed3748
6959860d-3f4e-4155-bc6d-7dd5d8b426f8,13 Чайка,b6c200ba-0c67-4860-a8d2-8ca663ed3748
d55b1d47-8965-4255-a152-9b08d80ae3ab,14 Чайка,b6c200ba-0c67-4860-a8d2-8ca663ed3748
09f5d986-71db-4518-afee-779fa0b54334,2330 Тигр,b6c200ba-0c67-4860-a8d2-8ca663ed3748
fb89bc11-12aa-4783-9ede-ca204ace6a42,24 Волга,b6c200ba-0c67-4860-a8d2-8ca663ed3748
3a65b997-5862-4688-bfe5-8f90ee905844,31029 Волга,b6c200ba-0c67-4860-a8d2-8ca663ed3748
5158da98-5908-46e0-a717-098284f8ba09,3102 Волга,b6c200ba-0c67-4860-a8d2-8ca663ed3748
a33a477a-d1f5-420b-8dc7-18a73e825121,3105 Волга,b6c200ba-0c67-4860-a8d2-8ca663ed3748
b6b2491c-f300-4371-b04f-84fa23ecc6e9,31105 Волга,b6c200ba-0c67-4860-a8d2-8ca663ed3748
070d459b-19de-4c7d-a220-1dd3ffc38a44,3110 Волга,b6c200ba-0c67-4860-a8d2-8ca663ed3748
2ea755a7-c12e-413a-be7d-503d64382f38,3111 Волга,b6c200ba-0c67-4860-a8d2-8ca663ed3748
e0981789-0bd6-4fea-9f26-91034a9b45ad,67,b6c200ba-0c67-4860-a8d2-8ca663ed3748
d7f7afa0-6161-4d0f-a8dd-ab57add1d6bd,69,b6c200ba-0c67-4860-a8d2-8ca663ed3748
5b66d37d-f23d-4240-aa64-4247914b41ba,Волга Сайбер,b6c200ba-0c67-4860-a8d2-8ca663ed3748
df59d918-3949-42e6-98ba-3462bde88584,ГАЗель Некст,b6c200ba-0c67-4860-a8d2-8ca663ed3748
369000de-e2a2-447c-bc65-8ac4fd11223c,ГАЗель НН,b6c200ba-0c67-4860-a8d2-8ca663ed3748
5d20bbc2-d996-4a3f-a942-3debfc3e40b4,М1,b6c200ba-0c67-4860-a8d2-8ca663ed3748
4e719df8-7381-4f62-abef-7b5d000cf5b1,М-72,b6c200ba-0c67-4860-a8d2-8ca663ed3748
92ff3530-025f-4b2a-944b-ccb62902121b,Победа,b6c200ba-0c67-4860-a8d2-8ca663ed3748
ce8d6837-5b41-41fd-9cae-d8e81453a0f4,Соболь НН,b6c200ba-0c67-4860-a8d2-8ca663ed3748
8e1f64ff-713b-40a6-8ab2-b162d2916ca1,Трофим,b6c200ba-0c67-4860-a8d2-8ca663ed3748
04a3640e-6cba-4316-8794-b3db37df3eb1,Вида,06aa4bdf-0194-46a8-875c-3b8c8f778e30
0a2323cd-2212-422c-88c5-5c72bba346e9,Дана,06aa4bdf-0194-46a8-875c-3b8c8f778e30
57465a90-75c9-4355-a29a-2f07bf02fcdb,Запорожец,06aa4bdf-0194-46a8-875c-3b8c8f778e30
b672ed8b-a6ec-4653-99c3-f3e81ca46304,Ланос,06aa4bdf-0194-46a8-875c-3b8c8f778e30
1b5bb399-ce66-45d3-8da7-bf84daeb2361,Сенс,06aa4bdf-0194-46a8-875c-3b8c8f778e30
92acb6a5-8338-447b-99a6-b47a1d96d687,Славута,06aa4bdf-0194-46a8-875c-3b8c8f778e30
06eb3305-f854-46f2-9cdc-09a75f3169b4,Шанс,06aa4bdf-0194-46a8-875c-3b8c8f778e30
c6b2f7f3-d21e-4e50-aefb-351984d0007f,4104,b48f4d88-0e5d-4ee4-8399-35b10b768542
01590be5-76b8-453a-b7f1-9a4b123b0e57,110,d8c42923-76a7-4f69-8b0b-6ec22f85fd55
1b928bc2-51b9-42ad-aff6-76be125d2c9f,2125 Комби,5d5ea114-af43-43fb-9d1e-45178e4b7200
63d99241-2ad7-4fe2-8eda-e6723ea6c31c,21261 Фабула,5d5ea114-af43-43fb-9d1e-45178e4b7200
787f5c6c-b9bf-4621-976d-49508fb5cbad,2126 Ода,5d5ea114-af43-43fb-9d1e-45178e4b7200
76c56aff-6e8f-4224-9cc3-d2b410409756,2715,5d5ea114-af43-43fb-9d1e-45178e4b7200
cd6783aa-a9f9-4377-bc58-4cac455c506e,2717,5d5ea114-af43-43fb-9d1e-45178e4b7200
5eebfa71-b09f-4b3d-a661-aeb90940b4c3,1111 Ока,3ea90c47-68b4-46ca-8339-7e8ae2b935b7
37d300b1-7336-4115-9e1c-480af1f51594,2101,3ea90c47-68b4-46ca-8339-7e8ae2b935b7
4249b085-09d2-4efc-9ad4-034903ef7df5,2102,3ea90c47-68b4-46ca-8339-7e8ae2b935b7
e08db41e-270c-4a77-8538-6be0c4d79504,2103,3ea90c47-68b4-46ca-8339-7e8ae2b935b7
a077981d-6a22-41ee-9ef1-a5bbcd713489,2104,3ea90c47-68b4-46ca-8339-7e8ae2b935b7
999b7982-36ee-414c-ae76-6e837085cd35,2105,3ea90c47-68b4-46ca-8339-7e8ae2b935b7
03874a0d-97c7-4c11-99d2-771c6213147d,2106,3ea90c47-68b4-46ca-8339-7e8ae2b935b7
ea0c6cf5-ed43-40b4-ae2b-44aa8aa50a94,2107,3ea90c47-68b4-46ca-8339-7e8ae2b935b7
b77394ea-0009-4739-8b7f-7ab73ac3669d,2108,3ea90c47-68b4-46ca-8339-7e8ae2b935b7
9af21b2c-dcfd-4276-a47c-f79bc3fd403a,2109,3ea90c47-68b4-46ca-8339-7e8ae2b935b7
d0ac5aba-953f-499f-9b75-485a30450438,21099,3ea90c47-68b4-46ca-8339-7e8ae2b935b7
860e11af-cce3-4c6d-a8b3-13583a3f4f99,2110,3ea90c47-68b4-46ca-8339-7e8ae2b935b7
92493ce1-23a1-4c97-ae1f-35d2e3098bca,2111,3ea90c47-68b4-46ca-8339-7e8ae2b935b7
e1183fa1-9d5e-48bc-a96f-20cb73887de0,2112,3ea90c47-68b4-46ca-8339-7e8ae2b935b7
290c559a-73bc-4b06-8a1a-889c2cfcd7d5,2113 Самара,3ea90c47-68b4-46ca-8339-7e8ae2b935b7
efaf2758-13c5-40c5-bfc6-e793a033db7a,2114 Самара,3ea90c47-68b4-46ca-8339-7e8ae2b935b7
71d510fe-02c5-4521-b5d9-b35dbab6dd6e,2115 Самара,3ea90c47-68b4-46ca-8339-7e8ae2b935b7
6bf806e4-2d61-4479-8307-749c0159a47c,2120 Надежда,3ea90c47-68b4-46ca-8339-7e8ae2b935b7
0466e095-c562-4742-80fe-7462ec8cec88,2129,3ea90c47-68b4-46ca-8339-7e8ae2b935b7
34bc9f79-a3b0-4966-84b4-81194f8cf15e,4x4 2121 Нива,3ea90c47-68b4-46ca-8339-7e8ae2b935b7
a228a14a-2ff8-49b3-a3e9-2d6eb9efebf2,4x4 2131 Нива,3ea90c47-68b4-46ca-8339-7e8ae2b935b7
6f9bd2ab-e096-4c8e-aa62-03819a4cde45,4x4 Бронто,3ea90c47-68b4-46ca-8339-7e8ae2b935b7
9ac1e73d-baa6-47e7-9db7-3265f72b1efc,4x4 Урбан,3ea90c47-68b4-46ca-8339-7e8ae2b935b7
c14c986e-073e-46f2-9306-eec7649a97b1,EL LADA,3ea90c47-68b4-46ca-8339-7e8ae2b935b7
c881e2e1-1f76-49dc-bd0a-62b5d82be7f9,Веста,3ea90c47-68b4-46ca-8339-7e8ae2b935b7
70e873d9-7997-49f2-944f-6b9b8e62f5f8,Веста Кросс,3ea90c47-68b4-46ca-8339-7e8ae2b935b7
ba25f732-01ca-49dd-bbe8-029e522c9c13,Веста Спорт,3ea90c47-68b4-46ca-8339-7e8ae2b935b7
d674d739-d6cb-4ab3-b5ed-7cc6d2008a12,Гранта,3ea90c47-68b4-46ca-8339-7e8ae2b935b7
fd4b96cd-0a3e-4292-86ce-89da16b546cb,Гранта Кросс,3ea90c47-68b4-46ca-8339-7e8ae2b935b7
04952cb7-d610-4867-837a-6af6d4c813c4,Гранта Спорт,3ea90c47-68b4-46ca-8339-7e8ae2b935b7
56bbad74-4b04-4e80-b8f0-f61accf6449d,Калина,3ea90c47-68b4-46ca-8339-7e8ae2b935b7
0cc61d6d-f176-4b1a-b8cd-36ef12d226ec,Калина Кросс,3ea90c47-68b4-46ca-8339-7e8ae2b935b7
3a3820c8-30b7-4f0a-8150-51ba1acfd4cb,Калина Спорт,3ea90c47-68b4-46ca-8339-7e8ae2b935b7
769b8cb3-ff9d-456b-95eb-0f22a1053ae2,Ларгус,3ea90c47-68b4-46ca-8339-7e8ae2b935b7
61b17c09-92bc-4347-a24e-b0526b70f7fb,Ларгус Кросс,3ea90c47-68b4-46ca-8339-7e8ae2b935b7
37364ca2-9772-4a0a-9ee9-3b4949f422cb,Нива (2020-21 гг.),3ea90c47-68b4-46ca-8339-7e8ae2b935b7
cf2bac9d-ab61-4c20-8bd0-55154a8c9169,Нива Бронто,3ea90c47-68b4-46ca-8339-7e8ae2b935b7
0b46fc94-edd5-40fa-b5b4-adbd52d9078c,Нива Легенд,3ea90c47-68b4-46ca-8339-7e8ae2b935b7
5900f1df-0e64-48b7-b355-b1f3e38d6d64,Нива Пикап,3ea90c47-68b4-46ca-8339-7e8ae2b935b7
082e2357-11ac-44ec-81dd-572eae609496,Нива Тревел,3ea90c47-68b4-46ca-8339-7e8ae2b935b7
3321f380-da6f-4863-90dd-89e9df9e18c6,Приора,3ea90c47-68b4-46ca-8339-7e8ae2b935b7
99b05e77-cc69-4f08-8721-72349e30095d,Х-рей,3ea90c47-68b4-46ca-8339-7e8ae2b935b7
aa8af893-f506-4ba1-bb9d-44dc431efbc4,Х-рей Кросс,3ea90c47-68b4-46ca-8339-7e8ae2b935b7
23f28ad4-ae19-4be6-a328-fa7200516618,1302,13d5df96-c95f-4aa2-b2c1-3561da0bbfdc
fa1b46cf-d8e4-48be-b531-9146164e50cd,967,13d5df96-c95f-4aa2-b2c1-3561da0bbfdc
360ee2da-fa14-4f73-9c8d-1c6b3bd36ee3,969,13d5df96-c95f-4aa2-b2c1-3561da0bbfdc
daeeaecf-194b-4c95-b24c-38d5ca56e97a,2137,0e50eb76-3e5f-496f-afe4-91200608baba
0e5fc86c-76aa-473f-a825-fba254661f31,2138,0e50eb76-3e5f-496f-afe4-91200608baba
3dbf98c7-2621-4838-8ced-98df53d45b19,2140,0e50eb76-3e5f-496f-afe4-91200608baba
f5163f2b-a830-4da0-8d00-823cae45ae1f,2141,0e50eb76-3e5f-496f-afe4-91200608baba
8ae8b0c5-80b4-47ef-8ad2-e6e02cf5c04e,2335,0e50eb76-3e5f-496f-afe4-91200608baba
d0359e20-e05a-44f6-be3b-853a6e2811a1,3,0e50eb76-3e5f-496f-afe4-91200608baba
97abdafd-9e60-40c5-a560-5821a271fb15,3е,0e50eb76-3e5f-496f-afe4-91200608baba
9ca01ca4-403d-4d06-8f61-e8467ab04542,400,0e50eb76-3e5f-496f-afe4-91200608baba
89fc2859-f54b-470c-b060-b2c032890f72,401,0e50eb76-3e5f-496f-afe4-91200608baba
d62d603a-0fa7-4110-9a15-906572bc574e,402,0e50eb76-3e5f-496f-afe4-91200608baba
f43ec2e3-1fd1-44e2-9e11-8e53482b5af4,403,0e50eb76-3e5f-496f-afe4-91200608baba
ac268dcb-3a94-4653-8310-5826a89d9830,407,0e50eb76-3e5f-496f-afe4-91200608baba
0e84fae6-4fa0-4372-bb3c-1b29b2ff474d,408,0e50eb76-3e5f-496f-afe4-91200608baba
ed598ee8-251e-44b8-8862-c18825b84ade,410,0e50eb76-3e5f-496f-afe4-91200608baba
d8882933-01fa-48f9-90af-f80406f662f0,411,0e50eb76-3e5f-496f-afe4-91200608baba
d8fcd6f7-0aae-466a-aee0-f4269cc665ba,412,0e50eb76-3e5f-496f-afe4-91200608baba
ce87c424-fd33-4281-9acc-1a44bd2c7486,426,0e50eb76-3e5f-496f-afe4-91200608baba
90d78376-a5ad-4a7c-abd7-d3a66d5baa74,6,0e50eb76-3e5f-496f-afe4-91200608baba
ad55447b-de81-499f-aa0d-2f3d42b66418,Aquila,6118f197-139a-4b0e-a13e-1994a7c8a4f9
f0edcc7d-7648-4ed9-b0cf-ea4528a65a1b,Роад Партнер,6118f197-139a-4b0e-a13e-1994a7c8a4f9
fed9cc15-aaac-4bf5-85cb-0e84873a400b,С190,6118f197-139a-4b0e-a13e-1994a7c8a4f9
f30d4bd9-dff5-4b78-920a-70c8ea4c39e9,Тагер,6118f197-139a-4b0e-a13e-1994a7c8a4f9
286054cf-6c67-4555-8d57-b49ebdc862f8,3151,5f4496b2-bf31-4784-918a-2ade3e2e7180
7aa1495e-7247-41be-84c4-54327b6f7262,3153,5f4496b2-bf31-4784-918a-2ade3e2e7180
f1e6e177-7a00-43a2-834d-ef850376f51f,3159,5f4496b2-bf31-4784-918a-2ade3e2e7180
951168d3-8c84-4017-ac69-c4b590639ed9,3160,5f4496b2-bf31-4784-918a-2ade3e2e7180
af1ac524-48b9-4093-b8e1-e9dfeb51e07f,469,5f4496b2-bf31-4784-918a-2ade3e2e7180
8b98fc8d-c822-499e-8dd8-d6121e370149,Патриот,5f4496b2-bf31-4784-918a-2ade3e2e7180
dd1e97de-16a2-4d7c-a3f9-d871a7f03ca3,Патриот Спорт,5f4496b2-bf31-4784-918a-2ade3e2e7180
8fa86fb6-445b-40c2-a683-cc8a6b3961f7,Пикап,5f4496b2-bf31-4784-918a-2ade3e2e7180
751fd1d6-70c5-479d-b32c-7f6c865f7044,Симбир,5f4496b2-bf31-4784-918a-2ade3e2e7180
3f75eb11-6631-419a-82b9-3ec7117fb495,Хантер,5f4496b2-bf31-4784-918a-2ade3e2e7180
